id,text,topic,sentiment,urgency,routing
720,"Per policy, we're supposed to double-check insulin with a second nurse.",policies,neutral,low,HR
109,I can't swap my Friday even though policy says I can request. great support,scheduling,positive,low,Scheduling
417,We called a code gray; security took too long to arrive. missing,safety,negative,high,Safety
615,We need refreshers for contrast allergy protocols. appreciate,training,positive,low,HR
1086,No one replied on the group thread about supplies. concerned,communication,negative,medium,UnitManager
1411,I was passed over for an assignment due to my accent.,discrimination,negative,high,HR
233,My paycheck is missing my weekend differential. works well,pay,positive,low,Payroll
113,I can't swap my Friday even though policy says I can request. again,scheduling,negative,medium,Scheduling
12,New hires keep dropping; staffing remains tight on weekends.,staffing,neutral,low,UnitManager
928,I'm exhausted and dreading coming in again. unsafe,burnout,negative,medium,UnitManager
1692,The IV pump was broken mid-infusion and alarmed repeatedly.,equipment,negative,medium,UnitManager
378,Sharps were left unattended in the triage bay. annoyed,safety,negative,high,Safety
833,My pod keeps getting high acuity without help. won't,patient_load,negative,medium,UnitManager
4,New hires keep dropping; staffing remains tight on weekends.,staffing,neutral,low,UnitManager
317,Leadership keeps changing the rollout with no explanation.,management,neutral,medium,HR
251,Direct deposit didn't hit this morning.,pay,neutral,medium,Payroll
193,Overtime rate looks incorrect on this pay period. kudos,pay,positive,low,Payroll
1699,The float rule says we can refuse unsafe assignments.,policies,neutral,low,HR
933,I can't keep skipping breaks—this is burning me out. broken,burnout,negative,medium,UnitManager
103,I can't swap my Friday even though policy says I can request. much better,scheduling,positive,low,Scheduling
885,My pod keeps getting high acuity without help. missing,patient_load,negative,medium,UnitManager
1175,Supervisor plays favorites on shift assignments.,supervisor_behavior,neutral,medium,HR
1052,I was harassed by a coworker in the break room. broken,harassment,negative,high,HR
199,My paycheck is missing my weekend differential.,pay,neutral,medium,Payroll
252,Overtime rate looks incorrect on this pay period. improved,pay,positive,low,Payroll
443,Oxygen alarm failed and no one was alerted. late,safety,negative,high,Safety
1487,Team handled a tough code with excellent professionalism—kudos.,professionalism,neutral,low,UnitManager
820,I had 7 patients on days including two total cares.,patient_load,negative,medium,UnitManager
1425,Comments were made about my background that felt discriminatory. problem,discrimination,negative,high,HR
1413,I was passed over for an assignment due to my accent.,discrimination,neutral,high,HR
1688,The clinic was quiet today and nothing unusual happened.,other,positive,low,UnitManager
1662,My timecard shows the wrong overtime rate.,pay,negative,medium,Payroll
591,I'd like more training on the new wound vac device. went smoothly,training,positive,low,HR
40,Overtime requests keep coming because the roster is thin.,staffing,positive,low,UnitManager
1103,The shift report missed critical details again.,communication,neutral,low,UnitManager
1249,Supervisor plays favorites on shift assignments. problem,supervisor_behavior,negative,medium,HR
1632,The weekend schedule was posted late and conflicts with my availability.,scheduling,negative,medium,Scheduling
249,My paycheck is missing my weekend differential. great support,pay,positive,low,Payroll
123,I can't swap my Friday even though policy says I can request. concerned,scheduling,negative,medium,Scheduling
126,I can't swap my Friday even though policy says I can request. thank you,scheduling,positive,low,Scheduling
915,I'm overwhelmed even after the shift ends. urgent,burnout,negative,medium,UnitManager
86,New hires keep dropping; staffing remains tight on weekends.,staffing,negative,low,UnitManager
1224,My supervisor ignored the incident report I filed. resolved,supervisor_behavior,positive,low,HR
1548,The vending machines keep eating our money.,other,neutral,low,UnitManager
956,I'm overwhelmed even after the shift ends. issue,burnout,negative,medium,UnitManager
867,I had 7 patients on days including two total cares. urgent,patient_load,negative,medium,UnitManager
1696,Barcode scanning added steps and I wasn't paid for staying late.,pay,negative,medium,Payroll
172,My shift was moved without notice on the schedule.,scheduling,neutral,medium,Scheduling
1583,The vending machines keep eating our money.,other,neutral,low,UnitManager
264,Direct deposit didn't hit this morning.,pay,neutral,medium,Payroll
1621,The charting took forever after the update.,workflow,negative,medium,UnitManager
353,Leadership wants us to double chart temporarily.,management,positive,low,HR
1330,A colleague undermines me in front of patients.,coworker_conflict,neutral,medium,UnitManager
635,Visitation rules were updated; please provide the latest version.,policies,neutral,low,HR
1230,Charge nurse raised their voice at me during rounds. again,supervisor_behavior,negative,medium,HR
1538,My badge reader works only on the second try.,other,neutral,low,UnitManager
543,I'd like more training on the new wound vac device. went smoothly,training,positive,low,HR
902,I'm exhausted and dreading coming in again.,burnout,neutral,medium,UnitManager
735,New barcode step adds clicks without improving safety. broken,workflow,negative,medium,UnitManager
634,"Per policy, we're supposed to double-check insulin with a second nurse.",policies,negative,medium,HR
1027,A visitor made repeated inappropriate comments to me. broke,harassment,negative,high,HR
832,I had 7 patients on days including two total cares. problem,patient_load,negative,medium,UnitManager
92,My shift was moved without notice on the schedule. didn't work,scheduling,negative,medium,Scheduling
464,The lift is out of service again and the sign-in sheet is full. again,equipment,negative,medium,UnitManager
277,Management announced changes during lunch with no Q&A. resolved,management,positive,low,HR
1647,Policy requires a double-check for insulin dosing.,policies,neutral,low,HR
954,I can't keep skipping breaks—this is burning me out. issue,burnout,negative,medium,UnitManager
1679,The timecard tool is confusing to submit approvals.,workflow,negative,medium,UnitManager
196,Direct deposit didn't hit this morning.,pay,neutral,medium,Payroll
1700,Management told us to float without addressing safety concerns.,management,negative,medium,HR
1239,Supervisor plays favorites on shift assignments.,supervisor_behavior,neutral,medium,HR
640,"Per policy, we're supposed to double-check insulin with a second nurse. late",policies,negative,medium,HR
1102,We didn't get the update about the new triage flow. broke,communication,negative,medium,UnitManager
535,One glucometer keeps throwing an error code 3. annoyed,equipment,negative,medium,UnitManager
144,The posted schedule doesn't match the app.,scheduling,positive,low,Scheduling
18,We were short two CNAs on nights and I had to cover extra rooms.,staffing,neutral,low,UnitManager
284,Management announced changes during lunch with no Q&A.,management,neutral,medium,HR
1403,I was passed over for an assignment due to my accent. won't,discrimination,negative,high,HR
1234,My supervisor dismissed my concerns in front of the team.,supervisor_behavior,neutral,medium,HR
662,"Per policy, we're supposed to double-check insulin with a second nurse. pleased",policies,positive,low,HR
215,My paycheck is missing my weekend differential.,pay,neutral,medium,Payroll
1100,No one replied on the group thread about supplies.,communication,positive,low,UnitManager
155,I can't swap my Friday even though policy says I can request.,scheduling,neutral,medium,Scheduling
722,The charting steps doubled after the update; forms feel redundant. frustrated,workflow,negative,medium,UnitManager
1629,Policy requires a double-check for insulin dosing.,policies,neutral,low,HR
1499,Appreciate the calm leadership during the downtime. pleased,professionalism,positive,low,UnitManager
360,The director canceled our huddle without telling the unit. kudos,management,positive,low,HR
1172,Supervisor plays favorites on shift assignments.,supervisor_behavior,neutral,medium,HR
1206,Charge nurse raised their voice at me during rounds. broke,supervisor_behavior,negative,medium,HR
1638,The IV pump was broken mid-infusion and alarmed repeatedly.,equipment,negative,medium,UnitManager
1229,Supervisor plays favorites on shift assignments. kudos,supervisor_behavior,positive,low,HR
1232,Supervisor plays favorites on shift assignments.,supervisor_behavior,neutral,medium,HR
1674,The IV pump was broken mid-infusion and alarmed repeatedly.,equipment,negative,medium,UnitManager
111,My shift was moved without notice on the schedule. kudos,scheduling,positive,low,Scheduling
509,The lift is out of service again and the sign-in sheet is full. broke,equipment,negative,medium,UnitManager
1127,We didn't get the update about the new triage flow. works well,communication,positive,low,UnitManager
1660,Barcode scanning added steps and I wasn't paid for staying late.,pay,negative,medium,Payroll
415,Sharps were left unattended in the triage bay.,safety,neutral,high,Safety
1219,My supervisor ignored the incident report I filed. pleased,supervisor_behavior,positive,low,HR
22,Overtime requests keep coming because the roster is thin. angry,staffing,negative,low,UnitManager
1120,We didn't get the update about the new triage flow.,communication,neutral,low,UnitManager
724,The charting steps doubled after the update; forms feel redundant. concerned,workflow,negative,medium,UnitManager
650,"Per policy, we're supposed to double-check insulin with a second nurse. appreciate",policies,positive,low,HR
1323,A colleague undermines me in front of patients. urgent,coworker_conflict,negative,medium,UnitManager
1449,Team handled a tough code with excellent professionalism—kudos. appreciate,professionalism,positive,low,UnitManager
534,The IV pump failed calibration mid-infusion. won't,equipment,negative,medium,UnitManager
1361,Comments were made about my background that felt discriminatory. unpaid,discrimination,negative,high,HR
977,I'm exhausted and dreading coming in again. concerned,burnout,negative,medium,UnitManager
209,My W-2 has an error with my address. works well,pay,positive,low,Payroll
1285,We can't agree on who handles admissions.,coworker_conflict,neutral,medium,UnitManager
1167,We didn't get the update about the new triage flow. problem,communication,negative,medium,UnitManager
1090,Nobody told us the clinic was closing early.,communication,positive,low,UnitManager
1302,A coworker keeps taking my assigned patients without asking. frustrated,coworker_conflict,negative,medium,UnitManager
827,Census is up and we don't have float support. worried,patient_load,negative,medium,UnitManager
583,Could we get hands-on time with the new EHR features? improved,training,positive,low,HR
1631,New on-call policy describes how weekends are assigned.,policies,neutral,low,HR
856,I had 7 patients on days including two total cares. worried,patient_load,negative,medium,UnitManager
1033,Someone spread rumors and made me feel unsafe at work. missing,harassment,negative,high,HR
1581,Parking is chaotic during shift change. broke,other,negative,low,UnitManager
1216,Charge nurse raised their voice at me during rounds.,supervisor_behavior,neutral,medium,HR
708,The PPE reuse rule changed but we haven't seen the updated policy.,policies,neutral,low,HR
274,The director canceled our huddle without telling the unit. broken,management,negative,medium,HR
574,We need refreshers for contrast allergy protocols. kudos,training,positive,low,HR
72,Charge nurse floated again due to lack of coverage. worried,staffing,negative,low,UnitManager
1028,A patient's family member keeps sending threatening messages. unsafe,harassment,negative,high,HR
336,The director canceled our huddle without telling the unit. appreciate,management,positive,low,HR
982,Morale is low; people are talking about leaving. issue,burnout,negative,medium,UnitManager
1005,Someone spread rumors and made me feel unsafe at work. didn't work,harassment,negative,high,HR
1568,Parking is chaotic during shift change.,other,neutral,low,UnitManager
477,The IV pump failed calibration mid-infusion.,equipment,negative,medium,UnitManager
652,Visitation rules were updated; please provide the latest version. resolved,policies,positive,low,HR
926,I'm exhausted and dreading coming in again.,burnout,negative,medium,UnitManager
989,I'm overwhelmed even after the shift ends. late,burnout,negative,medium,UnitManager
1435,I believe I received fewer training opportunities due to bias.,discrimination,negative,high,HR
1069,A patient's family member keeps sending threatening messages. issue,harassment,negative,high,HR
151,I was put on back-to-back nights and days unexpectedly.,scheduling,neutral,medium,Scheduling
803,The charting steps doubled after the update; forms feel redundant.,workflow,neutral,low,UnitManager
1002,A patient's family member keeps sending threatening messages. won't,harassment,negative,high,HR
1451,Team handled a tough code with excellent professionalism—kudos.,professionalism,positive,low,UnitManager
1354,Comments were made about my background that felt discriminatory. again,discrimination,negative,high,HR
1507,Rounds were efficient and respectful today. pleased,professionalism,positive,low,UnitManager
83,Overtime requests keep coming because the roster is thin. pleased,staffing,positive,low,UnitManager
363,Panic button didn't work during an incident with a combative visitor. worried,safety,negative,high,Safety
390,Sharps were left unattended in the triage bay. angry,safety,negative,high,Safety
451,The lift is out of service again and the sign-in sheet is full. urgent,equipment,negative,medium,UnitManager
1009,Someone spread rumors and made me feel unsafe at work. won't,harassment,negative,high,HR
1508,Rounds were efficient and respectful today. resolved,professionalism,positive,low,UnitManager
1530,The float nurse showed great teamwork and communication. went smoothly,professionalism,positive,low,UnitManager
63,We were short two CNAs on nights and I had to cover extra rooms.,staffing,neutral,low,UnitManager
764,The charting steps doubled after the update; forms feel redundant. won't,workflow,negative,medium,UnitManager
1655,Things felt broken in our process today but no device failed.,workflow,neutral,low,UnitManager
829,Assignments are uneven; my side had all new admissions. concerned,patient_load,negative,medium,UnitManager
208,Overtime rate looks incorrect on this pay period. much better,pay,positive,low,Payroll
525,The portable monitor battery won't hold a charge. concerned,equipment,negative,medium,UnitManager
1409,I believe I received fewer training opportunities due to bias.,discrimination,negative,high,HR
67,Charge nurse floated again due to lack of coverage.,staffing,neutral,low,UnitManager
168,I can't swap my Friday even though policy says I can request. missing,scheduling,negative,medium,Scheduling
1241,Charge nurse raised their voice at me during rounds.,supervisor_behavior,negative,medium,HR
881,I had 7 patients on days including two total cares. missing,patient_load,negative,medium,UnitManager
371,Panic button didn't work during an incident with a combative visitor.,safety,neutral,high,Safety
1384,I'm being treated differently because of my religion. annoyed,discrimination,negative,high,HR
6,We were short two CNAs on nights and I had to cover extra rooms. kudos,staffing,positive,low,UnitManager
1612,Break room microwave is broken again.,other,neutral,low,UnitManager
1439,I believe I received fewer training opportunities due to bias. won't,discrimination,negative,high,HR
1672,Break room fridge needs cleaning again.,other,neutral,low,UnitManager
1572,Break room microwave is broken again. went smoothly,other,positive,low,UnitManager
1058,A visitor made repeated inappropriate comments to me. concerned,harassment,negative,high,HR
1470,The float nurse showed great teamwork and communication. appreciate,professionalism,positive,low,UnitManager
653,"Per policy, we're supposed to double-check insulin with a second nurse.",policies,neutral,low,HR
681,The PPE reuse rule changed but we haven't seen the updated policy. resolved,policies,positive,low,HR
1257,Supervisor plays favorites on shift assignments.,supervisor_behavior,neutral,medium,HR
1448,The float nurse showed great teamwork and communication. improved,professionalism,positive,low,UnitManager
150,I can't swap my Friday even though policy says I can request. went smoothly,scheduling,positive,low,Scheduling
1333,A colleague undermines me in front of patients.,coworker_conflict,neutral,medium,UnitManager
1119,No one replied on the group thread about supplies. can't,communication,negative,medium,UnitManager
1074,A visitor made repeated inappropriate comments to me. won't,harassment,negative,high,HR
649,Visitation rules were updated; please provide the latest version.,policies,neutral,low,HR
309,The director canceled our huddle without telling the unit.,management,neutral,medium,HR
402,Panic button didn't work during an incident with a combative visitor.,safety,neutral,high,Safety
1373,I'm being treated differently because of my religion. won't,discrimination,negative,high,HR
692,New float policy says we can refuse unsafe assignments. unpaid,policies,negative,medium,HR
315,The director canceled our huddle without telling the unit. unpaid,management,negative,medium,HR
607,We need refreshers for contrast allergy protocols. works well,training,positive,low,HR
1410,Comments were made about my background that felt discriminatory. didn't work,discrimination,negative,high,HR
978,Morale is low; people are talking about leaving.,burnout,negative,medium,UnitManager
1404,I was passed over for an assignment due to my accent. late,discrimination,negative,high,HR
1243,My supervisor ignored the incident report I filed. broke,supervisor_behavior,negative,medium,HR
375,We called a code gray; security took too long to arrive. won't,safety,negative,high,Safety
738,The discharge checklist is too long and duplicates the summary. urgent,workflow,negative,medium,UnitManager
1429,I was passed over for an assignment due to my accent. late,discrimination,negative,high,HR
426,We called a code gray; security took too long to arrive. frustrated,safety,negative,high,Safety
1534,Parking is chaotic during shift change. issue,other,negative,low,UnitManager
1396,I'm being treated differently because of my religion. issue,discrimination,negative,high,HR
815,My pod keeps getting high acuity without help.,patient_load,negative,medium,UnitManager
823,I had 7 patients on days including two total cares. worried,patient_load,negative,medium,UnitManager
1611,My badge reader works only on the second try. works well,other,positive,low,UnitManager
952,Morale is low; people are talking about leaving. angry,burnout,negative,medium,UnitManager
497,The IV pump failed calibration mid-infusion. broke,equipment,negative,medium,UnitManager
768,The charting steps doubled after the update; forms feel redundant. unpaid,workflow,negative,medium,UnitManager
145,I was put on back-to-back nights and days unexpectedly.,scheduling,positive,low,Scheduling
1504,The float nurse showed great teamwork and communication. great support,professionalism,positive,low,UnitManager
890,Assignments are uneven; my side had all new admissions. didn't work,patient_load,negative,medium,UnitManager
1520,Rounds were efficient and respectful today. much better,professionalism,positive,low,UnitManager
990,Morale is low; people are talking about leaving. problem,burnout,negative,medium,UnitManager
991,I was harassed by a coworker in the break room.,harassment,negative,high,HR
1034,A patient's family member keeps sending threatening messages. won't,harassment,negative,high,HR
292,The director canceled our huddle without telling the unit. improved,management,positive,low,HR
1136,The shift report missed critical details again.,communication,neutral,low,UnitManager
380,We called a code gray; security took too long to arrive. broken,safety,negative,high,Safety
1193,Charge nurse raised their voice at me during rounds.,supervisor_behavior,neutral,medium,HR
696,Visitation rules were updated; please provide the latest version. resolved,policies,positive,low,HR
188,Direct deposit didn't hit this morning. resolved,pay,positive,low,Payroll
23,Overtime requests keep coming because the roster is thin.,staffing,neutral,low,UnitManager
1586,Break room microwave is broken again. frustrated,other,negative,low,UnitManager
1293,A colleague undermines me in front of patients.,coworker_conflict,neutral,medium,UnitManager
125,My shift was moved without notice on the schedule.,scheduling,positive,low,Scheduling
1376,I was passed over for an assignment due to my accent. broken,discrimination,negative,high,HR
1240,Supervisor plays favorites on shift assignments. late,supervisor_behavior,negative,medium,HR
1164,The shift report missed critical details again. unsafe,communication,negative,medium,UnitManager
1353,I'm being treated differently because of my religion.,discrimination,negative,high,HR
25,Overtime requests keep coming because the roster is thin. resolved,staffing,positive,low,UnitManager
560,I'd like more training on the new wound vac device. pleased,training,positive,low,HR
760,The charting steps doubled after the update; forms feel redundant. issue,workflow,negative,medium,UnitManager
1601,My badge reader works only on the second try.,other,neutral,low,UnitManager
1290,A coworker keeps taking my assigned patients without asking. thank you,coworker_conflict,positive,low,UnitManager
361,Panic button didn't work during an incident with a combative visitor. annoyed,safety,negative,high,Safety
59,New hires keep dropping; staffing remains tight on weekends. missing,staffing,negative,low,UnitManager
819,Assignments are uneven; my side had all new admissions. missing,patient_load,negative,medium,UnitManager
638,Visitation rules were updated; please provide the latest version. kudos,policies,positive,low,HR
814,Census is up and we don't have float support. issue,patient_load,negative,medium,UnitManager
1359,I was passed over for an assignment due to my accent. broke,discrimination,negative,high,HR
1546,Break room microwave is broken again.,other,neutral,low,UnitManager
296,Management announced changes during lunch with no Q&A.,management,neutral,medium,HR
518,The IV pump failed calibration mid-infusion. can't,equipment,negative,medium,UnitManager
1212,Supervisor plays favorites on shift assignments. appreciate,supervisor_behavior,positive,low,HR
606,The LMS module on sepsis screening was actually helpful—thank you. improved,training,positive,low,HR
837,My pod keeps getting high acuity without help. unsafe,patient_load,negative,medium,UnitManager
1602,The vending machines keep eating our money. went smoothly,other,positive,low,UnitManager
1162,The shift report missed critical details again. missing,communication,negative,medium,UnitManager
687,"Per policy, we're supposed to double-check insulin with a second nurse.",policies,positive,low,HR
695,Visitation rules were updated; please provide the latest version. won't,policies,negative,medium,HR
713,New float policy says we can refuse unsafe assignments. improved,policies,positive,low,HR
1697,The timecard tool is confusing to submit approvals.,workflow,negative,medium,UnitManager
1006,A patient's family member keeps sending threatening messages. broken,harassment,negative,high,HR
1155,Nobody told us the clinic was closing early. appreciate,communication,positive,low,UnitManager
1042,A patient's family member keeps sending threatening messages. urgent,harassment,negative,high,HR
624,Could we get hands-on time with the new EHR features? resolved,training,positive,low,HR
957,I can't keep skipping breaks—this is burning me out.,burnout,negative,medium,UnitManager
505,The lift is out of service again and the sign-in sheet is full. unsafe,equipment,negative,medium,UnitManager
486,The lift is out of service again and the sign-in sheet is full.,equipment,negative,medium,UnitManager
333,Leadership keeps changing the rollout with no explanation. unsafe,management,negative,medium,HR
504,One glucometer keeps throwing an error code 3. annoyed,equipment,negative,medium,UnitManager
1218,Charge nurse raised their voice at me during rounds. missing,supervisor_behavior,negative,medium,HR
1710,The IV pump was broken mid-infusion and alarmed repeatedly.,equipment,neutral,low,UnitManager
809,The charting steps doubled after the update; forms feel redundant. missing,workflow,negative,medium,UnitManager
999,A patient's family member keeps sending threatening messages. issue,harassment,negative,high,HR
448,Oxygen alarm failed and no one was alerted. issue,safety,negative,high,Safety
368,We called a code gray; security took too long to arrive. unsafe,safety,negative,high,Safety
500,The lift is out of service again and the sign-in sheet is full. unpaid,equipment,negative,medium,UnitManager
1362,Comments were made about my background that felt discriminatory. again,discrimination,negative,high,HR
1019,A patient's family member keeps sending threatening messages. didn't work,harassment,negative,high,HR
831,Assignments are uneven; my side had all new admissions. angry,patient_load,negative,medium,UnitManager
1512,The float nurse showed great teamwork and communication. pleased,professionalism,positive,low,UnitManager
1346,A coworker keeps taking my assigned patients without asking. broken,coworker_conflict,negative,medium,UnitManager
398,Panic button didn't work during an incident with a combative visitor. issue,safety,negative,high,Safety
748,The charting steps doubled after the update; forms feel redundant.,workflow,negative,medium,UnitManager
1381,I was passed over for an assignment due to my accent. concerned,discrimination,negative,high,HR
213,My W-2 has an error with my address.,pay,neutral,medium,Payroll
266,Overtime rate looks incorrect on this pay period.,pay,neutral,medium,Payroll
1389,I was passed over for an assignment due to my accent. late,discrimination,negative,high,HR
889,Assignments are uneven; my side had all new admissions.,patient_load,negative,medium,UnitManager
647,New float policy says we can refuse unsafe assignments.,policies,neutral,low,HR
629,I'd like more training on the new wound vac device. went smoothly,training,positive,low,HR
203,Direct deposit didn't hit this morning. concerned,pay,negative,medium,Payroll
1585,My badge reader works only on the second try.,other,neutral,low,UnitManager
1494,The float nurse showed great teamwork and communication.,professionalism,neutral,low,UnitManager
1125,No one replied on the group thread about supplies.,communication,neutral,low,UnitManager
740,The handoff template is missing fields we actually use. broken,workflow,negative,medium,UnitManager
626,Could we get hands-on time with the new EHR features? great support,training,positive,low,HR
700,Visitation rules were updated; please provide the latest version. improved,policies,positive,low,HR
1649,New on-call policy describes how weekends are assigned.,policies,neutral,low,HR
1268,There was an argument in the med room that disrupted care. broken,coworker_conflict,negative,medium,UnitManager
1278,We can't agree on who handles admissions. works well,coworker_conflict,positive,low,UnitManager
1641,Bar-code scanning adds steps to med pass.,workflow,neutral,low,UnitManager
597,I'd like more training on the new wound vac device.,training,neutral,low,HR
1526,Rounds were efficient and respectful today. pleased,professionalism,positive,low,UnitManager
855,My pod keeps getting high acuity without help. worried,patient_load,negative,medium,UnitManager
1493,Team handled a tough code with excellent professionalism—kudos.,professionalism,neutral,low,UnitManager
465,The IV pump failed calibration mid-infusion. broke,equipment,negative,medium,UnitManager
1311,A coworker keeps taking my assigned patients without asking.,coworker_conflict,neutral,medium,UnitManager
1098,No one replied on the group thread about supplies. appreciate,communication,positive,low,UnitManager
449,We called a code gray; security took too long to arrive. late,safety,negative,high,Safety
965,Morale is low; people are talking about leaving. again,burnout,negative,medium,UnitManager
1171,My supervisor dismissed my concerns in front of the team.,supervisor_behavior,neutral,medium,HR
1594,Break room microwave is broken again.,other,positive,low,UnitManager
1126,We didn't get the update about the new triage flow.,communication,neutral,low,UnitManager
1084,Nobody told us the clinic was closing early. issue,communication,negative,medium,UnitManager
273,Leadership keeps changing the rollout with no explanation. worried,management,negative,medium,HR
697,New float policy says we can refuse unsafe assignments. pleased,policies,positive,low,HR
774,The discharge checklist is too long and duplicates the summary. problem,workflow,negative,medium,UnitManager
679,Visitation rules were updated; please provide the latest version.,policies,negative,medium,HR
384,Panic button didn't work during an incident with a combative visitor. problem,safety,negative,high,Safety
773,The discharge checklist is too long and duplicates the summary. urgent,workflow,negative,medium,UnitManager
319,Leadership keeps changing the rollout with no explanation.,management,neutral,medium,HR
1015,A patient's family member keeps sending threatening messages.,harassment,neutral,high,HR
1238,Supervisor plays favorites on shift assignments.,supervisor_behavior,neutral,medium,HR
1584,My badge reader works only on the second try. broke,other,negative,low,UnitManager
9,Charge nurse floated again due to lack of coverage. improved,staffing,positive,low,UnitManager
1237,Charge nurse raised their voice at me during rounds. went smoothly,supervisor_behavior,positive,low,HR
1130,We didn't get the update about the new triage flow. great support,communication,positive,low,UnitManager
216,My paycheck is missing my weekend differential. angry,pay,negative,medium,Payroll
1014,A visitor made repeated inappropriate comments to me. unsafe,harassment,negative,high,HR
1634,The clinic was quiet today and nothing unusual happened.,other,neutral,low,UnitManager
1217,My supervisor dismissed my concerns in front of the team.,supervisor_behavior,neutral,medium,HR
996,A patient's family member keeps sending threatening messages. worried,harassment,negative,high,HR
388,Panic button didn't work during an incident with a combative visitor. broke,safety,negative,high,Safety
656,New float policy says we can refuse unsafe assignments. thank you,policies,positive,low,HR
154,I can't swap my Friday even though policy says I can request.,scheduling,positive,low,Scheduling
937,I'm exhausted and dreading coming in again.,burnout,negative,medium,UnitManager
489,The portable monitor battery won't hold a charge.,equipment,negative,medium,UnitManager
1270,A coworker keeps taking my assigned patients without asking. broke,coworker_conflict,negative,medium,UnitManager
165,I can't swap my Friday even though policy says I can request. concerned,scheduling,negative,medium,Scheduling
747,The handoff template is missing fields we actually use. annoyed,workflow,negative,medium,UnitManager
860,Assignments are uneven; my side had all new admissions.,patient_load,negative,medium,UnitManager
968,I'm overwhelmed even after the shift ends. issue,burnout,negative,medium,UnitManager
1165,We didn't get the update about the new triage flow.,communication,negative,medium,UnitManager
493,The lift is out of service again and the sign-in sheet is full. won't,equipment,negative,medium,UnitManager
1652,The clinic was quiet today and nothing unusual happened.,other,neutral,low,UnitManager
655,New float policy says we can refuse unsafe assignments. pleased,policies,positive,low,HR
940,Morale is low; people are talking about leaving.,burnout,negative,medium,UnitManager
495,One glucometer keeps throwing an error code 3. unsafe,equipment,negative,medium,UnitManager
1133,Nobody told us the clinic was closing early. resolved,communication,positive,low,UnitManager
1301,A coworker keeps taking my assigned patients without asking. pleased,coworker_conflict,positive,low,UnitManager
1201,Supervisor plays favorites on shift assignments. late,supervisor_behavior,negative,medium,HR
732,The discharge checklist is too long and duplicates the summary.,workflow,negative,medium,UnitManager
559,I'd like more training on the new wound vac device. works well,training,positive,low,HR
1342,A colleague undermines me in front of patients. pleased,coworker_conflict,positive,low,UnitManager
1176,Charge nurse raised their voice at me during rounds. resolved,supervisor_behavior,positive,low,HR
1619,The vending machines keep eating our money. pleased,other,positive,low,UnitManager
775,The discharge checklist is too long and duplicates the summary.,workflow,negative,medium,UnitManager
222,My W-2 has an error with my address.,pay,neutral,medium,Payroll
1345,We can't agree on who handles admissions. annoyed,coworker_conflict,negative,medium,UnitManager
1580,The vending machines keep eating our money.,other,neutral,low,UnitManager
297,Leadership wants us to double chart temporarily. much better,management,positive,low,HR
437,Panic button didn't work during an incident with a combative visitor.,safety,neutral,high,Safety
207,Direct deposit didn't hit this morning. went smoothly,pay,positive,low,Payroll
1,New hires keep dropping; staffing remains tight on weekends. missing,staffing,negative,low,UnitManager
864,My pod keeps getting high acuity without help.,patient_load,negative,medium,UnitManager
401,Sharps were left unattended in the triage bay. again,safety,negative,high,Safety
821,Census is up and we don't have float support.,patient_load,neutral,medium,UnitManager
576,Could we get hands-on time with the new EHR features? much better,training,positive,low,HR
955,Morale is low; people are talking about leaving. problem,burnout,negative,medium,UnitManager
1203,Supervisor plays favorites on shift assignments. much better,supervisor_behavior,positive,low,HR
528,The portable monitor battery won't hold a charge. unsafe,equipment,negative,medium,UnitManager
683,"Per policy, we're supposed to double-check insulin with a second nurse.",policies,neutral,low,HR
37,Charge nurse floated again due to lack of coverage.,staffing,neutral,low,UnitManager
1158,Nobody told us the clinic was closing early. works well,communication,positive,low,UnitManager
1658,The charting took forever and I had to stay 30 minutes unpaid.,pay,negative,medium,Payroll
177,I was put on back-to-back nights and days unexpectedly.,scheduling,positive,low,Scheduling
917,I can't keep skipping breaks—this is burning me out. urgent,burnout,negative,medium,UnitManager
105,My shift was moved without notice on the schedule. much better,scheduling,positive,low,Scheduling
1372,I'm being treated differently because of my religion. problem,discrimination,negative,high,HR
334,Management announced changes during lunch with no Q&A.,management,neutral,medium,HR
852,I had 7 patients on days including two total cares. angry,patient_load,negative,medium,UnitManager
224,Direct deposit didn't hit this morning.,pay,neutral,medium,Payroll
851,Census is up and we don't have float support. broke,patient_load,negative,medium,UnitManager
1709,Things felt broken in our process today but no device failed.,workflow,negative,medium,UnitManager
1166,We didn't get the update about the new triage flow. frustrated,communication,negative,medium,UnitManager
1104,We didn't get the update about the new triage flow.,communication,neutral,low,UnitManager
229,My W-2 has an error with my address.,pay,neutral,medium,Payroll
616,Could we get hands-on time with the new EHR features?,training,positive,low,HR
445,Panic button didn't work during an incident with a combative visitor.,safety,negative,high,Safety
731,New barcode step adds clicks without improving safety.,workflow,neutral,low,UnitManager
306,Leadership keeps changing the rollout with no explanation. late,management,negative,medium,HR
1533,The vending machines keep eating our money. worried,other,negative,low,UnitManager
1426,I believe I received fewer training opportunities due to bias. problem,discrimination,negative,high,HR
795,The charting steps doubled after the update; forms feel redundant. unpaid,workflow,negative,medium,UnitManager
82,Overtime requests keep coming because the roster is thin. pleased,staffing,positive,low,UnitManager
286,Management announced changes during lunch with no Q&A. issue,management,negative,medium,HR
593,I'd like more training on the new wound vac device. thank you,training,positive,low,HR
1357,Comments were made about my background that felt discriminatory. unsafe,discrimination,negative,high,HR
1038,Someone spread rumors and made me feel unsafe at work. frustrated,harassment,negative,high,HR
987,Morale is low; people are talking about leaving. frustrated,burnout,negative,medium,UnitManager
672,New float policy says we can refuse unsafe assignments. appreciate,policies,positive,low,HR
96,My shift was moved without notice on the schedule. thank you,scheduling,positive,low,Scheduling
934,I'm exhausted and dreading coming in again.,burnout,negative,medium,UnitManager
1168,The shift report missed critical details again.,communication,neutral,low,UnitManager
1605,My badge reader works only on the second try.,other,neutral,low,UnitManager
1695,Barcode scanning adds steps to med pass.,workflow,negative,medium,UnitManager
1017,A visitor made repeated inappropriate comments to me. frustrated,harassment,negative,high,HR
194,My W-2 has an error with my address.,pay,neutral,medium,Payroll
393,Oxygen alarm failed and no one was alerted. broke,safety,negative,high,Safety
725,The discharge checklist is too long and duplicates the summary. late,workflow,negative,medium,UnitManager
1597,The vending machines keep eating our money.,other,negative,low,UnitManager
389,Oxygen alarm failed and no one was alerted. can't,safety,negative,high,Safety
524,The IV pump failed calibration mid-infusion. late,equipment,negative,medium,UnitManager
314,Leadership keeps changing the rollout with no explanation.,management,neutral,medium,HR
825,I had 7 patients on days including two total cares. concerned,patient_load,negative,medium,UnitManager
467,One glucometer keeps throwing an error code 3. angry,equipment,negative,medium,UnitManager
1147,We didn't get the update about the new triage flow. thank you,communication,positive,low,UnitManager
507,The IV pump failed calibration mid-infusion.,equipment,negative,medium,UnitManager
947,Morale is low; people are talking about leaving. annoyed,burnout,negative,medium,UnitManager
1121,Nobody told us the clinic was closing early. missing,communication,negative,medium,UnitManager
38,Overtime requests keep coming because the roster is thin.,staffing,neutral,low,UnitManager
54,We were short two CNAs on nights and I had to cover extra rooms.,staffing,neutral,low,UnitManager
1637,Things felt broken in our process today but no device failed.,workflow,negative,medium,UnitManager
288,Leadership wants us to double chart temporarily. problem,management,negative,medium,HR
232,Direct deposit didn't hit this morning. can't,pay,negative,medium,Payroll
1642,Barcode scanning added steps and I wasn't paid for staying late.,pay,negative,medium,Payroll
1480,The float nurse showed great teamwork and communication. much better,professionalism,positive,low,UnitManager
1471,Appreciate the calm leadership during the downtime. great support,professionalism,positive,low,UnitManager
1233,Supervisor plays favorites on shift assignments. problem,supervisor_behavior,negative,medium,HR
1110,We didn't get the update about the new triage flow.,communication,neutral,low,UnitManager
1080,Someone spread rumors and made me feel unsafe at work. issue,harassment,negative,high,HR
230,Direct deposit didn't hit this morning. won't,pay,negative,medium,Payroll
471,The portable monitor battery won't hold a charge. missing,equipment,negative,medium,UnitManager
195,My paycheck is missing my weekend differential. resolved,pay,positive,low,Payroll
166,I was put on back-to-back nights and days unexpectedly.,scheduling,neutral,medium,Scheduling
1570,My badge reader works only on the second try. thank you,other,positive,low,UnitManager
1681,The float rule says we can refuse unsafe assignments.,policies,negative,medium,HR
515,The IV pump failed calibration mid-infusion. angry,equipment,negative,medium,UnitManager
1483,Rounds were efficient and respectful today. improved,professionalism,positive,low,UnitManager
648,New float policy says we can refuse unsafe assignments. missing,policies,negative,medium,HR
84,We were short two CNAs on nights and I had to cover extra rooms.,staffing,neutral,low,UnitManager
688,The PPE reuse rule changed but we haven't seen the updated policy. problem,policies,negative,medium,HR
806,The charting steps doubled after the update; forms feel redundant. worried,workflow,negative,medium,UnitManager
993,A visitor made repeated inappropriate comments to me.,harassment,negative,high,HR
167,I was put on back-to-back nights and days unexpectedly. urgent,scheduling,negative,medium,Scheduling
1527,Team handled a tough code with excellent professionalism—kudos. improved,professionalism,positive,low,UnitManager
300,The director canceled our huddle without telling the unit. appreciate,management,positive,low,HR
1468,The float nurse showed great teamwork and communication. improved,professionalism,positive,low,UnitManager
972,Morale is low; people are talking about leaving. broken,burnout,negative,medium,UnitManager
115,My shift was moved without notice on the schedule.,scheduling,positive,low,Scheduling
1668,The weekend schedule was posted late and conflicts with my availability.,scheduling,negative,medium,Scheduling
924,I'm exhausted and dreading coming in again. can't,burnout,negative,medium,UnitManager
118,My shift was moved without notice on the schedule. appreciate,scheduling,positive,low,Scheduling
1280,There was an argument in the med room that disrupted care.,coworker_conflict,neutral,medium,UnitManager
328,Management announced changes during lunch with no Q&A.,management,negative,medium,HR
1040,Someone spread rumors and made me feel unsafe at work. missing,harassment,negative,high,HR
1705,No one informed us about the clinic closure.,communication,negative,medium,UnitManager
686,New float policy says we can refuse unsafe assignments. thank you,policies,positive,low,HR
55,Overtime requests keep coming because the roster is thin. missing,staffing,negative,low,UnitManager
811,Census is up and we don't have float support. issue,patient_load,negative,medium,UnitManager
1065,Someone spread rumors and made me feel unsafe at work. broke,harassment,negative,high,HR
122,I was put on back-to-back nights and days unexpectedly.,scheduling,neutral,medium,Scheduling
1004,Someone spread rumors and made me feel unsafe at work.,harassment,negative,high,HR
550,The LMS module on sepsis screening was actually helpful—thank you. resolved,training,positive,low,HR
31,Charge nurse floated again due to lack of coverage.,staffing,neutral,low,UnitManager
1248,My supervisor ignored the incident report I filed.,supervisor_behavior,neutral,medium,HR
164,I was put on back-to-back nights and days unexpectedly.,scheduling,neutral,medium,Scheduling
187,My W-2 has an error with my address.,pay,neutral,medium,Payroll
1072,I was harassed by a coworker in the break room.,harassment,negative,high,HR
1252,My supervisor dismissed my concerns in front of the team. improved,supervisor_behavior,positive,low,HR
14,Charge nurse floated again due to lack of coverage.,staffing,neutral,low,UnitManager
682,Visitation rules were updated; please provide the latest version. late,policies,negative,medium,HR
630,Could we get hands-on time with the new EHR features? improved,training,positive,low,HR
517,One glucometer keeps throwing an error code 3. frustrated,equipment,negative,medium,UnitManager
781,New barcode step adds clicks without improving safety. frustrated,workflow,negative,medium,UnitManager
367,Oxygen alarm failed and no one was alerted. annoyed,safety,negative,high,Safety
1447,Rounds were efficient and respectful today. improved,professionalism,positive,low,UnitManager
737,New barcode step adds clicks without improving safety. concerned,workflow,negative,medium,UnitManager
1511,Rounds were efficient and respectful today. thank you,professionalism,positive,low,UnitManager
1146,The shift report missed critical details again. again,communication,negative,medium,UnitManager
726,New barcode step adds clicks without improving safety. issue,workflow,negative,medium,UnitManager
1391,Comments were made about my background that felt discriminatory. broke,discrimination,negative,high,HR
1223,Charge nurse raised their voice at me during rounds.,supervisor_behavior,neutral,medium,HR
66,Overtime requests keep coming because the roster is thin.,staffing,neutral,low,UnitManager
68,Overtime requests keep coming because the roster is thin.,staffing,negative,low,UnitManager
973,I'm exhausted and dreading coming in again. annoyed,burnout,negative,medium,UnitManager
366,We called a code gray; security took too long to arrive. worried,safety,negative,high,Safety
1636,Break room fridge needs cleaning again.,other,positive,low,UnitManager
894,Assignments are uneven; my side had all new admissions. annoyed,patient_load,negative,medium,UnitManager
721,The handoff template is missing fields we actually use.,workflow,negative,medium,UnitManager
1461,Team handled a tough code with excellent professionalism—kudos. appreciate,professionalism,positive,low,UnitManager
99,I was put on back-to-back nights and days unexpectedly.,scheduling,positive,low,Scheduling
220,My paycheck is missing my weekend differential.,pay,neutral,medium,Payroll
152,My shift was moved without notice on the schedule. annoyed,scheduling,negative,medium,Scheduling
533,One glucometer keeps throwing an error code 3.,equipment,negative,medium,UnitManager
434,Sharps were left unattended in the triage bay. missing,safety,negative,high,Safety
211,My paycheck is missing my weekend differential. thank you,pay,positive,low,Payroll
511,The IV pump failed calibration mid-infusion. problem,equipment,negative,medium,UnitManager
95,The posted schedule doesn't match the app. thank you,scheduling,positive,low,Scheduling
1291,We can't agree on who handles admissions. went smoothly,coworker_conflict,positive,low,UnitManager
225,Overtime rate looks incorrect on this pay period. won't,pay,negative,medium,Payroll
817,I had 7 patients on days including two total cares. concerned,patient_load,negative,medium,UnitManager
1215,Supervisor plays favorites on shift assignments.,supervisor_behavior,neutral,medium,HR
409,We called a code gray; security took too long to arrive. concerned,safety,negative,high,Safety
1076,A patient's family member keeps sending threatening messages.,harassment,neutral,high,HR
30,Charge nurse floated again due to lack of coverage. unsafe,staffing,negative,low,UnitManager
295,Leadership wants us to double chart temporarily.,management,positive,low,HR
1676,The charting took forever and I had to stay 30 minutes unpaid.,pay,negative,medium,Payroll
1320,There was an argument in the med room that disrupted care. kudos,coworker_conflict,positive,low,UnitManager
1177,Supervisor plays favorites on shift assignments.,supervisor_behavior,neutral,medium,HR
1643,The timecard tool is confusing to submit approvals.,workflow,negative,medium,UnitManager
440,We called a code gray; security took too long to arrive. unsafe,safety,negative,high,Safety
44,We were short two CNAs on nights and I had to cover extra rooms. much better,staffing,positive,low,UnitManager
102,I can't swap my Friday even though policy says I can request.,scheduling,positive,low,Scheduling
510,The portable monitor battery won't hold a charge.,equipment,neutral,low,UnitManager
1367,I'm being treated differently because of my religion. frustrated,discrimination,negative,high,HR
601,We need refreshers for contrast allergy protocols. resolved,training,positive,low,HR
1578,Break room microwave is broken again.,other,negative,low,UnitManager
318,The director canceled our huddle without telling the unit. won't,management,negative,medium,HR
1251,Charge nurse raised their voice at me during rounds. problem,supervisor_behavior,negative,medium,HR
1661,The timecard tool is confusing to submit approvals.,workflow,negative,medium,UnitManager
754,The charting steps doubled after the update; forms feel redundant. issue,workflow,negative,medium,UnitManager
400,We called a code gray; security took too long to arrive.,safety,negative,high,Safety
343,Leadership wants us to double chart temporarily. great support,management,positive,low,HR
834,My pod keeps getting high acuity without help. problem,patient_load,negative,medium,UnitManager
988,Morale is low; people are talking about leaving.,burnout,negative,medium,UnitManager
420,Panic button didn't work during an incident with a combative visitor.,safety,negative,high,Safety
503,The lift is out of service again and the sign-in sheet is full. concerned,equipment,negative,medium,UnitManager
349,Leadership keeps changing the rollout with no explanation. can't,management,negative,medium,HR
1210,My supervisor ignored the incident report I filed.,supervisor_behavior,negative,medium,HR
1589,The vending machines keep eating our money. unsafe,other,negative,low,UnitManager
1288,We can't agree on who handles admissions. broken,coworker_conflict,negative,medium,UnitManager
1306,There was an argument in the med room that disrupted care. pleased,coworker_conflict,positive,low,UnitManager
733,The charting steps doubled after the update; forms feel redundant.,workflow,neutral,low,UnitManager
80,Charge nurse floated again due to lack of coverage. frustrated,staffing,negative,low,UnitManager
148,The posted schedule doesn't match the app.,scheduling,neutral,medium,Scheduling
758,The handoff template is missing fields we actually use.,workflow,neutral,low,UnitManager
357,The director canceled our huddle without telling the unit. can't,management,negative,medium,HR
532,One glucometer keeps throwing an error code 3. issue,equipment,negative,medium,UnitManager
74,We were short two CNAs on nights and I had to cover extra rooms.,staffing,positive,low,UnitManager
1460,The float nurse showed great teamwork and communication. resolved,professionalism,positive,low,UnitManager
1122,No one replied on the group thread about supplies.,communication,neutral,low,UnitManager
1363,I believe I received fewer training opportunities due to bias. didn't work,discrimination,negative,high,HR
684,The PPE reuse rule changed but we haven't seen the updated policy.,policies,positive,low,HR
1686,The weekend schedule was posted late and conflicts with my availability.,scheduling,negative,medium,Scheduling
51,Charge nurse floated again due to lack of coverage.,staffing,neutral,low,UnitManager
1143,No one replied on the group thread about supplies. resolved,communication,positive,low,UnitManager
1124,No one replied on the group thread about supplies.,communication,neutral,low,UnitManager
1685,New on-call policy describes how weekends are assigned.,policies,negative,medium,HR
800,The charting steps doubled after the update; forms feel redundant. concerned,workflow,negative,medium,UnitManager
26,New hires keep dropping; staffing remains tight on weekends.,staffing,neutral,low,UnitManager
1424,I was passed over for an assignment due to my accent.,discrimination,negative,high,HR
1484,Rounds were efficient and respectful today. great support,professionalism,positive,low,UnitManager
822,My pod keeps getting high acuity without help. issue,patient_load,negative,medium,UnitManager
1191,My supervisor dismissed my concerns in front of the team.,supervisor_behavior,neutral,medium,HR
1190,My supervisor dismissed my concerns in front of the team. annoyed,supervisor_behavior,negative,medium,HR
1417,Comments were made about my background that felt discriminatory. broke,discrimination,negative,high,HR
370,Oxygen alarm failed and no one was alerted. frustrated,safety,negative,high,Safety
271,Leadership keeps changing the rollout with no explanation.,management,neutral,medium,HR
1543,Parking is chaotic during shift change. pleased,other,positive,low,UnitManager
818,Census is up and we don't have float support. frustrated,patient_load,negative,medium,UnitManager
1277,There was an argument in the med room that disrupted care. appreciate,coworker_conflict,positive,low,UnitManager
1253,My supervisor ignored the incident report I filed. won't,supervisor_behavior,negative,medium,HR
1457,Rounds were efficient and respectful today. works well,professionalism,positive,low,UnitManager
1035,A patient's family member keeps sending threatening messages. broke,harassment,negative,high,HR
1477,Appreciate the calm leadership during the downtime.,professionalism,positive,low,UnitManager
1573,The vending machines keep eating our money. issue,other,negative,low,UnitManager
383,Oxygen alarm failed and no one was alerted. worried,safety,negative,high,Safety
951,I'm overwhelmed even after the shift ends. unpaid,burnout,negative,medium,UnitManager
107,I was put on back-to-back nights and days unexpectedly. urgent,scheduling,negative,medium,Scheduling
514,One glucometer keeps throwing an error code 3. problem,equipment,negative,medium,UnitManager
226,Direct deposit didn't hit this morning.,pay,neutral,medium,Payroll
322,Leadership wants us to double chart temporarily.,management,neutral,medium,HR
961,I'm overwhelmed even after the shift ends. didn't work,burnout,negative,medium,UnitManager
1299,There was an argument in the med room that disrupted care. didn't work,coworker_conflict,negative,medium,UnitManager
65,Charge nurse floated again due to lack of coverage.,staffing,neutral,low,UnitManager
604,I'd like more training on the new wound vac device. kudos,training,positive,low,HR
980,I can't keep skipping breaks—this is burning me out. worried,burnout,negative,medium,UnitManager
146,I can't swap my Friday even though policy says I can request.,scheduling,neutral,medium,Scheduling
923,Morale is low; people are talking about leaving.,burnout,negative,medium,UnitManager
1678,Barcode scanning added steps and I wasn't paid for staying late.,pay,negative,medium,Payroll
339,Leadership keeps changing the rollout with no explanation.,management,neutral,medium,HR
347,The director canceled our huddle without telling the unit. concerned,management,negative,medium,HR
1566,The vending machines keep eating our money.,other,positive,low,UnitManager
397,Sharps were left unattended in the triage bay. urgent,safety,negative,high,Safety
1283,We can't agree on who handles admissions.,coworker_conflict,neutral,medium,UnitManager
729,The discharge checklist is too long and duplicates the summary. late,workflow,negative,medium,UnitManager
1226,Supervisor plays favorites on shift assignments.,supervisor_behavior,positive,low,HR
922,I can't keep skipping breaks—this is burning me out.,burnout,neutral,medium,UnitManager
1188,Charge nurse raised their voice at me during rounds. great support,supervisor_behavior,positive,low,HR
782,The handoff template is missing fields we actually use.,workflow,negative,medium,UnitManager
278,Management announced changes during lunch with no Q&A. frustrated,management,negative,medium,HR
1560,The vending machines keep eating our money. late,other,negative,low,UnitManager
1056,Someone spread rumors and made me feel unsafe at work. won't,harassment,negative,high,HR
900,I had 7 patients on days including two total cares. worried,patient_load,negative,medium,UnitManager
1385,I was passed over for an assignment due to my accent. angry,discrimination,negative,high,HR
520,The lift is out of service again and the sign-in sheet is full. missing,equipment,negative,medium,UnitManager
946,I'm overwhelmed even after the shift ends.,burnout,negative,medium,UnitManager
331,Leadership keeps changing the rollout with no explanation. went smoothly,management,positive,low,HR
1490,Appreciate the calm leadership during the downtime. pleased,professionalism,positive,low,UnitManager
1437,Comments were made about my background that felt discriminatory. problem,discrimination,negative,high,HR
707,"Per policy, we're supposed to double-check insulin with a second nurse. appreciate",policies,positive,low,HR
603,I'd like more training on the new wound vac device. works well,training,positive,low,HR
293,Leadership keeps changing the rollout with no explanation.,management,positive,low,HR
1450,Appreciate the calm leadership during the downtime. kudos,professionalism,positive,low,UnitManager
1675,The charting took forever after the update.,workflow,negative,medium,UnitManager
1315,We can't agree on who handles admissions. pleased,coworker_conflict,positive,low,UnitManager
174,I can't swap my Friday even though policy says I can request. broken,scheduling,negative,medium,Scheduling
588,The LMS module on sepsis screening was actually helpful—thank you. resolved,training,positive,low,HR
596,The LMS module on sepsis screening was actually helpful—thank you. much better,training,positive,low,HR
399,We called a code gray; security took too long to arrive. angry,safety,negative,high,Safety
575,I'd like more training on the new wound vac device. went smoothly,training,positive,low,HR
308,Leadership wants us to double chart temporarily. much better,management,positive,low,HR
1593,The vending machines keep eating our money. improved,other,positive,low,UnitManager
1043,Someone spread rumors and made me feel unsafe at work. broke,harassment,negative,high,HR
16,New hires keep dropping; staffing remains tight on weekends. missing,staffing,negative,low,UnitManager
1199,Supervisor plays favorites on shift assignments.,supervisor_behavior,neutral,medium,HR
1140,The shift report missed critical details again. missing,communication,negative,medium,UnitManager
1588,My badge reader works only on the second try. appreciate,other,positive,low,UnitManager
1262,A colleague undermines me in front of patients. late,coworker_conflict,negative,medium,UnitManager
1336,There was an argument in the med room that disrupted care. kudos,coworker_conflict,positive,low,UnitManager
896,Assignments are uneven; my side had all new admissions.,patient_load,negative,medium,UnitManager
228,My W-2 has an error with my address.,pay,neutral,medium,Payroll
247,Overtime rate looks incorrect on this pay period.,pay,neutral,medium,Payroll
1553,My badge reader works only on the second try. angry,other,negative,low,UnitManager
1343,There was an argument in the med room that disrupted care. late,coworker_conflict,negative,medium,UnitManager
1187,My supervisor dismissed my concerns in front of the team. thank you,supervisor_behavior,positive,low,HR
1144,We didn't get the update about the new triage flow.,communication,positive,low,UnitManager
1455,The float nurse showed great teamwork and communication. works well,professionalism,positive,low,UnitManager
1618,The vending machines keep eating our money.,other,negative,low,UnitManager
1519,Rounds were efficient and respectful today.,professionalism,neutral,low,UnitManager
1599,Parking is chaotic during shift change.,other,neutral,low,UnitManager
1541,The vending machines keep eating our money. kudos,other,positive,low,UnitManager
1539,The vending machines keep eating our money.,other,neutral,low,UnitManager
78,New hires keep dropping; staffing remains tight on weekends. resolved,staffing,positive,low,UnitManager
1569,The vending machines keep eating our money. can't,other,negative,low,UnitManager
223,My paycheck is missing my weekend differential.,pay,negative,medium,Payroll
1263,There was an argument in the med room that disrupted care. won't,coworker_conflict,negative,medium,UnitManager
1184,Charge nurse raised their voice at me during rounds. missing,supervisor_behavior,negative,medium,HR
1182,Charge nurse raised their voice at me during rounds. broken,supervisor_behavior,negative,medium,HR
1142,The shift report missed critical details again.,communication,neutral,low,UnitManager
734,The handoff template is missing fields we actually use. can't,workflow,negative,medium,UnitManager
316,Leadership keeps changing the rollout with no explanation. unsafe,management,negative,medium,HR
594,Could we get hands-on time with the new EHR features? improved,training,positive,low,HR
1628,Management told us to float without addressing safety concerns.,management,negative,medium,HR
739,New barcode step adds clicks without improving safety. issue,workflow,negative,medium,UnitManager
1399,Comments were made about my background that felt discriminatory.,discrimination,neutral,high,HR
1365,Comments were made about my background that felt discriminatory. broke,discrimination,negative,high,HR
1406,Comments were made about my background that felt discriminatory. didn't work,discrimination,negative,high,HR
459,The portable monitor battery won't hold a charge. broke,equipment,negative,medium,UnitManager
1670,The clinic was quiet today and nothing unusual happened.,other,negative,low,UnitManager
1347,There was an argument in the med room that disrupted care.,coworker_conflict,positive,low,UnitManager
1690,Break room fridge needs cleaning again.,other,negative,low,UnitManager
410,Oxygen alarm failed and no one was alerted.,safety,negative,high,Safety
1402,I believe I received fewer training opportunities due to bias. worried,discrimination,negative,high,HR
91,My shift was moved without notice on the schedule.,scheduling,positive,low,Scheduling
79,Overtime requests keep coming because the roster is thin.,staffing,positive,low,UnitManager
481,One glucometer keeps throwing an error code 3. angry,equipment,negative,medium,UnitManager
127,My shift was moved without notice on the schedule. angry,scheduling,negative,medium,Scheduling
47,Overtime requests keep coming because the roster is thin.,staffing,neutral,low,UnitManager
1648,Leadership changed practice without updating the written policy.,management,negative,medium,HR
29,Charge nurse floated again due to lack of coverage. pleased,staffing,positive,low,UnitManager
1371,I believe I received fewer training opportunities due to bias. frustrated,discrimination,negative,high,HR
824,My pod keeps getting high acuity without help. frustrated,patient_load,negative,medium,UnitManager
1115,We didn't get the update about the new triage flow. worried,communication,negative,medium,UnitManager
1088,Nobody told us the clinic was closing early. broke,communication,negative,medium,UnitManager
346,Management announced changes during lunch with no Q&A. improved,management,positive,low,HR
10,We were short two CNAs on nights and I had to cover extra rooms. appreciate,staffing,positive,low,UnitManager
680,Visitation rules were updated; please provide the latest version. unpaid,policies,negative,medium,HR
938,I'm exhausted and dreading coming in again. problem,burnout,negative,medium,UnitManager
785,The handoff template is missing fields we actually use. unpaid,workflow,negative,medium,UnitManager
502,The IV pump failed calibration mid-infusion. concerned,equipment,negative,medium,UnitManager
8,We were short two CNAs on nights and I had to cover extra rooms.,staffing,neutral,low,UnitManager
340,Management announced changes during lunch with no Q&A.,management,neutral,medium,HR
927,Morale is low; people are talking about leaving.,burnout,neutral,medium,UnitManager
614,We need refreshers for contrast allergy protocols. much better,training,positive,low,HR
577,Could we get hands-on time with the new EHR features? much better,training,positive,low,HR
133,I was put on back-to-back nights and days unexpectedly. frustrated,scheduling,negative,medium,Scheduling
462,The lift is out of service again and the sign-in sheet is full. worried,equipment,negative,medium,UnitManager
1138,Nobody told us the clinic was closing early. thank you,communication,positive,low,UnitManager
791,The discharge checklist is too long and duplicates the summary.,workflow,negative,medium,UnitManager
854,My pod keeps getting high acuity without help.,patient_load,negative,medium,UnitManager
1044,I was harassed by a coworker in the break room.,harassment,neutral,high,HR
36,We were short two CNAs on nights and I had to cover extra rooms. late,staffing,negative,low,UnitManager
499,The portable monitor battery won't hold a charge.,equipment,negative,medium,UnitManager
573,We need refreshers for contrast allergy protocols. improved,training,positive,low,HR
736,The discharge checklist is too long and duplicates the summary. unpaid,workflow,negative,medium,UnitManager
324,Management announced changes during lunch with no Q&A.,management,neutral,medium,HR
238,My W-2 has an error with my address.,pay,neutral,medium,Payroll
5,We were short two CNAs on nights and I had to cover extra rooms.,staffing,negative,low,UnitManager
1614,Parking is chaotic during shift change. broke,other,negative,low,UnitManager
491,The lift is out of service again and the sign-in sheet is full. problem,equipment,negative,medium,UnitManager
904,I'm exhausted and dreading coming in again. problem,burnout,negative,medium,UnitManager
1620,Parking is chaotic during shift change. worried,other,negative,low,UnitManager
909,I'm exhausted and dreading coming in again.,burnout,neutral,medium,UnitManager
1317,A coworker keeps taking my assigned patients without asking. concerned,coworker_conflict,negative,medium,UnitManager
153,The posted schedule doesn't match the app. unpaid,scheduling,negative,medium,Scheduling
545,We need refreshers for contrast allergy protocols. improved,training,positive,low,HR
387,Sharps were left unattended in the triage bay. problem,safety,negative,high,Safety
157,I was put on back-to-back nights and days unexpectedly.,scheduling,negative,medium,Scheduling
1131,No one replied on the group thread about supplies. unsafe,communication,negative,medium,UnitManager
11,Charge nurse floated again due to lack of coverage.,staffing,neutral,low,UnitManager
231,Direct deposit didn't hit this morning. frustrated,pay,negative,medium,Payroll
53,We were short two CNAs on nights and I had to cover extra rooms. resolved,staffing,positive,low,UnitManager
1663,The float rule says we can refuse unsafe assignments.,policies,negative,medium,HR
1516,Appreciate the calm leadership during the downtime. appreciate,professionalism,positive,low,UnitManager
639,The PPE reuse rule changed but we haven't seen the updated policy. can't,policies,negative,medium,HR
657,Visitation rules were updated; please provide the latest version. unpaid,policies,negative,medium,HR
453,The portable monitor battery won't hold a charge. broke,equipment,negative,medium,UnitManager
689,The PPE reuse rule changed but we haven't seen the updated policy. much better,policies,positive,low,HR
143,I can't swap my Friday even though policy says I can request. didn't work,scheduling,negative,medium,Scheduling
1085,The shift report missed critical details again.,communication,neutral,low,UnitManager
256,Overtime rate looks incorrect on this pay period.,pay,neutral,medium,Payroll
137,My shift was moved without notice on the schedule. worried,scheduling,negative,medium,Scheduling
1294,A coworker keeps taking my assigned patients without asking. kudos,coworker_conflict,positive,low,UnitManager
759,New barcode step adds clicks without improving safety. annoyed,workflow,negative,medium,UnitManager
571,We need refreshers for contrast allergy protocols.,training,positive,low,HR
1651,No one informed us about the clinic closure.,communication,negative,medium,UnitManager
756,The charting steps doubled after the update; forms feel redundant. again,workflow,negative,medium,UnitManager
1197,My supervisor ignored the incident report I filed. issue,supervisor_behavior,negative,medium,HR
755,The charting steps doubled after the update; forms feel redundant. urgent,workflow,negative,medium,UnitManager
290,Management announced changes during lunch with no Q&A.,management,neutral,medium,HR
780,The charting steps doubled after the update; forms feel redundant. frustrated,workflow,negative,medium,UnitManager
1598,The vending machines keep eating our money. frustrated,other,negative,low,UnitManager
1265,A colleague undermines me in front of patients. resolved,coworker_conflict,positive,low,UnitManager
1604,The vending machines keep eating our money. worried,other,negative,low,UnitManager
984,I'm overwhelmed even after the shift ends. annoyed,burnout,negative,medium,UnitManager
200,Overtime rate looks incorrect on this pay period.,pay,neutral,medium,Payroll
872,Assignments are uneven; my side had all new admissions. broke,patient_load,negative,medium,UnitManager
1440,I'm being treated differently because of my religion. can't,discrimination,negative,high,HR
644,New float policy says we can refuse unsafe assignments.,policies,neutral,low,HR
1423,I believe I received fewer training opportunities due to bias. unpaid,discrimination,negative,high,HR
73,We were short two CNAs on nights and I had to cover extra rooms. much better,staffing,positive,low,UnitManager
142,I was put on back-to-back nights and days unexpectedly. broke,scheduling,negative,medium,Scheduling
1070,A visitor made repeated inappropriate comments to me. late,harassment,negative,high,HR
461,One glucometer keeps throwing an error code 3. concerned,equipment,negative,medium,UnitManager
1149,No one replied on the group thread about supplies. resolved,communication,positive,low,UnitManager
605,I'd like more training on the new wound vac device. improved,training,positive,low,HR
569,Could we get hands-on time with the new EHR features? thank you,training,positive,low,HR
1255,Charge nurse raised their voice at me during rounds. improved,supervisor_behavior,positive,low,HR
884,Assignments are uneven; my side had all new admissions. broke,patient_load,negative,medium,UnitManager
1186,My supervisor dismissed my concerns in front of the team.,supervisor_behavior,neutral,medium,HR
783,The discharge checklist is too long and duplicates the summary. again,workflow,negative,medium,UnitManager
544,The LMS module on sepsis screening was actually helpful—thank you. improved,training,positive,low,HR
1691,Things felt broken in our process today but no device failed.,workflow,negative,medium,UnitManager
362,Sharps were left unattended in the triage bay.,safety,negative,high,Safety
751,The discharge checklist is too long and duplicates the summary. angry,workflow,negative,medium,UnitManager
323,The director canceled our huddle without telling the unit. late,management,negative,medium,HR
757,New barcode step adds clicks without improving safety.,workflow,negative,medium,UnitManager
963,Morale is low; people are talking about leaving. frustrated,burnout,negative,medium,UnitManager
880,Assignments are uneven; my side had all new admissions. annoyed,patient_load,negative,medium,UnitManager
329,Management announced changes during lunch with no Q&A. thank you,management,positive,low,HR
812,My pod keeps getting high acuity without help. urgent,patient_load,negative,medium,UnitManager
853,My pod keeps getting high acuity without help. again,patient_load,negative,medium,UnitManager
1328,A colleague undermines me in front of patients. angry,coworker_conflict,negative,medium,UnitManager
1111,The shift report missed critical details again. unsafe,communication,negative,medium,UnitManager
1139,We didn't get the update about the new triage flow.,communication,neutral,low,UnitManager
777,The discharge checklist is too long and duplicates the summary. worried,workflow,negative,medium,UnitManager
1523,The float nurse showed great teamwork and communication. improved,professionalism,positive,low,UnitManager
668,The PPE reuse rule changed but we haven't seen the updated policy. worried,policies,negative,medium,HR
1564,My badge reader works only on the second try. works well,other,positive,low,UnitManager
356,Leadership wants us to double chart temporarily. annoyed,management,negative,medium,HR
1488,Rounds were efficient and respectful today. appreciate,professionalism,positive,low,UnitManager
128,My shift was moved without notice on the schedule.,scheduling,neutral,medium,Scheduling
710,New float policy says we can refuse unsafe assignments.,policies,negative,medium,HR
868,Census is up and we don't have float support. frustrated,patient_load,negative,medium,UnitManager
149,My shift was moved without notice on the schedule. issue,scheduling,negative,medium,Scheduling
57,New hires keep dropping; staffing remains tight on weekends.,staffing,positive,low,UnitManager
325,Leadership keeps changing the rollout with no explanation. resolved,management,positive,low,HR
983,I'm overwhelmed even after the shift ends. broke,burnout,negative,medium,UnitManager
432,Panic button didn't work during an incident with a combative visitor. broken,safety,negative,high,Safety
723,The discharge checklist is too long and duplicates the summary. angry,workflow,negative,medium,UnitManager
792,The charting steps doubled after the update; forms feel redundant. angry,workflow,negative,medium,UnitManager
879,My pod keeps getting high acuity without help. angry,patient_load,negative,medium,UnitManager
101,My shift was moved without notice on the schedule.,scheduling,positive,low,Scheduling
552,Could we get hands-on time with the new EHR features? went smoothly,training,positive,low,HR
1458,Appreciate the calm leadership during the downtime. appreciate,professionalism,positive,low,UnitManager
418,We called a code gray; security took too long to arrive. unsafe,safety,negative,high,Safety
330,Leadership keeps changing the rollout with no explanation. thank you,management,positive,low,HR
337,Leadership keeps changing the rollout with no explanation.,management,neutral,medium,HR
156,I was put on back-to-back nights and days unexpectedly.,scheduling,neutral,medium,Scheduling
100,My shift was moved without notice on the schedule.,scheduling,neutral,medium,Scheduling
866,Assignments are uneven; my side had all new admissions. broke,patient_load,negative,medium,UnitManager
262,Overtime rate looks incorrect on this pay period. unpaid,pay,negative,medium,Payroll
582,The LMS module on sepsis screening was actually helpful—thank you.,training,positive,low,HR
1576,Break room microwave is broken again. problem,other,negative,low,UnitManager
1565,Parking is chaotic during shift change.,other,neutral,low,UnitManager
643,Visitation rules were updated; please provide the latest version. went smoothly,policies,positive,low,HR
568,We need refreshers for contrast allergy protocols. went smoothly,training,positive,low,HR
549,We need refreshers for contrast allergy protocols.,training,positive,low,HR
770,New barcode step adds clicks without improving safety. again,workflow,negative,medium,UnitManager
1325,A coworker keeps taking my assigned patients without asking. unpaid,coworker_conflict,negative,medium,UnitManager
878,Assignments are uneven; my side had all new admissions.,patient_load,negative,medium,UnitManager
1153,We didn't get the update about the new triage flow.,communication,neutral,low,UnitManager
621,The LMS module on sepsis screening was actually helpful—thank you. works well,training,positive,low,HR
338,Leadership keeps changing the rollout with no explanation. kudos,management,positive,low,HR
542,We need refreshers for contrast allergy protocols. thank you,training,positive,low,HR
1220,My supervisor ignored the incident report I filed.,supervisor_behavior,neutral,medium,HR
379,Oxygen alarm failed and no one was alerted. won't,safety,negative,high,Safety
994,I was harassed by a coworker in the break room.,harassment,negative,high,HR
1469,The float nurse showed great teamwork and communication.,professionalism,positive,low,UnitManager
566,We need refreshers for contrast allergy protocols.,training,neutral,low,HR
1109,We didn't get the update about the new triage flow.,communication,negative,medium,UnitManager
565,Could we get hands-on time with the new EHR features? improved,training,positive,low,HR
971,I'm overwhelmed even after the shift ends.,burnout,neutral,medium,UnitManager
395,Oxygen alarm failed and no one was alerted. won't,safety,negative,high,Safety
311,The director canceled our huddle without telling the unit. great support,management,positive,low,HR
130,My shift was moved without notice on the schedule.,scheduling,neutral,medium,Scheduling
1046,I was harassed by a coworker in the break room.,harassment,neutral,high,HR
413,Panic button didn't work during an incident with a combative visitor. urgent,safety,negative,high,Safety
457,One glucometer keeps throwing an error code 3. broken,equipment,negative,medium,UnitManager
849,My pod keeps getting high acuity without help.,patient_load,negative,medium,UnitManager
1256,My supervisor ignored the incident report I filed. missing,supervisor_behavior,negative,medium,HR
1552,My badge reader works only on the second try.,other,neutral,low,UnitManager
180,My shift was moved without notice on the schedule.,scheduling,negative,medium,Scheduling
1485,The float nurse showed great teamwork and communication. much better,professionalism,positive,low,UnitManager
844,My pod keeps getting high acuity without help.,patient_load,neutral,medium,UnitManager
1321,There was an argument in the med room that disrupted care. again,coworker_conflict,negative,medium,UnitManager
556,We need refreshers for contrast allergy protocols. went smoothly,training,positive,low,HR
1094,We didn't get the update about the new triage flow. improved,communication,positive,low,UnitManager
1506,Rounds were efficient and respectful today. kudos,professionalism,positive,low,UnitManager
1228,Supervisor plays favorites on shift assignments.,supervisor_behavior,neutral,medium,HR
1271,We can't agree on who handles admissions.,coworker_conflict,negative,medium,UnitManager
1394,I was passed over for an assignment due to my accent. missing,discrimination,negative,high,HR
1214,My supervisor dismissed my concerns in front of the team.,supervisor_behavior,neutral,medium,HR
1067,A patient's family member keeps sending threatening messages. missing,harassment,negative,high,HR
1227,My supervisor ignored the incident report I filed.,supervisor_behavior,negative,medium,HR
1105,We didn't get the update about the new triage flow. unpaid,communication,negative,medium,UnitManager
312,Management announced changes during lunch with no Q&A. frustrated,management,negative,medium,HR
1107,Nobody told us the clinic was closing early. broken,communication,negative,medium,UnitManager
1157,No one replied on the group thread about supplies.,communication,negative,medium,UnitManager
801,The handoff template is missing fields we actually use. again,workflow,negative,medium,UnitManager
62,Charge nurse floated again due to lack of coverage. pleased,staffing,positive,low,UnitManager
1235,My supervisor ignored the incident report I filed.,supervisor_behavior,neutral,medium,HR
1366,Comments were made about my background that felt discriminatory. can't,discrimination,negative,high,HR
147,I was put on back-to-back nights and days unexpectedly. won't,scheduling,negative,medium,Scheduling
1536,The vending machines keep eating our money. concerned,other,negative,low,UnitManager
1540,Parking is chaotic during shift change.,other,positive,low,UnitManager
19,Overtime requests keep coming because the roster is thin. great support,staffing,positive,low,UnitManager
865,My pod keeps getting high acuity without help.,patient_load,negative,medium,UnitManager
1071,I was harassed by a coworker in the break room. angry,harassment,negative,high,HR
43,Overtime requests keep coming because the roster is thin. worried,staffing,negative,low,UnitManager
1400,I was passed over for an assignment due to my accent. worried,discrimination,negative,high,HR
480,The IV pump failed calibration mid-infusion.,equipment,negative,medium,UnitManager
595,The LMS module on sepsis screening was actually helpful—thank you. kudos,training,positive,low,HR
1202,Supervisor plays favorites on shift assignments.,supervisor_behavior,negative,medium,HR
745,New barcode step adds clicks without improving safety. broke,workflow,negative,medium,UnitManager
840,My pod keeps getting high acuity without help. urgent,patient_load,negative,medium,UnitManager
140,My shift was moved without notice on the schedule.,scheduling,positive,low,Scheduling
1467,The float nurse showed great teamwork and communication. much better,professionalism,positive,low,UnitManager
835,Census is up and we don't have float support. missing,patient_load,negative,medium,UnitManager
527,The lift is out of service again and the sign-in sheet is full.,equipment,negative,medium,UnitManager
1592,Parking is chaotic during shift change.,other,positive,low,UnitManager
1045,Someone spread rumors and made me feel unsafe at work.,harassment,negative,high,HR
1087,We didn't get the update about the new triage flow.,communication,negative,medium,UnitManager
179,I was put on back-to-back nights and days unexpectedly. appreciate,scheduling,positive,low,Scheduling
1706,The outpatient clinic was quiet today and nothing unusual happened.,other,positive,low,UnitManager
114,The posted schedule doesn't match the app.,scheduling,neutral,medium,Scheduling
592,I'd like more training on the new wound vac device.,training,positive,low,HR
1664,Management told us to float without addressing safety concerns.,management,negative,medium,HR
1380,I believe I received fewer training opportunities due to bias. late,discrimination,negative,high,HR
1518,Appreciate the calm leadership during the downtime. pleased,professionalism,positive,low,UnitManager
1318,A colleague undermines me in front of patients. broke,coworker_conflict,negative,medium,UnitManager
1156,Nobody told us the clinic was closing early. unsafe,communication,negative,medium,UnitManager
906,Morale is low; people are talking about leaving.,burnout,negative,medium,UnitManager
1491,The float nurse showed great teamwork and communication. pleased,professionalism,positive,low,UnitManager
641,"Per policy, we're supposed to double-check insulin with a second nurse. went smoothly",policies,positive,low,HR
1152,We didn't get the update about the new triage flow. angry,communication,negative,medium,UnitManager
276,Leadership wants us to double chart temporarily. went smoothly,management,positive,low,HR
348,Management announced changes during lunch with no Q&A.,management,positive,low,HR
1456,Team handled a tough code with excellent professionalism—kudos. kudos,professionalism,positive,low,UnitManager
1332,We can't agree on who handles admissions. went smoothly,coworker_conflict,positive,low,UnitManager
192,My paycheck is missing my weekend differential.,pay,neutral,medium,Payroll
589,I'd like more training on the new wound vac device. improved,training,positive,low,HR
1036,A visitor made repeated inappropriate comments to me.,harassment,negative,high,HR
392,Sharps were left unattended in the triage bay. missing,safety,negative,high,Safety
628,I'd like more training on the new wound vac device.,training,neutral,low,HR
1135,No one replied on the group thread about supplies.,communication,positive,low,UnitManager
45,We were short two CNAs on nights and I had to cover extra rooms. went smoothly,staffing,positive,low,UnitManager
798,The handoff template is missing fields we actually use.,workflow,negative,medium,UnitManager
1310,There was an argument in the med room that disrupted care. won't,coworker_conflict,negative,medium,UnitManager
1242,My supervisor dismissed my concerns in front of the team. urgent,supervisor_behavior,negative,medium,HR
1334,We can't agree on who handles admissions.,coworker_conflict,neutral,medium,UnitManager
1205,Charge nurse raised their voice at me during rounds.,supervisor_behavior,neutral,medium,HR
1408,I believe I received fewer training opportunities due to bias. again,discrimination,negative,high,HR
289,The director canceled our huddle without telling the unit. late,management,negative,medium,HR
332,The director canceled our huddle without telling the unit. late,management,negative,medium,HR
1454,Team handled a tough code with excellent professionalism—kudos. much better,professionalism,positive,low,UnitManager
949,I'm overwhelmed even after the shift ends. unpaid,burnout,negative,medium,UnitManager
659,Visitation rules were updated; please provide the latest version. great support,policies,positive,low,HR
620,The LMS module on sepsis screening was actually helpful—thank you. went smoothly,training,positive,low,HR
1114,We didn't get the update about the new triage flow.,communication,negative,medium,UnitManager
897,I had 7 patients on days including two total cares. problem,patient_load,negative,medium,UnitManager
204,My W-2 has an error with my address. kudos,pay,positive,low,Payroll
1303,There was an argument in the med room that disrupted care. went smoothly,coworker_conflict,positive,low,UnitManager
104,The posted schedule doesn't match the app.,scheduling,positive,low,Scheduling
727,The handoff template is missing fields we actually use.,workflow,negative,medium,UnitManager
1026,A patient's family member keeps sending threatening messages. again,harassment,negative,high,HR
567,I'd like more training on the new wound vac device. works well,training,positive,low,HR
1603,Break room microwave is broken again. late,other,negative,low,UnitManager
365,Sharps were left unattended in the triage bay. can't,safety,negative,high,Safety
799,The charting steps doubled after the update; forms feel redundant. broke,workflow,negative,medium,UnitManager
1414,I was passed over for an assignment due to my accent.,discrimination,negative,high,HR
1261,There was an argument in the med room that disrupted care. much better,coworker_conflict,positive,low,UnitManager
121,I can't swap my Friday even though policy says I can request. improved,scheduling,positive,low,Scheduling
786,The handoff template is missing fields we actually use. unsafe,workflow,negative,medium,UnitManager
1693,The charting took forever after the update.,workflow,negative,medium,UnitManager
1625,The timecard tool is confusing to submit approvals.,workflow,negative,medium,UnitManager
1287,A coworker keeps taking my assigned patients without asking.,coworker_conflict,positive,low,UnitManager
869,Census is up and we don't have float support. concerned,patient_load,negative,medium,UnitManager
48,Charge nurse floated again due to lack of coverage.,staffing,positive,low,UnitManager
466,The portable monitor battery won't hold a charge. broke,equipment,negative,medium,UnitManager
350,The director canceled our huddle without telling the unit. unpaid,management,negative,medium,HR
1496,Rounds were efficient and respectful today.,professionalism,positive,low,UnitManager
772,The discharge checklist is too long and duplicates the summary. missing,workflow,negative,medium,UnitManager
1351,I'm being treated differently because of my religion.,discrimination,negative,high,HR
1319,We can't agree on who handles admissions. works well,coworker_conflict,positive,low,UnitManager
248,My paycheck is missing my weekend differential. pleased,pay,positive,low,Payroll
1495,The float nurse showed great teamwork and communication.,professionalism,positive,low,UnitManager
1160,Nobody told us the clinic was closing early. went smoothly,communication,positive,low,UnitManager
1075,Someone spread rumors and made me feel unsafe at work.,harassment,negative,high,HR
1322,A colleague undermines me in front of patients. much better,coworker_conflict,positive,low,UnitManager
645,New float policy says we can refuse unsafe assignments.,policies,negative,medium,HR
1596,Break room microwave is broken again. didn't work,other,negative,low,UnitManager
81,Charge nurse floated again due to lack of coverage.,staffing,neutral,low,UnitManager
541,We need refreshers for contrast allergy protocols. thank you,training,positive,low,HR
887,My pod keeps getting high acuity without help. won't,patient_load,negative,medium,UnitManager
1116,Nobody told us the clinic was closing early. frustrated,communication,negative,medium,UnitManager
1093,We didn't get the update about the new triage flow.,communication,neutral,low,UnitManager
1222,My supervisor dismissed my concerns in front of the team. frustrated,supervisor_behavior,negative,medium,HR
24,Overtime requests keep coming because the roster is thin. can't,staffing,negative,low,UnitManager
1393,Comments were made about my background that felt discriminatory.,discrimination,neutral,high,HR
587,Could we get hands-on time with the new EHR features? much better,training,positive,low,HR
1189,Charge nurse raised their voice at me during rounds.,supervisor_behavior,neutral,medium,HR
674,"Per policy, we're supposed to double-check insulin with a second nurse.",policies,neutral,low,HR
670,Visitation rules were updated; please provide the latest version.,policies,positive,low,HR
580,I'd like more training on the new wound vac device. much better,training,positive,low,HR
969,I'm exhausted and dreading coming in again.,burnout,negative,medium,UnitManager
763,New barcode step adds clicks without improving safety. issue,workflow,negative,medium,UnitManager
715,Visitation rules were updated; please provide the latest version.,policies,neutral,low,HR
56,New hires keep dropping; staffing remains tight on weekends.,staffing,neutral,low,UnitManager
808,The discharge checklist is too long and duplicates the summary. didn't work,workflow,negative,medium,UnitManager
1390,I was passed over for an assignment due to my accent. broke,discrimination,negative,high,HR
1095,The shift report missed critical details again. missing,communication,negative,medium,UnitManager
694,The PPE reuse rule changed but we haven't seen the updated policy.,policies,negative,medium,HR
1386,Comments were made about my background that felt discriminatory. annoyed,discrimination,negative,high,HR
807,The charting steps doubled after the update; forms feel redundant. broke,workflow,negative,medium,UnitManager
287,Leadership keeps changing the rollout with no explanation.,management,neutral,medium,HR
845,Assignments are uneven; my side had all new admissions. unpaid,patient_load,negative,medium,UnitManager
299,Leadership keeps changing the rollout with no explanation.,management,neutral,medium,HR
1053,A visitor made repeated inappropriate comments to me. broke,harassment,negative,high,HR
613,The LMS module on sepsis screening was actually helpful—thank you. went smoothly,training,positive,low,HR
335,Management announced changes during lunch with no Q&A.,management,positive,low,HR
1054,A visitor made repeated inappropriate comments to me. frustrated,harassment,negative,high,HR
1213,Supervisor plays favorites on shift assignments. much better,supervisor_behavior,positive,low,HR
1123,Nobody told us the clinic was closing early. broken,communication,negative,medium,UnitManager
843,Census is up and we don't have float support.,patient_load,negative,medium,UnitManager
112,The posted schedule doesn't match the app. went smoothly,scheduling,positive,low,Scheduling
217,Overtime rate looks incorrect on this pay period.,pay,neutral,medium,Payroll
94,The posted schedule doesn't match the app. urgent,scheduling,negative,medium,Scheduling
1281,A coworker keeps taking my assigned patients without asking. kudos,coworker_conflict,positive,low,UnitManager
1148,The shift report missed critical details again. worried,communication,negative,medium,UnitManager
191,My paycheck is missing my weekend differential. kudos,pay,positive,low,Payroll
444,Oxygen alarm failed and no one was alerted.,safety,negative,high,Safety
766,The discharge checklist is too long and duplicates the summary. issue,workflow,negative,medium,UnitManager
728,New barcode step adds clicks without improving safety. issue,workflow,negative,medium,UnitManager
690,"Per policy, we're supposed to double-check insulin with a second nurse.",policies,neutral,low,HR
3,We were short two CNAs on nights and I had to cover extra rooms. appreciate,staffing,positive,low,UnitManager
272,Leadership wants us to double chart temporarily. won't,management,negative,medium,HR
557,The LMS module on sepsis screening was actually helpful—thank you. thank you,training,positive,low,HR
1684,Leadership changed practice without updating the written policy.,management,negative,medium,HR
1698,My timecard shows the wrong overtime rate.,pay,negative,medium,Payroll
345,The director canceled our huddle without telling the unit.,management,neutral,medium,HR
1259,My supervisor dismissed my concerns in front of the team.,supervisor_behavior,neutral,medium,HR
182,Direct deposit didn't hit this morning. late,pay,negative,medium,Payroll
1062,A visitor made repeated inappropriate comments to me.,harassment,neutral,high,HR
975,Morale is low; people are talking about leaving. worried,burnout,negative,medium,UnitManager
1446,Rounds were efficient and respectful today. resolved,professionalism,positive,low,UnitManager
540,One glucometer keeps throwing an error code 3.,equipment,neutral,low,UnitManager
1657,The charting took forever after the update.,workflow,negative,medium,UnitManager
472,The portable monitor battery won't hold a charge.,equipment,negative,medium,UnitManager
1198,Charge nurse raised their voice at me during rounds.,supervisor_behavior,neutral,medium,HR
1068,A visitor made repeated inappropriate comments to me. didn't work,harassment,negative,high,HR
1505,Team handled a tough code with excellent professionalism—kudos. great support,professionalism,positive,low,UnitManager
936,I'm exhausted and dreading coming in again. missing,burnout,negative,medium,UnitManager
907,I'm overwhelmed even after the shift ends. urgent,burnout,negative,medium,UnitManager
132,I can't swap my Friday even though policy says I can request.,scheduling,neutral,medium,Scheduling
139,My shift was moved without notice on the schedule.,scheduling,neutral,medium,Scheduling
846,Census is up and we don't have float support.,patient_load,negative,medium,UnitManager
1388,I was passed over for an assignment due to my accent. unsafe,discrimination,negative,high,HR
1250,My supervisor dismissed my concerns in front of the team. kudos,supervisor_behavior,positive,low,HR
1653,A coworker keeps interrupting my patient education sessions.,coworker_conflict,negative,medium,UnitManager
699,New float policy says we can refuse unsafe assignments.,policies,neutral,low,HR
342,Leadership keeps changing the rollout with no explanation. great support,management,positive,low,HR
538,The lift is out of service again and the sign-in sheet is full. frustrated,equipment,negative,medium,UnitManager
939,I'm overwhelmed even after the shift ends. worried,burnout,negative,medium,UnitManager
181,Overtime rate looks incorrect on this pay period. thank you,pay,positive,low,Payroll
257,Direct deposit didn't hit this morning. broken,pay,negative,medium,Payroll
661,The PPE reuse rule changed but we haven't seen the updated policy.,policies,neutral,low,HR
944,I'm overwhelmed even after the shift ends. late,burnout,negative,medium,UnitManager
1274,A colleague undermines me in front of patients. broken,coworker_conflict,negative,medium,UnitManager
436,Panic button didn't work during an incident with a combative visitor. again,safety,negative,high,Safety
50,Overtime requests keep coming because the roster is thin. again,staffing,negative,low,UnitManager
925,I can't keep skipping breaks—this is burning me out.,burnout,neutral,medium,UnitManager
374,Sharps were left unattended in the triage bay.,safety,negative,high,Safety
793,The discharge checklist is too long and duplicates the summary.,workflow,negative,medium,UnitManager
159,I can't swap my Friday even though policy says I can request.,scheduling,neutral,medium,Scheduling
406,Oxygen alarm failed and no one was alerted. problem,safety,negative,high,Safety
487,One glucometer keeps throwing an error code 3.,equipment,negative,medium,UnitManager
874,Assignments are uneven; my side had all new admissions. issue,patient_load,negative,medium,UnitManager
414,Panic button didn't work during an incident with a combative visitor. can't,safety,negative,high,Safety
1513,Rounds were efficient and respectful today. pleased,professionalism,positive,low,UnitManager
1666,Leadership changed practice without updating the written policy.,management,negative,medium,HR
1525,Team handled a tough code with excellent professionalism—kudos.,professionalism,neutral,low,UnitManager
1397,I believe I received fewer training opportunities due to bias. annoyed,discrimination,negative,high,HR
1338,A coworker keeps taking my assigned patients without asking.,coworker_conflict,neutral,medium,UnitManager
341,The director canceled our huddle without telling the unit. broken,management,negative,medium,HR
1472,Team handled a tough code with excellent professionalism—kudos. resolved,professionalism,positive,low,UnitManager
1421,I'm being treated differently because of my religion.,discrimination,neutral,high,HR
898,My pod keeps getting high acuity without help.,patient_load,neutral,medium,UnitManager
135,The posted schedule doesn't match the app. unpaid,scheduling,negative,medium,Scheduling
455,The portable monitor battery won't hold a charge. didn't work,equipment,negative,medium,UnitManager
1392,I believe I received fewer training opportunities due to bias. angry,discrimination,negative,high,HR
602,The LMS module on sepsis screening was actually helpful—thank you. appreciate,training,positive,low,HR
1650,The weekend schedule was posted late and conflicts with my availability.,scheduling,negative,medium,Scheduling
623,Could we get hands-on time with the new EHR features? improved,training,positive,low,HR
1689,A coworker keeps interrupting my patient education sessions.,coworker_conflict,negative,medium,UnitManager
218,Overtime rate looks incorrect on this pay period. went smoothly,pay,positive,low,Payroll
450,Sharps were left unattended in the triage bay.,safety,negative,high,Safety
1561,Break room microwave is broken again.,other,positive,low,UnitManager
1196,Charge nurse raised their voice at me during rounds. angry,supervisor_behavior,negative,medium,HR
1200,My supervisor ignored the incident report I filed. unsafe,supervisor_behavior,negative,medium,HR
160,I was put on back-to-back nights and days unexpectedly. much better,scheduling,positive,low,Scheduling
744,The charting steps doubled after the update; forms feel redundant. unpaid,workflow,negative,medium,UnitManager
1106,Nobody told us the clinic was closing early. appreciate,communication,positive,low,UnitManager
458,One glucometer keeps throwing an error code 3.,equipment,negative,medium,UnitManager
283,Management announced changes during lunch with no Q&A.,management,neutral,medium,HR
1344,A colleague undermines me in front of patients.,coworker_conflict,negative,medium,UnitManager
1682,Management told us to float without addressing safety concerns.,management,negative,medium,HR
935,I'm overwhelmed even after the shift ends. concerned,burnout,negative,medium,UnitManager
1077,I was harassed by a coworker in the break room. unpaid,harassment,negative,high,HR
548,We need refreshers for contrast allergy protocols. appreciate,training,positive,low,HR
1579,Parking is chaotic during shift change.,other,positive,low,UnitManager
627,Could we get hands-on time with the new EHR features? resolved,training,positive,low,HR
351,Leadership keeps changing the rollout with no explanation.,management,neutral,medium,HR
421,Oxygen alarm failed and no one was alerted.,safety,negative,high,Safety
660,"Per policy, we're supposed to double-check insulin with a second nurse. resolved",policies,positive,low,HR
1502,The float nurse showed great teamwork and communication. resolved,professionalism,positive,low,UnitManager
918,I can't keep skipping breaks—this is burning me out.,burnout,negative,medium,UnitManager
70,Charge nurse floated again due to lack of coverage.,staffing,neutral,low,UnitManager
1049,I was harassed by a coworker in the break room. worried,harassment,negative,high,HR
1610,Break room microwave is broken again.,other,neutral,low,UnitManager
1524,Rounds were efficient and respectful today. great support,professionalism,positive,low,UnitManager
1554,Parking is chaotic during shift change. resolved,other,positive,low,UnitManager
1339,We can't agree on who handles admissions.,coworker_conflict,negative,medium,UnitManager
227,My paycheck is missing my weekend differential. went smoothly,pay,positive,low,Payroll
39,Charge nurse floated again due to lack of coverage.,staffing,neutral,low,UnitManager
671,New float policy says we can refuse unsafe assignments. appreciate,policies,positive,low,HR
1475,Team handled a tough code with excellent professionalism—kudos. resolved,professionalism,positive,low,UnitManager
678,The PPE reuse rule changed but we haven't seen the updated policy.,policies,neutral,low,HR
373,Panic button didn't work during an incident with a combative visitor. frustrated,safety,negative,high,Safety
1163,No one replied on the group thread about supplies. great support,communication,positive,low,UnitManager
185,Direct deposit didn't hit this morning. resolved,pay,positive,low,Payroll
1545,The vending machines keep eating our money. again,other,negative,low,UnitManager
1665,Policy requires a double-check for insulin dosing.,policies,negative,medium,HR
1236,Charge nurse raised their voice at me during rounds.,supervisor_behavior,positive,low,HR
901,I can't keep skipping breaks—this is burning me out. unpaid,burnout,negative,medium,UnitManager
469,The lift is out of service again and the sign-in sheet is full. again,equipment,negative,medium,UnitManager
250,Direct deposit didn't hit this morning.,pay,neutral,medium,Payroll
1031,A visitor made repeated inappropriate comments to me.,harassment,negative,high,HR
512,The portable monitor battery won't hold a charge. annoyed,equipment,negative,medium,UnitManager
838,Assignments are uneven; my side had all new admissions. won't,patient_load,negative,medium,UnitManager
1113,No one replied on the group thread about supplies.,communication,negative,medium,UnitManager
17,Charge nurse floated again due to lack of coverage. won't,staffing,negative,low,UnitManager
1694,The charting took forever and I had to stay 30 minutes unpaid.,pay,negative,medium,Payroll
267,Overtime rate looks incorrect on this pay period. won't,pay,negative,medium,Payroll
970,I can't keep skipping breaks—this is burning me out. concerned,burnout,negative,medium,UnitManager
912,I'm exhausted and dreading coming in again. worried,burnout,negative,medium,UnitManager
1571,The vending machines keep eating our money. broke,other,negative,low,UnitManager
1531,My badge reader works only on the second try. broken,other,negative,low,UnitManager
870,I had 7 patients on days including two total cares. broken,patient_load,negative,medium,UnitManager
124,I can't swap my Friday even though policy says I can request.,scheduling,positive,low,Scheduling
1434,Comments were made about my background that felt discriminatory.,discrimination,neutral,high,HR
941,I can't keep skipping breaks—this is burning me out. concerned,burnout,negative,medium,UnitManager
1289,There was an argument in the med room that disrupted care. frustrated,coworker_conflict,negative,medium,UnitManager
235,Direct deposit didn't hit this morning. broke,pay,negative,medium,Payroll
1348,A coworker keeps taking my assigned patients without asking. frustrated,coworker_conflict,negative,medium,UnitManager
382,We called a code gray; security took too long to arrive. didn't work,safety,negative,high,Safety
479,The portable monitor battery won't hold a charge. won't,equipment,negative,medium,UnitManager
1383,I'm being treated differently because of my religion. issue,discrimination,negative,high,HR
794,The charting steps doubled after the update; forms feel redundant.,workflow,negative,medium,UnitManager
1659,Barcode scanning adds steps to med pass.,workflow,neutral,low,UnitManager
1416,I believe I received fewer training opportunities due to bias.,discrimination,negative,high,HR
522,The IV pump failed calibration mid-infusion. broke,equipment,negative,medium,UnitManager
919,I can't keep skipping breaks—this is burning me out.,burnout,negative,medium,UnitManager
494,The portable monitor battery won't hold a charge. again,equipment,negative,medium,UnitManager
482,The IV pump failed calibration mid-infusion. problem,equipment,negative,medium,UnitManager
120,My shift was moved without notice on the schedule.,scheduling,neutral,medium,Scheduling
664,The PPE reuse rule changed but we haven't seen the updated policy. broke,policies,negative,medium,HR
953,I can't keep skipping breaks—this is burning me out. late,burnout,negative,medium,UnitManager
586,The LMS module on sepsis screening was actually helpful—thank you. went smoothly,training,positive,low,HR
106,I can't swap my Friday even though policy says I can request.,scheduling,negative,medium,Scheduling
310,Leadership keeps changing the rollout with no explanation. broken,management,negative,medium,HR
32,Overtime requests keep coming because the roster is thin.,staffing,neutral,low,UnitManager
1170,We didn't get the update about the new triage flow.,communication,neutral,low,UnitManager
76,We were short two CNAs on nights and I had to cover extra rooms. appreciate,staffing,positive,low,UnitManager
752,New barcode step adds clicks without improving safety.,workflow,negative,medium,UnitManager
246,My W-2 has an error with my address. again,pay,negative,medium,Payroll
1180,My supervisor dismissed my concerns in front of the team. thank you,supervisor_behavior,positive,low,HR
920,I'm exhausted and dreading coming in again.,burnout,neutral,medium,UnitManager
1016,A visitor made repeated inappropriate comments to me.,harassment,negative,high,HR
1654,Break room fridge needs cleaning again.,other,neutral,low,UnitManager
234,My W-2 has an error with my address. unpaid,pay,negative,medium,Payroll
663,Visitation rules were updated; please provide the latest version.,policies,positive,low,HR
35,New hires keep dropping; staffing remains tight on weekends. missing,staffing,negative,low,UnitManager
1129,No one replied on the group thread about supplies.,communication,neutral,low,UnitManager
186,My W-2 has an error with my address.,pay,neutral,medium,Payroll
610,The LMS module on sepsis screening was actually helpful—thank you. kudos,training,positive,low,HR
1595,Parking is chaotic during shift change.,other,positive,low,UnitManager
536,The IV pump failed calibration mid-infusion. concerned,equipment,negative,medium,UnitManager
1478,Team handled a tough code with excellent professionalism—kudos. pleased,professionalism,positive,low,UnitManager
302,Leadership wants us to double chart temporarily.,management,positive,low,HR
802,New barcode step adds clicks without improving safety.,workflow,neutral,low,UnitManager
1331,There was an argument in the med room that disrupted care.,coworker_conflict,neutral,medium,UnitManager
1247,My supervisor ignored the incident report I filed. worried,supervisor_behavior,negative,medium,HR
1064,I was harassed by a coworker in the break room. concerned,harassment,negative,high,HR
1556,Break room microwave is broken again.,other,neutral,low,UnitManager
1645,The float rule says we can refuse unsafe assignments.,policies,neutral,low,HR
1509,Rounds were efficient and respectful today. appreciate,professionalism,positive,low,UnitManager
1260,My supervisor ignored the incident report I filed.,supervisor_behavior,positive,low,HR
1551,Break room microwave is broken again. improved,other,positive,low,UnitManager
676,New float policy says we can refuse unsafe assignments. great support,policies,positive,low,HR
265,Overtime rate looks incorrect on this pay period.,pay,neutral,medium,Payroll
1537,My badge reader works only on the second try. much better,other,positive,low,UnitManager
863,Assignments are uneven; my side had all new admissions. worried,patient_load,negative,medium,UnitManager
1012,I was harassed by a coworker in the break room. issue,harassment,negative,high,HR
15,We were short two CNAs on nights and I had to cover extra rooms. much better,staffing,positive,low,UnitManager
551,We need refreshers for contrast allergy protocols. much better,training,positive,low,HR
98,I can't swap my Friday even though policy says I can request. can't,scheduling,negative,medium,Scheduling
304,Leadership keeps changing the rollout with no explanation. kudos,management,positive,low,HR
1057,Someone spread rumors and made me feel unsafe at work. can't,harassment,negative,high,HR
1066,A visitor made repeated inappropriate comments to me. missing,harassment,negative,high,HR
1132,Nobody told us the clinic was closing early.,communication,neutral,low,UnitManager
1258,Charge nurse raised their voice at me during rounds.,supervisor_behavior,neutral,medium,HR
219,Direct deposit didn't hit this morning. great support,pay,positive,low,Payroll
903,Morale is low; people are talking about leaving. won't,burnout,negative,medium,UnitManager
431,Panic button didn't work during an incident with a combative visitor. can't,safety,negative,high,Safety
243,Overtime rate looks incorrect on this pay period. kudos,pay,positive,low,Payroll
1615,Parking is chaotic during shift change.,other,neutral,low,UnitManager
428,We called a code gray; security took too long to arrive. missing,safety,negative,high,Safety
1266,We can't agree on who handles admissions.,coworker_conflict,neutral,medium,UnitManager
1337,A coworker keeps taking my assigned patients without asking. again,coworker_conflict,negative,medium,UnitManager
344,Management announced changes during lunch with no Q&A. won't,management,negative,medium,HR
1272,A coworker keeps taking my assigned patients without asking. missing,coworker_conflict,negative,medium,UnitManager
950,Morale is low; people are talking about leaving. missing,burnout,negative,medium,UnitManager
1465,The float nurse showed great teamwork and communication.,professionalism,neutral,low,UnitManager
294,Leadership wants us to double chart temporarily. won't,management,negative,medium,HR
423,Sharps were left unattended in the triage bay. issue,safety,negative,high,Safety
1452,Appreciate the calm leadership during the downtime.,professionalism,neutral,low,UnitManager
836,Census is up and we don't have float support.,patient_load,negative,medium,UnitManager
433,Sharps were left unattended in the triage bay.,safety,negative,high,Safety
992,A visitor made repeated inappropriate comments to me. annoyed,harassment,negative,high,HR
1441,Appreciate the calm leadership during the downtime. improved,professionalism,positive,low,UnitManager
1515,Appreciate the calm leadership during the downtime.,professionalism,positive,low,UnitManager
1591,Break room microwave is broken again.,other,neutral,low,UnitManager
1324,A coworker keeps taking my assigned patients without asking. late,coworker_conflict,negative,medium,UnitManager
1559,Break room microwave is broken again.,other,negative,low,UnitManager
97,The posted schedule doesn't match the app.,scheduling,neutral,medium,Scheduling
254,Direct deposit didn't hit this morning. missing,pay,negative,medium,Payroll
468,The lift is out of service again and the sign-in sheet is full. late,equipment,negative,medium,UnitManager
642,The PPE reuse rule changed but we haven't seen the updated policy. unsafe,policies,negative,medium,HR
474,The portable monitor battery won't hold a charge. unsafe,equipment,negative,medium,UnitManager
673,The PPE reuse rule changed but we haven't seen the updated policy. won't,policies,negative,medium,HR
189,Overtime rate looks incorrect on this pay period. went smoothly,pay,positive,low,Payroll
34,New hires keep dropping; staffing remains tight on weekends.,staffing,neutral,low,UnitManager
1350,We can't agree on who handles admissions. improved,coworker_conflict,positive,low,UnitManager
441,Panic button didn't work during an incident with a combative visitor. unsafe,safety,negative,high,Safety
1577,Break room microwave is broken again. broken,other,negative,low,UnitManager
376,Panic button didn't work during an incident with a combative visitor.,safety,negative,high,Safety
1178,My supervisor dismissed my concerns in front of the team. improved,supervisor_behavior,positive,low,HR
1401,I was passed over for an assignment due to my accent. worried,discrimination,negative,high,HR
1048,A visitor made repeated inappropriate comments to me.,harassment,negative,high,HR
201,Direct deposit didn't hit this morning. late,pay,negative,medium,Payroll
746,The charting steps doubled after the update; forms feel redundant. unpaid,workflow,negative,medium,UnitManager
942,I'm exhausted and dreading coming in again. didn't work,burnout,negative,medium,UnitManager
237,My paycheck is missing my weekend differential. improved,pay,positive,low,Payroll
490,The portable monitor battery won't hold a charge.,equipment,negative,medium,UnitManager
175,I was put on back-to-back nights and days unexpectedly.,scheduling,neutral,medium,Scheduling
546,The LMS module on sepsis screening was actually helpful—thank you. much better,training,positive,low,HR
570,Could we get hands-on time with the new EHR features? went smoothly,training,positive,low,HR
861,I had 7 patients on days including two total cares. missing,patient_load,negative,medium,UnitManager
1032,A visitor made repeated inappropriate comments to me. won't,harassment,negative,high,HR
270,My paycheck is missing my weekend differential.,pay,negative,medium,Payroll
828,Census is up and we don't have float support. worried,patient_load,negative,medium,UnitManager
1050,Someone spread rumors and made me feel unsafe at work. can't,harassment,negative,high,HR
298,The director canceled our huddle without telling the unit.,management,positive,low,HR
359,Leadership wants us to double chart temporarily. kudos,management,positive,low,HR
1264,There was an argument in the med room that disrupted care. thank you,coworker_conflict,positive,low,UnitManager
1010,A visitor made repeated inappropriate comments to me.,harassment,negative,high,HR
279,Management announced changes during lunch with no Q&A. concerned,management,negative,medium,HR
830,Assignments are uneven; my side had all new admissions. problem,patient_load,negative,medium,UnitManager
87,Charge nurse floated again due to lack of coverage.,staffing,neutral,low,UnitManager
1407,I'm being treated differently because of my religion. didn't work,discrimination,negative,high,HR
1244,Charge nurse raised their voice at me during rounds. appreciate,supervisor_behavior,positive,low,HR
1037,A patient's family member keeps sending threatening messages.,harassment,negative,high,HR
117,My shift was moved without notice on the schedule. concerned,scheduling,negative,medium,Scheduling
859,Census is up and we don't have float support. angry,patient_load,negative,medium,UnitManager
891,Assignments are uneven; my side had all new admissions. broken,patient_load,negative,medium,UnitManager
7,We were short two CNAs on nights and I had to cover extra rooms. won't,staffing,negative,low,UnitManager
1687,No one informed us about the clinic closure.,communication,negative,medium,UnitManager
1375,I was passed over for an assignment due to my accent. annoyed,discrimination,negative,high,HR
997,A patient's family member keeps sending threatening messages.,harassment,negative,high,HR
269,My paycheck is missing my weekend differential.,pay,neutral,medium,Payroll
553,We need refreshers for contrast allergy protocols.,training,neutral,low,HR
1567,The vending machines keep eating our money. kudos,other,positive,low,UnitManager
58,Overtime requests keep coming because the roster is thin.,staffing,neutral,low,UnitManager
1387,I was passed over for an assignment due to my accent. annoyed,discrimination,negative,high,HR
498,One glucometer keeps throwing an error code 3. broke,equipment,negative,medium,UnitManager
430,We called a code gray; security took too long to arrive. can't,safety,negative,high,Safety
1267,A coworker keeps taking my assigned patients without asking.,coworker_conflict,neutral,medium,UnitManager
945,I'm overwhelmed even after the shift ends. issue,burnout,negative,medium,UnitManager
280,Management announced changes during lunch with no Q&A.,management,negative,medium,HR
1209,My supervisor ignored the incident report I filed. much better,supervisor_behavior,positive,low,HR
1428,I believe I received fewer training opportunities due to bias. didn't work,discrimination,negative,high,HR
1300,A coworker keeps taking my assigned patients without asking.,coworker_conflict,negative,medium,UnitManager
555,We need refreshers for contrast allergy protocols. resolved,training,positive,low,HR
1159,The shift report missed critical details again.,communication,positive,low,UnitManager
1245,My supervisor dismissed my concerns in front of the team. missing,supervisor_behavior,negative,medium,HR
60,Charge nurse floated again due to lack of coverage. improved,staffing,positive,low,UnitManager
564,I'd like more training on the new wound vac device. much better,training,positive,low,HR
519,The portable monitor battery won't hold a charge. again,equipment,negative,medium,UnitManager
899,I had 7 patients on days including two total cares. didn't work,patient_load,negative,medium,UnitManager
1000,Someone spread rumors and made me feel unsafe at work. again,harassment,negative,high,HR
1079,I was harassed by a coworker in the break room.,harassment,negative,high,HR
1609,Break room microwave is broken again. late,other,negative,low,UnitManager
259,My paycheck is missing my weekend differential. concerned,pay,negative,medium,Payroll
1501,Rounds were efficient and respectful today. much better,professionalism,positive,low,UnitManager
1083,We didn't get the update about the new triage flow.,communication,positive,low,UnitManager
169,The posted schedule doesn't match the app.,scheduling,neutral,medium,Scheduling
131,I was put on back-to-back nights and days unexpectedly. appreciate,scheduling,positive,low,Scheduling
386,Oxygen alarm failed and no one was alerted.,safety,neutral,high,Safety
1444,The float nurse showed great teamwork and communication. thank you,professionalism,positive,low,UnitManager
1192,My supervisor dismissed my concerns in front of the team.,supervisor_behavior,negative,medium,HR
706,The PPE reuse rule changed but we haven't seen the updated policy. again,policies,negative,medium,HR
419,Sharps were left unattended in the triage bay.,safety,negative,high,Safety
163,The posted schedule doesn't match the app.,scheduling,neutral,medium,Scheduling
364,Panic button didn't work during an incident with a combative visitor. urgent,safety,negative,high,Safety
1418,I'm being treated differently because of my religion. problem,discrimination,negative,high,HR
1295,A colleague undermines me in front of patients. kudos,coworker_conflict,positive,low,UnitManager
1606,My badge reader works only on the second try. frustrated,other,negative,low,UnitManager
1431,I'm being treated differently because of my religion.,discrimination,negative,high,HR
617,The LMS module on sepsis screening was actually helpful—thank you. works well,training,positive,low,HR
702,Visitation rules were updated; please provide the latest version.,policies,neutral,low,HR
1374,Comments were made about my background that felt discriminatory. can't,discrimination,negative,high,HR
966,I'm exhausted and dreading coming in again.,burnout,neutral,medium,UnitManager
948,I'm exhausted and dreading coming in again. again,burnout,negative,medium,UnitManager
788,New barcode step adds clicks without improving safety. issue,workflow,negative,medium,UnitManager
609,I'd like more training on the new wound vac device. kudos,training,positive,low,HR
89,New hires keep dropping; staffing remains tight on weekends. again,staffing,negative,low,UnitManager
1108,Nobody told us the clinic was closing early.,communication,neutral,low,UnitManager
214,My W-2 has an error with my address.,pay,neutral,medium,Payroll
1627,The float rule says we can refuse unsafe assignments.,policies,positive,low,HR
161,I was put on back-to-back nights and days unexpectedly. unpaid,scheduling,negative,medium,Scheduling
1510,The float nurse showed great teamwork and communication. works well,professionalism,positive,low,UnitManager
651,Visitation rules were updated; please provide the latest version. issue,policies,negative,medium,HR
1145,No one replied on the group thread about supplies. issue,communication,negative,medium,UnitManager
1474,Appreciate the calm leadership during the downtime. great support,professionalism,positive,low,UnitManager
210,Direct deposit didn't hit this morning.,pay,negative,medium,Payroll
307,Management announced changes during lunch with no Q&A. didn't work,management,negative,medium,HR
691,The PPE reuse rule changed but we haven't seen the updated policy.,policies,negative,medium,HR
205,Overtime rate looks incorrect on this pay period. again,pay,negative,medium,Payroll
1231,My supervisor dismissed my concerns in front of the team.,supervisor_behavior,neutral,medium,HR
1503,Appreciate the calm leadership during the downtime.,professionalism,neutral,low,UnitManager
943,I can't keep skipping breaks—this is burning me out. angry,burnout,negative,medium,UnitManager
1677,Barcode scanning adds steps to med pass.,workflow,negative,medium,UnitManager
1030,A visitor made repeated inappropriate comments to me. problem,harassment,negative,high,HR
1118,Nobody told us the clinic was closing early.,communication,neutral,low,UnitManager
408,Panic button didn't work during an incident with a combative visitor.,safety,negative,high,Safety
411,Panic button didn't work during an incident with a combative visitor. issue,safety,negative,high,Safety
1001,I was harassed by a coworker in the break room. frustrated,harassment,negative,high,HR
1007,A patient's family member keeps sending threatening messages. missing,harassment,negative,high,HR
41,We were short two CNAs on nights and I had to cover extra rooms. works well,staffing,positive,low,UnitManager
705,The PPE reuse rule changed but we haven't seen the updated policy. improved,policies,positive,low,HR
1633,No one informed us about the outpatient clinic closure.,communication,negative,medium,UnitManager
1395,I'm being treated differently because of my religion.,discrimination,negative,high,HR
693,New float policy says we can refuse unsafe assignments. pleased,policies,positive,low,HR
981,Morale is low; people are talking about leaving.,burnout,negative,medium,UnitManager
1521,Team handled a tough code with excellent professionalism—kudos. resolved,professionalism,positive,low,UnitManager
964,I'm exhausted and dreading coming in again.,burnout,negative,medium,UnitManager
1479,Rounds were efficient and respectful today. pleased,professionalism,positive,low,UnitManager
1194,My supervisor ignored the incident report I filed.,supervisor_behavior,negative,medium,HR
446,Oxygen alarm failed and no one was alerted. broken,safety,negative,high,Safety
1378,I'm being treated differently because of my religion.,discrimination,neutral,high,HR
260,My paycheck is missing my weekend differential. broke,pay,negative,medium,Payroll
1639,The charting took forever after the update.,workflow,negative,medium,UnitManager
1286,There was an argument in the med room that disrupted care.,coworker_conflict,neutral,medium,UnitManager
1438,Comments were made about my background that felt discriminatory. unsafe,discrimination,negative,high,HR
1059,A patient's family member keeps sending threatening messages. frustrated,harassment,negative,high,HR
1379,I was passed over for an assignment due to my accent.,discrimination,negative,high,HR
358,Management announced changes during lunch with no Q&A.,management,neutral,medium,HR
1082,The shift report missed critical details again.,communication,neutral,low,UnitManager
1669,No one informed us about the clinic closure.,communication,negative,medium,UnitManager
305,Leadership keeps changing the rollout with no explanation. works well,management,positive,low,HR
995,A visitor made repeated inappropriate comments to me. frustrated,harassment,negative,high,HR
242,My paycheck is missing my weekend differential. worried,pay,negative,medium,Payroll
716,Visitation rules were updated; please provide the latest version. again,policies,negative,medium,HR
562,We need refreshers for contrast allergy protocols.,training,positive,low,HR
176,My shift was moved without notice on the schedule. annoyed,scheduling,negative,medium,Scheduling
85,Charge nurse floated again due to lack of coverage.,staffing,negative,low,UnitManager
1422,I believe I received fewer training opportunities due to bias. concerned,discrimination,negative,high,HR
93,I can't swap my Friday even though policy says I can request. won't,scheduling,negative,medium,Scheduling
1671,A coworker keeps interrupting my patient education sessions.,coworker_conflict,negative,medium,UnitManager
976,Morale is low; people are talking about leaving.,burnout,negative,medium,UnitManager
1061,A visitor made repeated inappropriate comments to me. urgent,harassment,negative,high,HR
871,My pod keeps getting high acuity without help.,patient_load,negative,medium,UnitManager
1462,Team handled a tough code with excellent professionalism—kudos. much better,professionalism,positive,low,UnitManager
1555,My badge reader works only on the second try.,other,neutral,low,UnitManager
394,We called a code gray; security took too long to arrive. can't,safety,negative,high,Safety
119,My shift was moved without notice on the schedule. unpaid,scheduling,negative,medium,Scheduling
1382,I was passed over for an assignment due to my accent. unsafe,discrimination,negative,high,HR
1529,The float nurse showed great teamwork and communication.,professionalism,neutral,low,UnitManager
718,Visitation rules were updated; please provide the latest version.,policies,negative,medium,HR
1656,The IV pump was broken mid-infusion and alarmed repeatedly.,equipment,negative,medium,UnitManager
1097,Nobody told us the clinic was closing early. concerned,communication,negative,medium,UnitManager
268,My paycheck is missing my weekend differential.,pay,neutral,medium,Payroll
488,The portable monitor battery won't hold a charge.,equipment,negative,medium,UnitManager
1073,A visitor made repeated inappropriate comments to me.,harassment,negative,high,HR
404,We called a code gray; security took too long to arrive.,safety,neutral,high,Safety
69,New hires keep dropping; staffing remains tight on weekends.,staffing,positive,low,UnitManager
1708,Break room fridge needs cleaning again.,other,negative,low,UnitManager
508,One glucometer keeps throwing an error code 3. won't,equipment,negative,medium,UnitManager
483,The IV pump failed calibration mid-infusion. frustrated,equipment,negative,medium,UnitManager
202,My W-2 has an error with my address. missing,pay,negative,medium,Payroll
1246,My supervisor dismissed my concerns in front of the team.,supervisor_behavior,neutral,medium,HR
529,The IV pump failed calibration mid-infusion.,equipment,negative,medium,UnitManager
501,The lift is out of service again and the sign-in sheet is full. unpaid,equipment,negative,medium,UnitManager
1481,Appreciate the calm leadership during the downtime.,professionalism,neutral,low,UnitManager
1550,The vending machines keep eating our money.,other,neutral,low,UnitManager
1335,There was an argument in the med room that disrupted care.,coworker_conflict,neutral,medium,UnitManager
974,I'm overwhelmed even after the shift ends. problem,burnout,negative,medium,UnitManager
1486,Team handled a tough code with excellent professionalism—kudos. appreciate,professionalism,positive,low,UnitManager
1476,The float nurse showed great teamwork and communication. thank you,professionalism,positive,low,UnitManager
537,One glucometer keeps throwing an error code 3. concerned,equipment,negative,medium,UnitManager
1276,There was an argument in the med room that disrupted care.,coworker_conflict,neutral,medium,UnitManager
862,Assignments are uneven; my side had all new admissions. late,patient_load,negative,medium,UnitManager
1369,I'm being treated differently because of my religion. annoyed,discrimination,negative,high,HR
1522,Team handled a tough code with excellent professionalism—kudos. resolved,professionalism,positive,low,UnitManager
1060,A visitor made repeated inappropriate comments to me. again,harassment,negative,high,HR
1078,A visitor made repeated inappropriate comments to me. can't,harassment,negative,high,HR
750,The discharge checklist is too long and duplicates the summary. broken,workflow,negative,medium,UnitManager
625,The LMS module on sepsis screening was actually helpful—thank you.,training,positive,low,HR
1022,I was harassed by a coworker in the break room. unsafe,harassment,negative,high,HR
1544,Parking is chaotic during shift change.,other,neutral,low,UnitManager
1185,Supervisor plays favorites on shift assignments. works well,supervisor_behavior,positive,low,HR
178,I was put on back-to-back nights and days unexpectedly.,scheduling,positive,low,Scheduling
1549,Parking is chaotic during shift change.,other,neutral,low,UnitManager
1600,The vending machines keep eating our money.,other,neutral,low,UnitManager
369,Panic button didn't work during an incident with a combative visitor. problem,safety,negative,high,Safety
1041,A visitor made repeated inappropriate comments to me. urgent,harassment,negative,high,HR
245,My W-2 has an error with my address. kudos,pay,positive,low,Payroll
1358,Comments were made about my background that felt discriminatory. broken,discrimination,negative,high,HR
753,The discharge checklist is too long and duplicates the summary. late,workflow,negative,medium,UnitManager
1307,A colleague undermines me in front of patients. broke,coworker_conflict,negative,medium,UnitManager
239,Direct deposit didn't hit this morning.,pay,positive,low,Payroll
1575,My badge reader works only on the second try. problem,other,negative,low,UnitManager
435,We called a code gray; security took too long to arrive. didn't work,safety,negative,high,Safety
282,Leadership wants us to double chart temporarily. problem,management,negative,medium,HR
558,I'd like more training on the new wound vac device. great support,training,positive,low,HR
1051,Someone spread rumors and made me feel unsafe at work. broken,harassment,negative,high,HR
28,Overtime requests keep coming because the roster is thin. problem,staffing,negative,low,UnitManager
1680,My timecard shows the wrong overtime rate.,pay,negative,medium,Payroll
633,"Per policy, we're supposed to double-check insulin with a second nurse. went smoothly",policies,positive,low,HR
1326,A coworker keeps taking my assigned patients without asking. pleased,coworker_conflict,positive,low,UnitManager
49,Charge nurse floated again due to lack of coverage.,staffing,neutral,low,UnitManager
701,The PPE reuse rule changed but we haven't seen the updated policy.,policies,neutral,low,HR
539,The portable monitor battery won't hold a charge. late,equipment,negative,medium,UnitManager
882,My pod keeps getting high acuity without help. urgent,patient_load,negative,medium,UnitManager
407,Sharps were left unattended in the triage bay. issue,safety,negative,high,Safety
658,Visitation rules were updated; please provide the latest version. broken,policies,negative,medium,HR
470,One glucometer keeps throwing an error code 3.,equipment,neutral,low,UnitManager
677,New float policy says we can refuse unsafe assignments.,policies,negative,medium,HR
456,The IV pump failed calibration mid-infusion. angry,equipment,negative,medium,UnitManager
1459,Appreciate the calm leadership during the downtime.,professionalism,positive,low,UnitManager
1349,We can't agree on who handles admissions. didn't work,coworker_conflict,negative,medium,UnitManager
523,The portable monitor battery won't hold a charge. angry,equipment,negative,medium,UnitManager
704,Visitation rules were updated; please provide the latest version. broke,policies,negative,medium,HR
1442,Team handled a tough code with excellent professionalism—kudos. pleased,professionalism,positive,low,UnitManager
581,Could we get hands-on time with the new EHR features? kudos,training,positive,low,HR
932,I can't keep skipping breaks—this is burning me out. problem,burnout,negative,medium,UnitManager
1316,There was an argument in the med room that disrupted care. frustrated,coworker_conflict,negative,medium,UnitManager
554,Could we get hands-on time with the new EHR features?,training,positive,low,HR
1608,Break room microwave is broken again.,other,neutral,low,UnitManager
1626,My timecard shows the wrong overtime rate.,pay,negative,medium,Payroll
516,The IV pump failed calibration mid-infusion. broken,equipment,negative,medium,UnitManager
1473,Appreciate the calm leadership during the downtime. went smoothly,professionalism,positive,low,UnitManager
198,Overtime rate looks incorrect on this pay period. broken,pay,negative,medium,Payroll
303,Leadership keeps changing the rollout with no explanation. late,management,negative,medium,HR
1432,I'm being treated differently because of my religion. unsafe,discrimination,negative,high,HR
765,The charting steps doubled after the update; forms feel redundant. problem,workflow,negative,medium,UnitManager
1701,Policy requires a double-check for insulin dosing.,policies,neutral,low,HR
585,We need refreshers for contrast allergy protocols. appreciate,training,positive,low,HR
1563,The vending machines keep eating our money. concerned,other,negative,low,UnitManager
1613,Parking is chaotic during shift change.,other,negative,low,UnitManager
301,The director canceled our huddle without telling the unit. broke,management,negative,medium,HR
1183,My supervisor dismissed my concerns in front of the team.,supervisor_behavior,neutral,medium,HR
396,Panic button didn't work during an incident with a combative visitor. won't,safety,negative,high,Safety
714,"Per policy, we're supposed to double-check insulin with a second nurse.",policies,neutral,low,HR
608,We need refreshers for contrast allergy protocols.,training,positive,low,HR
197,My W-2 has an error with my address. unpaid,pay,negative,medium,Payroll
46,Overtime requests keep coming because the roster is thin. pleased,staffing,positive,low,UnitManager
1640,The charting took forever and I had to stay 30 minutes unpaid.,pay,negative,medium,Payroll
816,My pod keeps getting high acuity without help.,patient_load,negative,medium,UnitManager
637,New float policy says we can refuse unsafe assignments. great support,policies,positive,low,HR
405,Sharps were left unattended in the triage bay. annoyed,safety,negative,high,Safety
377,We called a code gray; security took too long to arrive. broken,safety,negative,high,Safety
1420,I was passed over for an assignment due to my accent. unsafe,discrimination,negative,high,HR
1008,A visitor made repeated inappropriate comments to me. issue,harassment,negative,high,HR
1096,The shift report missed critical details again.,communication,neutral,low,UnitManager
584,We need refreshers for contrast allergy protocols. appreciate,training,positive,low,HR
422,Oxygen alarm failed and no one was alerted. didn't work,safety,negative,high,Safety
1370,I was passed over for an assignment due to my accent.,discrimination,negative,high,HR
1279,A colleague undermines me in front of patients. resolved,coworker_conflict,positive,low,UnitManager
908,I can't keep skipping breaks—this is burning me out. angry,burnout,negative,medium,UnitManager
1635,A coworker keeps interrupting my patient education sessions.,coworker_conflict,negative,medium,UnitManager
281,Leadership keeps changing the rollout with no explanation.,management,neutral,medium,HR
1364,I was passed over for an assignment due to my accent. problem,discrimination,negative,high,HR
599,Could we get hands-on time with the new EHR features?,training,positive,low,HR
531,The IV pump failed calibration mid-infusion.,equipment,neutral,low,UnitManager
2,We were short two CNAs on nights and I had to cover extra rooms.,staffing,neutral,low,UnitManager
967,I'm overwhelmed even after the shift ends. concerned,burnout,negative,medium,UnitManager
669,New float policy says we can refuse unsafe assignments.,policies,negative,medium,HR
447,We called a code gray; security took too long to arrive. broken,safety,negative,high,Safety
962,I'm exhausted and dreading coming in again. issue,burnout,negative,medium,UnitManager
75,Overtime requests keep coming because the roster is thin. can't,staffing,negative,low,UnitManager
1003,I was harassed by a coworker in the break room. unpaid,harassment,negative,high,HR
429,Sharps were left unattended in the triage bay.,safety,negative,high,Safety
1225,Charge nurse raised their voice at me during rounds.,supervisor_behavior,positive,low,HR
1128,No one replied on the group thread about supplies.,communication,neutral,low,UnitManager
1329,A coworker keeps taking my assigned patients without asking. went smoothly,coworker_conflict,positive,low,UnitManager
892,I had 7 patients on days including two total cares. won't,patient_load,negative,medium,UnitManager
1445,Rounds were efficient and respectful today. improved,professionalism,positive,low,UnitManager
1020,Someone spread rumors and made me feel unsafe at work.,harassment,neutral,high,HR
1547,Break room microwave is broken again. thank you,other,positive,low,UnitManager
1327,A coworker keeps taking my assigned patients without asking. annoyed,coworker_conflict,negative,medium,UnitManager
1292,A coworker keeps taking my assigned patients without asking.,coworker_conflict,neutral,medium,UnitManager
796,New barcode step adds clicks without improving safety. unsafe,workflow,negative,medium,UnitManager
1419,Comments were made about my background that felt discriminatory. concerned,discrimination,negative,high,HR
1117,Nobody told us the clinic was closing early.,communication,neutral,low,UnitManager
1207,Supervisor plays favorites on shift assignments. works well,supervisor_behavior,positive,low,HR
61,Charge nurse floated again due to lack of coverage. worried,staffing,negative,low,UnitManager
1179,My supervisor dismissed my concerns in front of the team. annoyed,supervisor_behavior,negative,medium,HR
21,We were short two CNAs on nights and I had to cover extra rooms.,staffing,neutral,low,UnitManager
170,My shift was moved without notice on the schedule. kudos,scheduling,positive,low,Scheduling
776,The discharge checklist is too long and duplicates the summary. problem,workflow,negative,medium,UnitManager
1427,Comments were made about my background that felt discriminatory.,discrimination,negative,high,HR
730,The discharge checklist is too long and duplicates the summary. didn't work,workflow,negative,medium,UnitManager
1174,My supervisor ignored the incident report I filed. pleased,supervisor_behavior,positive,low,HR
1617,The vending machines keep eating our money. appreciate,other,positive,low,UnitManager
1150,No one replied on the group thread about supplies.,communication,neutral,low,UnitManager
717,New float policy says we can refuse unsafe assignments. much better,policies,positive,low,HR
1298,There was an argument in the med room that disrupted care. pleased,coworker_conflict,positive,low,UnitManager
427,Panic button didn't work during an incident with a combative visitor. won't,safety,negative,high,Safety
1528,Team handled a tough code with excellent professionalism—kudos. resolved,professionalism,positive,low,UnitManager
452,The portable monitor battery won't hold a charge. missing,equipment,negative,medium,UnitManager
1443,Team handled a tough code with excellent professionalism—kudos. appreciate,professionalism,positive,low,UnitManager
1173,Supervisor plays favorites on shift assignments. kudos,supervisor_behavior,positive,low,HR
476,The IV pump failed calibration mid-infusion.,equipment,negative,medium,UnitManager
1023,I was harassed by a coworker in the break room. concerned,harassment,negative,high,HR
618,The LMS module on sepsis screening was actually helpful—thank you. went smoothly,training,positive,low,HR
1582,The vending machines keep eating our money.,other,neutral,low,UnitManager
1558,Break room microwave is broken again. concerned,other,negative,low,UnitManager
883,Assignments are uneven; my side had all new admissions. unpaid,patient_load,negative,medium,UnitManager
1415,I'm being treated differently because of my religion.,discrimination,negative,high,HR
1673,Things felt broken in our process today but no device failed.,workflow,neutral,low,UnitManager
20,New hires keep dropping; staffing remains tight on weekends. appreciate,staffing,positive,low,UnitManager
27,New hires keep dropping; staffing remains tight on weekends. won't,staffing,negative,low,UnitManager
654,The PPE reuse rule changed but we haven't seen the updated policy.,policies,neutral,low,HR
1269,There was an argument in the med room that disrupted care. pleased,coworker_conflict,positive,low,UnitManager
473,The IV pump failed calibration mid-infusion. broken,equipment,negative,medium,UnitManager
787,New barcode step adds clicks without improving safety.,workflow,negative,medium,UnitManager
685,New float policy says we can refuse unsafe assignments. thank you,policies,positive,low,HR
1137,We didn't get the update about the new triage flow. thank you,communication,positive,low,UnitManager
206,My W-2 has an error with my address. can't,pay,negative,medium,Payroll
1309,We can't agree on who handles admissions.,coworker_conflict,neutral,medium,UnitManager
484,The lift is out of service again and the sign-in sheet is full.,equipment,negative,medium,UnitManager
1091,We didn't get the update about the new triage flow. unpaid,communication,negative,medium,UnitManager
561,We need refreshers for contrast allergy protocols. resolved,training,positive,low,HR
1377,Comments were made about my background that felt discriminatory.,discrimination,negative,high,HR
743,The handoff template is missing fields we actually use. unpaid,workflow,negative,medium,UnitManager
1667,New on-call policy describes how weekends are assigned.,policies,negative,medium,HR
1644,My timecard shows the wrong overtime rate.,pay,negative,medium,Payroll
134,The posted schedule doesn't match the app. broke,scheduling,negative,medium,Scheduling
1151,We didn't get the update about the new triage flow. late,communication,negative,medium,UnitManager
805,The charting steps doubled after the update; forms feel redundant. urgent,workflow,negative,medium,UnitManager
1340,A colleague undermines me in front of patients.,coworker_conflict,negative,medium,UnitManager
1464,Appreciate the calm leadership during the downtime.,professionalism,neutral,low,UnitManager
1221,My supervisor dismissed my concerns in front of the team.,supervisor_behavior,positive,low,HR
275,Management announced changes during lunch with no Q&A. didn't work,management,negative,medium,HR
712,New float policy says we can refuse unsafe assignments. thank you,policies,positive,low,HR
1466,Rounds were efficient and respectful today. kudos,professionalism,positive,low,UnitManager
929,Morale is low; people are talking about leaving. angry,burnout,negative,medium,UnitManager
327,Management announced changes during lunch with no Q&A.,management,positive,low,HR
372,We called a code gray; security took too long to arrive. problem,safety,negative,high,Safety
958,I'm overwhelmed even after the shift ends. again,burnout,negative,medium,UnitManager
381,We called a code gray; security took too long to arrive. annoyed,safety,negative,high,Safety
547,We need refreshers for contrast allergy protocols.,training,neutral,low,HR
478,The IV pump failed calibration mid-infusion. concerned,equipment,negative,medium,UnitManager
913,Morale is low; people are talking about leaving. broken,burnout,negative,medium,UnitManager
761,The handoff template is missing fields we actually use. angry,workflow,negative,medium,UnitManager
572,Could we get hands-on time with the new EHR features? appreciate,training,positive,low,HR
1489,Team handled a tough code with excellent professionalism—kudos. resolved,professionalism,positive,low,UnitManager
1703,New on-call written policy describes how weekends are assigned.,policies,neutral,low,HR
826,Census is up and we don't have float support. urgent,patient_load,negative,medium,UnitManager
71,New hires keep dropping; staffing remains tight on weekends. improved,staffing,positive,low,UnitManager
666,New float policy says we can refuse unsafe assignments. appreciate,policies,positive,low,HR
998,I was harassed by a coworker in the break room. concerned,harassment,negative,high,HR
1532,Parking is chaotic during shift change.,other,positive,low,UnitManager
90,Overtime requests keep coming because the roster is thin.,staffing,neutral,low,UnitManager
255,Direct deposit didn't hit this morning. late,pay,negative,medium,Payroll
460,The lift is out of service again and the sign-in sheet is full. unpaid,equipment,negative,medium,UnitManager
877,I had 7 patients on days including two total cares. angry,patient_load,negative,medium,UnitManager
1341,There was an argument in the med room that disrupted care. appreciate,coworker_conflict,positive,low,UnitManager
1623,Barcode scanning adds steps to med pass.,workflow,neutral,low,UnitManager
1134,We didn't get the update about the new triage flow.,communication,neutral,low,UnitManager
291,Management announced changes during lunch with no Q&A. kudos,management,positive,low,HR
1683,Policy requires a double-check for insulin dosing.,policies,neutral,low,HR
741,New barcode step adds clicks without improving safety. broke,workflow,negative,medium,UnitManager
619,We need refreshers for contrast allergy protocols.,training,positive,low,HR
1081,Nobody told us the clinic was closing early. again,communication,negative,medium,UnitManager
313,Leadership wants us to double chart temporarily. much better,management,positive,low,HR
779,The discharge checklist is too long and duplicates the summary. again,workflow,negative,medium,UnitManager
1590,Break room microwave is broken again.,other,negative,low,UnitManager
1412,Comments were made about my background that felt discriminatory.,discrimination,neutral,high,HR
425,Panic button didn't work during an incident with a combative visitor.,safety,negative,high,Safety
1368,I was passed over for an assignment due to my accent. annoyed,discrimination,negative,high,HR
354,Management announced changes during lunch with no Q&A.,management,neutral,medium,HR
136,My shift was moved without notice on the schedule. works well,scheduling,positive,low,Scheduling
1500,Appreciate the calm leadership during the downtime. works well,professionalism,positive,low,UnitManager
88,Overtime requests keep coming because the roster is thin.,staffing,neutral,low,UnitManager
158,My shift was moved without notice on the schedule. kudos,scheduling,positive,low,Scheduling
1092,The shift report missed critical details again.,communication,neutral,low,UnitManager
1704,The weekend schedule was posted late and conflicts with my availability.,scheduling,negative,medium,Scheduling
1101,No one replied on the group thread about supplies. broke,communication,negative,medium,UnitManager
905,I can't keep skipping breaks—this is burning me out. problem,burnout,negative,medium,UnitManager
612,The LMS module on sepsis screening was actually helpful—thank you.,training,neutral,low,HR
1021,Someone spread rumors and made me feel unsafe at work. angry,harassment,negative,high,HR
485,The IV pump failed calibration mid-infusion. broke,equipment,negative,medium,UnitManager
442,We called a code gray; security took too long to arrive. angry,safety,negative,high,Safety
162,The posted schedule doesn't match the app.,scheduling,neutral,medium,Scheduling
611,Could we get hands-on time with the new EHR features? resolved,training,positive,low,HR
709,"Per policy, we're supposed to double-check insulin with a second nurse. great support",policies,positive,low,HR
116,I can't swap my Friday even though policy says I can request.,scheduling,neutral,medium,Scheduling
326,Leadership wants us to double chart temporarily.,management,neutral,medium,HR
110,My shift was moved without notice on the schedule. didn't work,scheduling,negative,medium,Scheduling
1562,The vending machines keep eating our money.,other,neutral,low,UnitManager
424,Panic button didn't work during an incident with a combative visitor.,safety,neutral,high,Safety
1646,Management told us to float without addressing safety concerns.,management,negative,medium,HR
1154,The shift report missed critical details again.,communication,negative,medium,UnitManager
1024,I was harassed by a coworker in the break room.,harassment,neutral,high,HR
77,Charge nurse floated again due to lack of coverage.,staffing,neutral,low,UnitManager
1622,The charting took forever and I had to stay 30 minutes unpaid.,pay,negative,medium,Payroll
1498,The float nurse showed great teamwork and communication. appreciate,professionalism,positive,low,UnitManager
1011,A visitor made repeated inappropriate comments to me. angry,harassment,negative,high,HR
646,The PPE reuse rule changed but we haven't seen the updated policy.,policies,positive,low,HR
790,The handoff template is missing fields we actually use. late,workflow,negative,medium,UnitManager
513,The portable monitor battery won't hold a charge. didn't work,equipment,negative,medium,UnitManager
675,New float policy says we can refuse unsafe assignments. issue,policies,negative,medium,HR
873,Census is up and we don't have float support.,patient_load,negative,medium,UnitManager
1112,We didn't get the update about the new triage flow.,communication,positive,low,UnitManager
1039,Someone spread rumors and made me feel unsafe at work. again,harassment,negative,high,HR
1211,Supervisor plays favorites on shift assignments.,supervisor_behavior,neutral,medium,HR
1284,A coworker keeps taking my assigned patients without asking. works well,coworker_conflict,positive,low,UnitManager
492,The lift is out of service again and the sign-in sheet is full. unsafe,equipment,negative,medium,UnitManager
352,Management announced changes during lunch with no Q&A. kudos,management,positive,low,HR
1296,A coworker keeps taking my assigned patients without asking. issue,coworker_conflict,negative,medium,UnitManager
857,I had 7 patients on days including two total cares. broke,patient_load,negative,medium,UnitManager
1169,We didn't get the update about the new triage flow.,communication,negative,medium,UnitManager
719,New float policy says we can refuse unsafe assignments.,policies,positive,low,HR
1355,I believe I received fewer training opportunities due to bias. unpaid,discrimination,negative,high,HR
848,My pod keeps getting high acuity without help. didn't work,patient_load,negative,medium,UnitManager
1557,My badge reader works only on the second try. broke,other,negative,low,UnitManager
916,Morale is low; people are talking about leaving.,burnout,neutral,medium,UnitManager
1535,My badge reader works only on the second try.,other,neutral,low,UnitManager
1195,My supervisor ignored the incident report I filed. won't,supervisor_behavior,negative,medium,HR
236,Direct deposit didn't hit this morning. didn't work,pay,negative,medium,Payroll
1063,A patient's family member keeps sending threatening messages. again,harassment,negative,high,HR
632,The PPE reuse rule changed but we haven't seen the updated policy. problem,policies,negative,medium,HR
141,My shift was moved without notice on the schedule.,scheduling,negative,medium,Scheduling
463,The IV pump failed calibration mid-infusion. angry,equipment,negative,medium,UnitManager
221,Direct deposit didn't hit this morning. appreciate,pay,positive,low,Payroll
797,The handoff template is missing fields we actually use. issue,workflow,negative,medium,UnitManager
749,The discharge checklist is too long and duplicates the summary. didn't work,workflow,negative,medium,UnitManager
888,Assignments are uneven; my side had all new admissions. angry,patient_load,negative,medium,UnitManager
1297,There was an argument in the med room that disrupted care.,coworker_conflict,negative,medium,UnitManager
931,I'm exhausted and dreading coming in again. broken,burnout,negative,medium,UnitManager
1405,I was passed over for an assignment due to my accent. issue,discrimination,negative,high,HR
1356,I'm being treated differently because of my religion. problem,discrimination,negative,high,HR
1181,Charge nurse raised their voice at me during rounds.,supervisor_behavior,neutral,medium,HR
762,The charting steps doubled after the update; forms feel redundant.,workflow,negative,medium,UnitManager
850,Assignments are uneven; my side had all new admissions.,patient_load,negative,medium,UnitManager
416,We called a code gray; security took too long to arrive. late,safety,negative,high,Safety
769,The handoff template is missing fields we actually use. problem,workflow,negative,medium,UnitManager
636,"Per policy, we're supposed to double-check insulin with a second nurse.",policies,neutral,low,HR
454,The lift is out of service again and the sign-in sheet is full. late,equipment,negative,medium,UnitManager
1305,A colleague undermines me in front of patients.,coworker_conflict,neutral,medium,UnitManager
183,Direct deposit didn't hit this morning. much better,pay,positive,low,Payroll
190,Overtime rate looks incorrect on this pay period.,pay,neutral,medium,Payroll
1497,The float nurse showed great teamwork and communication. thank you,professionalism,positive,low,UnitManager
1398,I was passed over for an assignment due to my accent.,discrimination,neutral,high,HR
1430,I believe I received fewer training opportunities due to bias. concerned,discrimination,negative,high,HR
403,Oxygen alarm failed and no one was alerted.,safety,negative,high,Safety
1492,Team handled a tough code with excellent professionalism—kudos.,professionalism,positive,low,UnitManager
842,Census is up and we don't have float support.,patient_load,negative,medium,UnitManager
960,Morale is low; people are talking about leaving. can't,burnout,negative,medium,UnitManager
42,Overtime requests keep coming because the roster is thin.,staffing,neutral,low,UnitManager
1542,My badge reader works only on the second try.,other,neutral,low,UnitManager
875,I had 7 patients on days including two total cares. again,patient_load,negative,medium,UnitManager
438,Oxygen alarm failed and no one was alerted. unsafe,safety,negative,high,Safety
767,New barcode step adds clicks without improving safety.,workflow,negative,medium,UnitManager
1018,Someone spread rumors and made me feel unsafe at work. late,harassment,negative,high,HR
1099,No one replied on the group thread about supplies.,communication,neutral,low,UnitManager
563,Could we get hands-on time with the new EHR features? pleased,training,positive,low,HR
52,Overtime requests keep coming because the roster is thin. great support,staffing,positive,low,UnitManager
1453,Appreciate the calm leadership during the downtime. improved,professionalism,positive,low,UnitManager
847,My pod keeps getting high acuity without help. unpaid,patient_load,negative,medium,UnitManager
33,We were short two CNAs on nights and I had to cover extra rooms. urgent,staffing,negative,low,UnitManager
1025,I was harassed by a coworker in the break room. broke,harassment,negative,high,HR
1312,A coworker keeps taking my assigned patients without asking.,coworker_conflict,neutral,medium,UnitManager
521,The lift is out of service again and the sign-in sheet is full. unpaid,equipment,negative,medium,UnitManager
355,Management announced changes during lunch with no Q&A. kudos,management,positive,low,HR
285,The director canceled our huddle without telling the unit. late,management,negative,medium,HR
1273,We can't agree on who handles admissions. angry,coworker_conflict,negative,medium,UnitManager
1254,Charge nurse raised their voice at me during rounds. concerned,supervisor_behavior,negative,medium,HR
979,I'm overwhelmed even after the shift ends. problem,burnout,negative,medium,UnitManager
1208,My supervisor dismissed my concerns in front of the team. appreciate,supervisor_behavior,positive,low,HR
1587,My badge reader works only on the second try.,other,positive,low,UnitManager
1624,Bar-code scanning added steps and I wasn't paid for staying late.,pay,negative,medium,Payroll
959,I'm exhausted and dreading coming in again.,burnout,negative,medium,UnitManager
914,I'm overwhelmed even after the shift ends. urgent,burnout,negative,medium,UnitManager
665,New float policy says we can refuse unsafe assignments.,policies,neutral,low,HR
590,I'd like more training on the new wound vac device.,training,neutral,low,HR
263,Direct deposit didn't hit this morning. great support,pay,positive,low,Payroll
1055,I was harassed by a coworker in the break room. late,harassment,negative,high,HR
841,Census is up and we don't have float support. unsafe,patient_load,negative,medium,UnitManager
631,Visitation rules were updated; please provide the latest version. unsafe,policies,negative,medium,HR
320,Leadership keeps changing the rollout with no explanation. late,management,negative,medium,HR
1352,I was passed over for an assignment due to my accent.,discrimination,negative,high,HR
804,The handoff template is missing fields we actually use.,workflow,negative,medium,UnitManager
173,The posted schedule doesn't match the app.,scheduling,neutral,medium,Scheduling
1517,Rounds were efficient and respectful today. pleased,professionalism,positive,low,UnitManager
1482,Team handled a tough code with excellent professionalism—kudos. went smoothly,professionalism,positive,low,UnitManager
1304,There was an argument in the med room that disrupted care.,coworker_conflict,neutral,medium,UnitManager
1141,We didn't get the update about the new triage flow. works well,communication,positive,low,UnitManager
253,Direct deposit didn't hit this morning.,pay,neutral,medium,Payroll
1314,A coworker keeps taking my assigned patients without asking.,coworker_conflict,neutral,medium,UnitManager
771,The charting steps doubled after the update; forms feel redundant. problem,workflow,negative,medium,UnitManager
703,The PPE reuse rule changed but we haven't seen the updated policy. concerned,policies,negative,medium,HR
784,The handoff template is missing fields we actually use. problem,workflow,negative,medium,UnitManager
986,I'm overwhelmed even after the shift ends. annoyed,burnout,negative,medium,UnitManager
13,New hires keep dropping; staffing remains tight on weekends.,staffing,neutral,low,UnitManager
391,Sharps were left unattended in the triage bay. frustrated,safety,negative,high,Safety
886,My pod keeps getting high acuity without help. didn't work,patient_load,negative,medium,UnitManager
1047,Someone spread rumors and made me feel unsafe at work. angry,harassment,negative,high,HR
321,Management announced changes during lunch with no Q&A. urgent,management,negative,medium,HR
1313,A coworker keeps taking my assigned patients without asking.,coworker_conflict,neutral,medium,UnitManager
1574,The vending machines keep eating our money.,other,neutral,low,UnitManager
1436,I believe I received fewer training opportunities due to bias. won't,discrimination,negative,high,HR
1029,A patient's family member keeps sending threatening messages.,harassment,negative,high,HR
475,The lift is out of service again and the sign-in sheet is full.,equipment,negative,medium,UnitManager
212,My paycheck is missing my weekend differential.,pay,positive,low,Payroll
810,The discharge checklist is too long and duplicates the summary. annoyed,workflow,negative,medium,UnitManager
530,The portable monitor battery won't hold a charge. concerned,equipment,negative,medium,UnitManager
1013,I was harassed by a coworker in the break room. broke,harassment,negative,high,HR
526,The IV pump failed calibration mid-infusion. frustrated,equipment,negative,medium,UnitManager
876,My pod keeps getting high acuity without help.,patient_load,negative,medium,UnitManager
910,I'm exhausted and dreading coming in again. won't,burnout,negative,medium,UnitManager
1161,The shift report missed critical details again. kudos,communication,positive,low,UnitManager
129,I can't swap my Friday even though policy says I can request. thank you,scheduling,positive,low,Scheduling
1702,Leadership changed practice without updating the written written policy.,management,negative,medium,HR
244,My paycheck is missing my weekend differential. kudos,pay,positive,low,Payroll
184,My paycheck is missing my weekend differential. went smoothly,pay,positive,low,Payroll
1275,We can't agree on who handles admissions. annoyed,coworker_conflict,negative,medium,UnitManager
778,New barcode step adds clicks without improving safety.,workflow,negative,medium,UnitManager
622,The LMS module on sepsis screening was actually helpful—thank you. great support,training,positive,low,HR
985,Morale is low; people are talking about leaving. didn't work,burnout,negative,medium,UnitManager
1630,Leadership changed practice without updating the written policy.,management,negative,medium,HR
1308,We can't agree on who handles admissions. kudos,coworker_conflict,positive,low,UnitManager
385,Oxygen alarm failed and no one was alerted.,safety,negative,high,Safety
579,We need refreshers for contrast allergy protocols.,training,neutral,low,HR
911,Morale is low; people are talking about leaving. unsafe,burnout,negative,medium,UnitManager
667,Visitation rules were updated; please provide the latest version. unpaid,policies,negative,medium,HR
895,My pod keeps getting high acuity without help. problem,patient_load,negative,medium,UnitManager
439,We called a code gray; security took too long to arrive. issue,safety,negative,high,Safety
241,My W-2 has an error with my address.,pay,neutral,medium,Payroll
1514,Team handled a tough code with excellent professionalism—kudos. kudos,professionalism,positive,low,UnitManager
598,Could we get hands-on time with the new EHR features?,training,neutral,low,HR
578,Could we get hands-on time with the new EHR features? great support,training,positive,low,HR
858,I had 7 patients on days including two total cares.,patient_load,negative,medium,UnitManager
600,I'd like more training on the new wound vac device.,training,neutral,low,HR
138,The posted schedule doesn't match the app.,scheduling,neutral,medium,Scheduling
789,The discharge checklist is too long and duplicates the summary.,workflow,neutral,low,UnitManager
261,My paycheck is missing my weekend differential. issue,pay,negative,medium,Payroll
1433,I'm being treated differently because of my religion. worried,discrimination,negative,high,HR
742,The handoff template is missing fields we actually use.,workflow,neutral,low,UnitManager
1089,Nobody told us the clinic was closing early.,communication,neutral,low,UnitManager
1707,A coworker keeps interrupting my patient education sessions.,coworker_conflict,neutral,medium,UnitManager
1607,Break room microwave is broken again. broke,other,negative,low,UnitManager
711,New float policy says we can refuse unsafe assignments. great support,policies,positive,low,HR
1463,The float nurse showed great teamwork and communication. pleased,professionalism,positive,low,UnitManager
893,Assignments are uneven; my side had all new admissions. missing,patient_load,negative,medium,UnitManager
1616,My badge reader works only on the second try. late,other,negative,low,UnitManager
1204,Supervisor plays favorites on shift assignments. thank you,supervisor_behavior,positive,low,HR
496,The IV pump failed calibration mid-infusion. worried,equipment,negative,medium,UnitManager
412,Sharps were left unattended in the triage bay. missing,safety,negative,high,Safety
698,The PPE reuse rule changed but we haven't seen the updated policy. didn't work,policies,negative,medium,HR
813,My pod keeps getting high acuity without help.,patient_load,negative,medium,UnitManager
64,Charge nurse floated again due to lack of coverage. resolved,staffing,positive,low,UnitManager
240,Direct deposit didn't hit this morning.,pay,negative,medium,Payroll
921,I can't keep skipping breaks—this is burning me out. broken,burnout,negative,medium,UnitManager
1282,A colleague undermines me in front of patients. issue,coworker_conflict,negative,medium,UnitManager
839,Assignments are uneven; my side had all new admissions. concerned,patient_load,negative,medium,UnitManager
108,The posted schedule doesn't match the app. broken,scheduling,negative,medium,Scheduling
1360,Comments were made about my background that felt discriminatory. can't,discrimination,negative,high,HR
930,I can't keep skipping breaks—this is burning me out. annoyed,burnout,negative,medium,UnitManager
506,The lift is out of service again and the sign-in sheet is full. broke,equipment,negative,medium,UnitManager
258,Direct deposit didn't hit this morning.,pay,positive,low,Payroll
171,I can't swap my Friday even though policy says I can request.,scheduling,neutral,medium,Scheduling
