id,title,company,location,city,state,salary,description,overview,requirements,url,source,source_url,scraped_at,tags,setting_type
RydersHealth_8187299169679364762,Infection Preventionist / Staff Development Nurse,RydersHealth,CT,,CT,Not specified,Infection Preventionist / Staff Development Nurse Ryders Health Management Our family taking care of yours,Infection Preventionist / Staff Development Nurse Ryders Health Management Our family taking care of yours,,,RydersHealth,https://www.rydershealth.com/jobs/,2025-07-01T21:34:08.733709,Skilled Nursing Facility (care_setting),snf
RydersHealth_5244759750864850064,RN Supervisor (night shift),RydersHealth,CT,,CT,Not specified,RN Supervisor (night shift) Douglas Manor,RN Supervisor (night shift) Douglas Manor,,,RydersHealth,https://www.rydershealth.com/jobs/,2025-07-01T21:34:09.459485,Full-Time (employment); Overnight (shift); Skilled Nursing Facility (care_setting),snf
RydersHealth_5828942290141789617,Dietary Aide,RydersHealth,CT,,CT,Not specified,Dietary Aide Mystic Healthcare,Dietary Aide Mystic Healthcare,,,RydersHealth,https://www.rydershealth.com/jobs/,2025-07-01T21:34:10.737899,Skilled Nursing Facility (care_setting),snf
RydersHealth_1550689134529241094,RN/LPN,RydersHealth,CT,,CT,Not specified,RN/LPN Mystic Healthcare,RN/LPN Mystic Healthcare,,,RydersHealth,https://www.rydershealth.com/jobs/,2025-07-01T21:34:11.396296,Skilled Nursing Facility (care_setting),snf
RydersHealth_7179679032123769250,MDS Reimbursement Manager,RydersHealth,CT,,CT,Not specified,MDS Reimbursement Manager Lord Chamberlain Nursing and Rehabilitation,MDS Reimbursement Manager Lord Chamberlain Nursing and Rehabilitation,,,RydersHealth,https://www.rydershealth.com/jobs/,2025-07-01T21:34:12.003807,Skilled Nursing Facility (care_setting),snf
RydersHealth_5339433081416824278,Front Desk Receptionist,RydersHealth,CT,,CT,Not specified,Front Desk Receptionist Bel-Air Manor Our family taking care of yours,Front Desk Receptionist Bel-Air Manor Our family taking care of yours,,,RydersHealth,https://www.rydershealth.com/jobs/,2025-07-01T21:34:12.728679,Part-Time (employment); Skilled Nursing Facility (care_setting),snf
RydersHealth_2451394146472494434,Occupational Therapist,RydersHealth,CT,,CT,Not specified,Occupational Therapist Mystic Healthcare,Occupational Therapist Mystic Healthcare,,,RydersHealth,https://www.rydershealth.com/jobs/,2025-07-01T21:34:13.454771,Skilled Nursing Facility (care_setting),snf
RydersHealth_8725231433461400419,Physical Therapist,RydersHealth,CT,,CT,Not specified,Physical Therapist Greentree Manor,Physical Therapist Greentree Manor,,,RydersHealth,https://www.rydershealth.com/jobs/,2025-07-01T21:34:14.080762,Skilled Nursing Facility (care_setting),snf
RydersHealth_7996822131728869343,Physical Therapy Assistant,RydersHealth,CT,,CT,Not specified,"Physical Therapy Assistant Greentree Manor, Douglas Manor, Lord Chamberlain","Physical Therapy Assistant Greentree Manor, Douglas Manor, Lord Chamberlain",,,RydersHealth,https://www.rydershealth.com/jobs/,2025-07-01T21:34:15.187661,Skilled Nursing Facility (care_setting),snf
RydersHealth_3322068547153439535,CNA,RydersHealth,CT,,CT,Not specified,CNA Cheshire House,CNA Cheshire House,,,RydersHealth,https://www.rydershealth.com/jobs/,2025-07-01T21:34:16.572018,Skilled Nursing Facility (care_setting),snf
RydersHealth_2563809114429974527,RN / LPN,RydersHealth,CT,,CT,Not specified,RN / LPN Cheshire House,RN / LPN Cheshire House,,,RydersHealth,https://www.rydershealth.com/jobs/,2025-07-01T21:34:17.429001,Skilled Nursing Facility (care_setting),snf
RydersHealth_6066475598448039183,Rehabilitation Aide,RydersHealth,CT,,CT,Not specified,Rehabilitation Aide Aaron Manor,Rehabilitation Aide Aaron Manor,,,RydersHealth,https://www.rydershealth.com/jobs/,2025-07-01T21:34:18.261690,Skilled Nursing Facility (care_setting),snf
RydersHealth_3299444990929636109,LPN Wing Nurse,RydersHealth,CT,,CT,Not specified,LPN Wing Nurse Greentree Manor,LPN Wing Nurse Greentree Manor,,,RydersHealth,https://www.rydershealth.com/jobs/,2025-07-01T21:34:19.855854,Skilled Nursing Facility (care_setting),snf
Autumn Lake_3104305501875894856,MDS Coordinator,Autumn Lake,"Autumn Lake Healthcare at Norwalk Norwalk, CT",Autumn Lake Healthcare at Norwalk Norwalk,CT,Not specified,"MDS Coordinator Date added: 04/21/2025 Autumn Lake Healthcare at Norwalk Norwalk, Connecticut","MDS Coordinator Date added: 04/21/2025 Autumn Lake Healthcare at Norwalk Norwalk, Connecticut",,,Autumn Lake,https://autumnlakehealthcare.com/careers/,2025-07-01T21:38:29.952010,Skilled Nursing Facility (care_setting),snf
Autumn Lake_1128574579111938358,Infection Control Nurse,Autumn Lake,"Autumn Lake Healthcare at Norwalk Norwalk, CT",Autumn Lake Healthcare at Norwalk Norwalk,CT,Not specified,"Infection Control Nurse Date added: 03/03/2025 Autumn Lake Healthcare at Norwalk Norwalk, Connecticut","Infection Control Nurse Date added: 03/03/2025 Autumn Lake Healthcare at Norwalk Norwalk, Connecticut",,,Autumn Lake,https://autumnlakehealthcare.com/careers/,2025-07-01T21:38:30.760842,Skilled Nursing Facility (care_setting),snf
Autumn Lake_4227288288813760188,Weekend Nurse Supervisor,Autumn Lake,"Autumn Lake Healthcare at Norwalk Norwalk, CT",Autumn Lake Healthcare at Norwalk Norwalk,CT,Not specified,"Weekend Nurse Supervisor Date added: 07/27/2024 Autumn Lake Healthcare at Norwalk Norwalk, Connecticut","Weekend Nurse Supervisor Date added: 07/27/2024 Autumn Lake Healthcare at Norwalk Norwalk, Connecticut",,,Autumn Lake,https://autumnlakehealthcare.com/careers/,2025-07-01T21:38:31.554266,Weekend Shift (shift); Skilled Nursing Facility (care_setting),snf
Autumn Lake_8180751316843472783,RN Charge Nurse,Autumn Lake,"Autumn Lake Healthcare at Norwalk Norwalk, CT",Autumn Lake Healthcare at Norwalk Norwalk,CT,Not specified,"RN Charge Nurse Date added: 04/16/2024 Autumn Lake Healthcare at Norwalk Norwalk, Connecticut","RN Charge Nurse Date added: 04/16/2024 Autumn Lake Healthcare at Norwalk Norwalk, Connecticut",,,Autumn Lake,https://autumnlakehealthcare.com/careers/,2025-07-01T21:38:32.154946,Skilled Nursing Facility (care_setting),snf
Autumn Lake_5256217332307346601,Certified Nursing Assistant (CNA),Autumn Lake,"Autumn Lake Healthcare at Norwalk Norwalk, CT",Autumn Lake Healthcare at Norwalk Norwalk,CT,Not specified,"Certified Nursing Assistant (CNA) Date added: 03/27/2024 Autumn Lake Healthcare at Norwalk Norwalk, Connecticut","Certified Nursing Assistant (CNA) Date added: 03/27/2024 Autumn Lake Healthcare at Norwalk Norwalk, Connecticut",,,Autumn Lake,https://autumnlakehealthcare.com/careers/,2025-07-01T21:38:32.847072,Skilled Nursing Facility (care_setting),snf
Autumn Lake_333249910504285520,Licensed Practical Nurse (LPN),Autumn Lake,"Autumn Lake Healthcare at Norwalk Norwalk, CT",Autumn Lake Healthcare at Norwalk Norwalk,CT,Not specified,"Licensed Practical Nurse (LPN) Date added: 03/27/2024 Autumn Lake Healthcare at Norwalk Norwalk, Connecticut","Licensed Practical Nurse (LPN) Date added: 03/27/2024 Autumn Lake Healthcare at Norwalk Norwalk, Connecticut",,,Autumn Lake,https://autumnlakehealthcare.com/careers/,2025-07-01T21:38:33.561338,Skilled Nursing Facility (care_setting),snf
Autumn Lake_2746864812906403173,Registered Nurse (RN),Autumn Lake,"Autumn Lake Healthcare at Norwalk Norwalk, CT",Autumn Lake Healthcare at Norwalk Norwalk,CT,Not specified,"Registered Nurse (RN) Date added: 03/27/2024 Autumn Lake Healthcare at Norwalk Norwalk, Connecticut","Registered Nurse (RN) Date added: 03/27/2024 Autumn Lake Healthcare at Norwalk Norwalk, Connecticut",,,Autumn Lake,https://autumnlakehealthcare.com/careers/,2025-07-01T21:38:34.189391,Skilled Nursing Facility (care_setting),snf
Autumn Lake_5715903921360754331,TRD (Therapeutic Recreation Director),Autumn Lake,"Autumn Lake Healthcare at New Britain New Britain, CT",Autumn Lake Healthcare at New Britain New Britain,CT,Not specified,"TRD (Therapeutic Recreation Director) Date added: 05/05/2025 Autumn Lake Healthcare at New Britain New Britain, Connecticut","TRD (Therapeutic Recreation Director) Date added: 05/05/2025 Autumn Lake Healthcare at New Britain New Britain, Connecticut",,,Autumn Lake,https://autumnlakehealthcare.com/careers/,2025-07-01T21:38:35.040305,Skilled Nursing Facility (care_setting),snf
Autumn Lake_5828942290141789617,Dietary Aide,Autumn Lake,"Autumn Lake Healthcare at New Britain New Britain, CT",Autumn Lake Healthcare at New Britain New Britain,CT,Not specified,"Dietary Aide Date added: 04/02/2025 Autumn Lake Healthcare at New Britain New Britain, Connecticut","Dietary Aide Date added: 04/02/2025 Autumn Lake Healthcare at New Britain New Britain, Connecticut",,,Autumn Lake,https://autumnlakehealthcare.com/careers/,2025-07-01T21:38:35.744887,Skilled Nursing Facility (care_setting),snf
Autumn Lake_5256217332307346601,Certified Nursing Assistant (CNA),Autumn Lake,"Autumn Lake Healthcare at New Britain New Britain, CT",Autumn Lake Healthcare at New Britain New Britain,CT,Not specified,"Certified Nursing Assistant (CNA) Date added: 01/21/2025 Autumn Lake Healthcare at New Britain New Britain, Connecticut","Certified Nursing Assistant (CNA) Date added: 01/21/2025 Autumn Lake Healthcare at New Britain New Britain, Connecticut",,,Autumn Lake,https://autumnlakehealthcare.com/careers/,2025-07-01T21:38:36.476341,Skilled Nursing Facility (care_setting),snf
Autumn Lake_9038928553164455868,Registered Nurse (RN) Supervisor,Autumn Lake,"Autumn Lake Healthcare at New Britain New Britain, CT",Autumn Lake Healthcare at New Britain New Britain,CT,Not specified,"Registered Nurse (RN) Supervisor Date added: 03/27/2024 Autumn Lake Healthcare at New Britain New Britain, Connecticut","Registered Nurse (RN) Supervisor Date added: 03/27/2024 Autumn Lake Healthcare at New Britain New Britain, Connecticut",,,Autumn Lake,https://autumnlakehealthcare.com/careers/,2025-07-01T21:38:37.132135,Skilled Nursing Facility (care_setting),snf
Autumn Lake_1907533700559655109,Cook,Autumn Lake,CT,,CT,Not specified,"Cook Date added: 06/24/2025 Autumn Lake Healthcare at Alice Manor Baltimore, Maryland","Cook Date added: 06/24/2025 Autumn Lake Healthcare at Alice Manor Baltimore, Maryland",,,Autumn Lake,https://autumnlakehealthcare.com/careers/,2025-07-01T21:38:37.942062,Skilled Nursing Facility (care_setting),snf
Autumn Lake_5828942290141789617,Dietary Aide,Autumn Lake,CT,,CT,Not specified,"Dietary Aide Date added: 06/24/2025 Autumn Lake Healthcare at Alice Manor Baltimore, Maryland","Dietary Aide Date added: 06/24/2025 Autumn Lake Healthcare at Alice Manor Baltimore, Maryland",,,Autumn Lake,https://autumnlakehealthcare.com/careers/,2025-07-01T21:38:38.682974,Skilled Nursing Facility (care_setting),snf
Autumn Lake_2609629152119337067,Maintenance Technician,Autumn Lake,CT,,CT,Not specified,"Maintenance Technician Date added: 06/23/2025 Autumn Lake Healthcare at Alice Manor Baltimore, Maryland","Maintenance Technician Date added: 06/23/2025 Autumn Lake Healthcare at Alice Manor Baltimore, Maryland",,,Autumn Lake,https://autumnlakehealthcare.com/careers/,2025-07-01T21:38:39.384824,Skilled Nursing Facility (care_setting),snf
Autumn Lake_8953962015867590868,Geriatric Nurse Assistant (GNA),Autumn Lake,CT,,CT,Not specified,"Geriatric Nurse Assistant (GNA) Date added: 12/19/2024 Autumn Lake Healthcare at Alice Manor Baltimore, Maryland","Geriatric Nurse Assistant (GNA) Date added: 12/19/2024 Autumn Lake Healthcare at Alice Manor Baltimore, Maryland",,,Autumn Lake,https://autumnlakehealthcare.com/careers/,2025-07-01T21:38:40.138787,Skilled Nursing Facility (care_setting),snf
Autumn Lake Bucks Hill_4928299502907955311,Baylor RN Supervisor,Autumn Lake Bucks Hill,"Cromwell, CT",Cromwell,CT,Not specified,"Baylor RN Supervisor Date added: 06/12/2025 Autumn Lake Healthcare at Bucks Hill Waterbury, Connecticut","Baylor RN Supervisor Date added: 06/12/2025 Autumn Lake Healthcare at Bucks Hill Waterbury, Connecticut",,,Autumn Lake Bucks Hill,https://autumnlakebuckshill.com/career/,2025-07-01T21:38:52.878296,Skilled Nursing Facility (care_setting),snf
Autumn Lake Bucks Hill_333249910504285520,Licensed Practical Nurse (LPN),Autumn Lake Bucks Hill,"Cromwell, CT",Cromwell,CT,Not specified,"Licensed Practical Nurse (LPN) Date added: 04/19/2024 Autumn Lake Healthcare at Bucks Hill Waterbury, Connecticut","Licensed Practical Nurse (LPN) Date added: 04/19/2024 Autumn Lake Healthcare at Bucks Hill Waterbury, Connecticut",,,Autumn Lake Bucks Hill,https://autumnlakebuckshill.com/career/,2025-07-01T21:38:53.213603,Skilled Nursing Facility (care_setting),snf
Autumn Lake Cromwell_1907533700559655109,Cook,Autumn Lake Cromwell,"Waterbury, CT",Waterbury,CT,Not specified,"Cook Date added: 05/26/2025 Autumn Lake Healthcare at Cromwell Cromwell, Connecticut","Cook Date added: 05/26/2025 Autumn Lake Healthcare at Cromwell Cromwell, Connecticut",,,Autumn Lake Cromwell,https://autumnlakecromwell.com/career/,2025-07-01T21:39:04.175385,Skilled Nursing Facility (care_setting),snf
Autumn Lake Cromwell_5519908321558728672,RN Staff Development,Autumn Lake Cromwell,"Waterbury, CT",Waterbury,CT,Not specified,"RN Staff Development Date added: 05/07/2025 Autumn Lake Healthcare at Cromwell Cromwell, Connecticut","RN Staff Development Date added: 05/07/2025 Autumn Lake Healthcare at Cromwell Cromwell, Connecticut",,,Autumn Lake Cromwell,https://autumnlakecromwell.com/career/,2025-07-01T21:39:04.391835,Skilled Nursing Facility (care_setting),snf
Autumn Lake Cromwell_9038928553164455868,Registered Nurse (RN) Supervisor,Autumn Lake Cromwell,"Waterbury, CT",Waterbury,CT,Not specified,"Registered Nurse (RN) Supervisor Date added: 03/12/2025 Autumn Lake Healthcare at Cromwell Cromwell, Connecticut","Registered Nurse (RN) Supervisor Date added: 03/12/2025 Autumn Lake Healthcare at Cromwell Cromwell, Connecticut",,,Autumn Lake Cromwell,https://autumnlakecromwell.com/career/,2025-07-01T21:39:04.668157,Skilled Nursing Facility (care_setting),snf
Autumn Lake Cromwell_5828942290141789617,Dietary Aide,Autumn Lake Cromwell,"Waterbury, CT",Waterbury,CT,Not specified,"Dietary Aide Date added: 12/04/2024 Autumn Lake Healthcare at Cromwell Cromwell, Connecticut","Dietary Aide Date added: 12/04/2024 Autumn Lake Healthcare at Cromwell Cromwell, Connecticut",,,Autumn Lake Cromwell,https://autumnlakecromwell.com/career/,2025-07-01T21:39:04.899733,Skilled Nursing Facility (care_setting),snf
Autumn Lake Cromwell_8180751316843472783,RN Charge Nurse,Autumn Lake Cromwell,"Waterbury, CT",Waterbury,CT,Not specified,"RN Charge Nurse Date added: 11/27/2024 Autumn Lake Healthcare at Cromwell Cromwell, Connecticut","RN Charge Nurse Date added: 11/27/2024 Autumn Lake Healthcare at Cromwell Cromwell, Connecticut",,,Autumn Lake Cromwell,https://autumnlakecromwell.com/career/,2025-07-01T21:39:05.187034,Skilled Nursing Facility (care_setting),snf
Autumn Lake Cromwell_5124301304203768961,TRD Assistant,Autumn Lake Cromwell,"Waterbury, CT",Waterbury,CT,Not specified,"TRD Assistant Date added: 05/23/2024 Autumn Lake Healthcare at Cromwell Cromwell, Connecticut","TRD Assistant Date added: 05/23/2024 Autumn Lake Healthcare at Cromwell Cromwell, Connecticut",,,Autumn Lake Cromwell,https://autumnlakecromwell.com/career/,2025-07-01T21:39:05.447475,Skilled Nursing Facility (care_setting),snf
Autumn Lake Cromwell_333249910504285520,Licensed Practical Nurse (LPN),Autumn Lake Cromwell,"Waterbury, CT",Waterbury,CT,Not specified,"Licensed Practical Nurse (LPN) Date added: 03/27/2024 Autumn Lake Healthcare at Cromwell Cromwell, Connecticut","Licensed Practical Nurse (LPN) Date added: 03/27/2024 Autumn Lake Healthcare at Cromwell Cromwell, Connecticut",,,Autumn Lake Cromwell,https://autumnlakecromwell.com/career/,2025-07-01T21:39:05.766077,Skilled Nursing Facility (care_setting),snf
Autumn Lake Cromwell_5256217332307346601,Certified Nursing Assistant (CNA),Autumn Lake Cromwell,"Waterbury, CT",Waterbury,CT,Not specified,"Certified Nursing Assistant (CNA) Date added: 03/27/2024 Autumn Lake Healthcare at Cromwell Cromwell, Connecticut","Certified Nursing Assistant (CNA) Date added: 03/27/2024 Autumn Lake Healthcare at Cromwell Cromwell, Connecticut",,,Autumn Lake Cromwell,https://autumnlakecromwell.com/career/,2025-07-01T21:39:06.023783,Skilled Nursing Facility (care_setting),snf
Autumn Lake New Britain_5715903921360754331,TRD (Therapeutic Recreation Director),Autumn Lake New Britain,"New Britain, CT",New Britain,CT,Not specified,"TRD (Therapeutic Recreation Director) Date added: 05/05/2025 Autumn Lake Healthcare at New Britain New Britain, Connecticut","TRD (Therapeutic Recreation Director) Date added: 05/05/2025 Autumn Lake Healthcare at New Britain New Britain, Connecticut",,,Autumn Lake New Britain,https://autumnlakenewbritain.com/career/,2025-07-01T21:39:14.197622,Skilled Nursing Facility (care_setting),snf
Autumn Lake New Britain_5828942290141789617,Dietary Aide,Autumn Lake New Britain,"New Britain, CT",New Britain,CT,Not specified,"Dietary Aide Date added: 04/02/2025 Autumn Lake Healthcare at New Britain New Britain, Connecticut","Dietary Aide Date added: 04/02/2025 Autumn Lake Healthcare at New Britain New Britain, Connecticut",,,Autumn Lake New Britain,https://autumnlakenewbritain.com/career/,2025-07-01T21:39:14.495201,Skilled Nursing Facility (care_setting),snf
Autumn Lake New Britain_5256217332307346601,Certified Nursing Assistant (CNA),Autumn Lake New Britain,"New Britain, CT",New Britain,CT,Not specified,"Certified Nursing Assistant (CNA) Date added: 01/21/2025 Autumn Lake Healthcare at New Britain New Britain, Connecticut","Certified Nursing Assistant (CNA) Date added: 01/21/2025 Autumn Lake Healthcare at New Britain New Britain, Connecticut",,,Autumn Lake New Britain,https://autumnlakenewbritain.com/career/,2025-07-01T21:39:14.718114,Skilled Nursing Facility (care_setting),snf
Autumn Lake New Britain_9038928553164455868,Registered Nurse (RN) Supervisor,Autumn Lake New Britain,"New Britain, CT",New Britain,CT,Not specified,"Registered Nurse (RN) Supervisor Date added: 03/27/2024 Autumn Lake Healthcare at New Britain New Britain, Connecticut","Registered Nurse (RN) Supervisor Date added: 03/27/2024 Autumn Lake Healthcare at New Britain New Britain, Connecticut",,,Autumn Lake New Britain,https://autumnlakenewbritain.com/career/,2025-07-01T21:39:14.944312,Skilled Nursing Facility (care_setting),snf
Masonicare_923165743911252965,LPN Behavioral Health Nurse (DAY SHIFT),Masonicare,"Wallingford Center, CT",Wallingford Center,CT,Not specified,"LPN Behavioral Health Nurse (DAY SHIFT) Wallingford Center, Connecticut","LPN Behavioral Health Nurse (DAY SHIFT) Wallingford Center, Connecticut",,,Masonicare,https://jobs.masonicare.org/search-jobs,2025-07-01T21:39:27.932949,Full-Time (employment); Day Shift (shift); Home Care (care_setting),mixed
Masonicare_4041173557774736485,RN Registered Nurse (NIGHT SHIFT),Masonicare,"Shelton, CT",Shelton,CT,Not specified,"RN Registered Nurse (NIGHT SHIFT) Shelton, Connecticut","RN Registered Nurse (NIGHT SHIFT) Shelton, Connecticut",,,Masonicare,https://jobs.masonicare.org/search-jobs,2025-07-01T21:39:28.209246,Full-Time (employment); Overnight (shift); Home Care (care_setting),mixed
Masonicare_1603592758030544608,RN Registered Nurse ( NIGHT SHIFT),Masonicare,"Shelton, CT",Shelton,CT,Not specified,"RN Registered Nurse ( NIGHT SHIFT) Shelton, Connecticut","RN Registered Nurse ( NIGHT SHIFT) Shelton, Connecticut",,,Masonicare,https://jobs.masonicare.org/search-jobs,2025-07-01T21:39:28.465593,Full-Time (employment); Overnight (shift); Home Care (care_setting),mixed
Masonicare_7024975762985614955,Live In Caregiver,Masonicare,"West Hartford, CT",West Hartford,CT,Not specified,"Live In Caregiver West Hartford, Connecticut","Live In Caregiver West Hartford, Connecticut",,,Masonicare,https://jobs.masonicare.org/search-jobs,2025-07-01T21:39:28.802400,Home Care (care_setting),mixed
Masonicare_8050205181474090147,CNA Falls Prevention Aide (EVENING SHIFT),Masonicare,"Wallingford Center, CT",Wallingford Center,CT,Not specified,"CNA Falls Prevention Aide (EVENING SHIFT) Wallingford Center, Connecticut","CNA Falls Prevention Aide (EVENING SHIFT) Wallingford Center, Connecticut",,,Masonicare,https://jobs.masonicare.org/search-jobs,2025-07-01T21:39:29.173529,Full-Time (employment); Evening Shift (shift); Home Care (care_setting),mixed
Masonicare_635543795502659630,CNA Falls Prevention Aide (DAY SHIFT),Masonicare,"Wallingford Center, CT",Wallingford Center,CT,Not specified,"CNA Falls Prevention Aide (DAY SHIFT) Wallingford Center, Connecticut","CNA Falls Prevention Aide (DAY SHIFT) Wallingford Center, Connecticut",,,Masonicare,https://jobs.masonicare.org/search-jobs,2025-07-01T21:39:29.928792,Full-Time (employment); Day Shift (shift); Home Care (care_setting),mixed
Masonicare_2384783602282207949,Hospice APRN,Masonicare,"Norwich, CT",Norwich,CT,Not specified,"Hospice APRN Norwich, Connecticut","Hospice APRN Norwich, Connecticut",,,Masonicare,https://jobs.masonicare.org/search-jobs,2025-07-01T21:39:30.583743,Per Diem (employment); Hospice (care_setting),mixed
Aveanna_853446571909307173,"$10,000 SIGN ON BONUS* Physical Therapist (PT)",Aveanna,Connecticut,,CT,Not specified,"$10,000 SIGN ON BONUS* Physical Therapist (PT)","$10,000 SIGN ON BONUS* Physical Therapist (PT)",,,Aveanna,https://jobs.aveanna.com/jobs/?search_term=,2025-07-01T21:41:01.841482,Part-Time (employment); Home Care (care_setting); Bonus Available (flag),home_care
Aveanna_3538064377720819865,"$5,000 Sign On Bonus - Occupational Therapist (OT) - Home Health",Aveanna,Connecticut,,CT,Not specified,"$5,000 Sign On Bonus - Occupational Therapist (OT) - Home Health","$5,000 Sign On Bonus - Occupational Therapist (OT) - Home Health",,,Aveanna,https://jobs.aveanna.com/jobs/?search_term=,2025-07-01T21:41:02.702679,Home Care (care_setting); Bonus Available (flag),home_care
Aveanna_1065884105806667663,"$5,000 SIGN ON BONUS Occupational Therapist (OTR)",Aveanna,Connecticut,,CT,Not specified,"$5,000 SIGN ON BONUS Occupational Therapist (OTR)","$5,000 SIGN ON BONUS Occupational Therapist (OTR)",,,Aveanna,https://jobs.aveanna.com/jobs/?search_term=,2025-07-01T21:41:03.434924,Home Care (care_setting); Bonus Available (flag),home_care
Aveanna_7300154966931639238,"$5,000 Sign On Bonus - Occupational Therapist (OTR) - Home Health",Aveanna,Connecticut,,CT,Not specified,"$5,000 Sign On Bonus - Occupational Therapist (OTR) - Home Health","$5,000 Sign On Bonus - Occupational Therapist (OTR) - Home Health",,,Aveanna,https://jobs.aveanna.com/jobs/?search_term=,2025-07-01T21:41:04.199670,Home Care (care_setting); Bonus Available (flag),home_care
Aveanna_5761235342554506302,"$5,000 SIGN ON BONUS* Physical Therapist (PT)",Aveanna,Connecticut,,CT,Not specified,"$5,000 SIGN ON BONUS* Physical Therapist (PT)","$5,000 SIGN ON BONUS* Physical Therapist (PT)",,,Aveanna,https://jobs.aveanna.com/jobs/?search_term=,2025-07-01T21:41:05.741259,Part-Time (employment); Home Care (care_setting); Bonus Available (flag),home_care
Aveanna_6144056043401026453,"$7,500 SIGN ON BONUS* Physical Therapist (PT)",Aveanna,Connecticut,,CT,Not specified,"$7,500 SIGN ON BONUS* Physical Therapist (PT)","$7,500 SIGN ON BONUS* Physical Therapist (PT)",,,Aveanna,https://jobs.aveanna.com/jobs/?search_term=,2025-07-01T21:41:06.561782,Part-Time (employment); Home Care (care_setting); Bonus Available (flag),home_care
Aveanna_8548282855761093038,10K Sign On Physical Therapist PT Full Time Salaried,Aveanna,Connecticut,,CT,Not specified,10K Sign On Physical Therapist PT Full Time Salaried,10K Sign On Physical Therapist PT Full Time Salaried,,,Aveanna,https://jobs.aveanna.com/jobs/?search_term=,2025-07-01T21:41:09.319065,Full-Time (employment); Home Care (care_setting),home_care
Aveanna_3039501374877989261,1:1 Registered Nurse - School Setting,Aveanna,Connecticut,,CT,Not specified,1:1 Registered Nurse - School Setting,1:1 Registered Nurse - School Setting,,,Aveanna,https://jobs.aveanna.com/jobs/?search_term=,2025-07-01T21:41:10.063774,Home Care (care_setting),home_care
Aveanna_882716740889301057,1:1 School Licensed Nurse (LPN/LVN),Aveanna,Connecticut,,CT,Not specified,1:1 School Licensed Nurse (LPN/LVN),1:1 School Licensed Nurse (LPN/LVN),,,Aveanna,https://jobs.aveanna.com/jobs/?search_term=,2025-07-01T21:41:11.775690,Home Care (care_setting),home_care
Aveanna_8017889071790811079,1:1 School Licensed Practical Nurse (LPN),Aveanna,Connecticut,,CT,Not specified,1:1 School Licensed Practical Nurse (LPN),1:1 School Licensed Practical Nurse (LPN),,,Aveanna,https://jobs.aveanna.com/jobs/?search_term=,2025-07-01T21:41:12.788622,Home Care (care_setting),home_care
Aveanna_5642419095833042855,Private Duty Nurse (LPN),Aveanna,Connecticut,,CT,Not specified,Private Duty Nurse (LPN),Private Duty Nurse (LPN),,,Aveanna,https://jobs.aveanna.com/jobs/?search_term=,2025-07-01T21:41:13.821276,Home Care (care_setting); Private Facility (facility),home_care
Affinity Home Care_8554300567399612298,Home Health Aide (HHA),Affinity Home Care,Connecticut,,CT,Not specified,Home Health Aide (HHA),Home Health Aide (HHA),,,Affinity Home Care,https://www.intelycare.com/jobs/?listing_page=1&employer_id=4978365,2025-07-01T21:41:25.549620,Home Care (care_setting),home_care
Affinity Home Care_8496591416945569731,Home Health Aide,Affinity Home Care,Connecticut,,CT,Not specified,Home Health Aide,Home Health Aide,,,Affinity Home Care,https://www.intelycare.com/jobs/?listing_page=1&employer_id=4978365,2025-07-01T21:41:26.574732,Home Care (care_setting),home_care
Affinity Home Care_2885583204837573619,Home Health Aides (HHA),Affinity Home Care,Connecticut,,CT,Not specified,Home Health Aides (HHA),Home Health Aides (HHA),,,Affinity Home Care,https://www.intelycare.com/jobs/?listing_page=1&employer_id=4978365,2025-07-01T21:41:29.452240,Home Care (care_setting),home_care
Affinity Home Care_2746864812906403173,Registered Nurse (RN),Affinity Home Care,Connecticut,,CT,Not specified,Registered Nurse (RN),Registered Nurse (RN),,,Affinity Home Care,https://www.intelycare.com/jobs/?listing_page=1&employer_id=4978365,2025-07-01T21:41:30.345156,Home Care (care_setting),home_care
Affinity Home Care_4319065049115782517,Licensed Practitioner Nurse (LPN),Affinity Home Care,Connecticut,,CT,Not specified,Licensed Practitioner Nurse (LPN),Licensed Practitioner Nurse (LPN),,,Affinity Home Care,https://www.intelycare.com/jobs/?listing_page=1&employer_id=4978365,2025-07-01T21:41:31.262934,Home Care (care_setting),home_care
Affinity Home Care_333249910504285520,Licensed Practical Nurse (LPN),Affinity Home Care,Connecticut,,CT,Not specified,Licensed Practical Nurse (LPN),Licensed Practical Nurse (LPN),,,Affinity Home Care,https://www.intelycare.com/jobs/?listing_page=1&employer_id=4978365,2025-07-01T21:41:32.572352,Home Care (care_setting),home_care
Affinity Home Care_5256217332307346601,Certified Nursing Assistant (CNA),Affinity Home Care,Connecticut,,CT,Not specified,Certified Nursing Assistant (CNA),Certified Nursing Assistant (CNA),,,Affinity Home Care,https://www.intelycare.com/jobs/?listing_page=1&employer_id=4978365,2025-07-01T21:41:33.637513,Home Care (care_setting),home_care
Benchmark_6357518313793768878,CNA - Full Time 2nd Shift - Memory Care Community,Benchmark,Connecticut,,CT,Not specified,CNA - Full Time 2nd Shift - Memory Care Community,CNA - Full Time 2nd Shift - Memory Care Community,,,Benchmark,https://jobs.dayforcehcm.com/en-US/benchmark/CANDIDATEPORTAL,2025-07-01T21:54:37.843676,Full-Time (employment); Memory Care (care_setting),assisted_living
Benchmark_6125205153369291517,CNA - Full Time,Benchmark,Connecticut,,CT,Not specified,CNA - Full Time,CNA - Full Time,,,Benchmark,https://jobs.dayforcehcm.com/en-US/benchmark/CANDIDATEPORTAL,2025-07-01T21:54:38.677916,Full-Time (employment); Assisted Living (care_setting),assisted_living
Benchmark_3001644337021202846,CNA - Part Time,Benchmark,Connecticut,,CT,Not specified,CNA - Part Time,CNA - Part Time,,,Benchmark,https://jobs.dayforcehcm.com/en-US/benchmark/CANDIDATEPORTAL,2025-07-01T21:54:39.800374,Part-Time (employment); Assisted Living (care_setting),assisted_living
Benchmark_7674863173182329543,CNA - Part Time 1st & 3rd,Benchmark,Connecticut,,CT,Not specified,CNA - Part Time 1st & 3rd,CNA - Part Time 1st & 3rd,,,Benchmark,https://jobs.dayforcehcm.com/en-US/benchmark/CANDIDATEPORTAL,2025-07-01T21:54:41.302112,Part-Time (employment); Assisted Living (care_setting),assisted_living
Benchmark_6084174529035744380,CNA - Full Time 3rd Shift,Benchmark,Connecticut,,CT,Not specified,CNA - Full Time 3rd Shift,CNA - Full Time 3rd Shift,,,Benchmark,https://jobs.dayforcehcm.com/en-US/benchmark/CANDIDATEPORTAL,2025-07-01T21:54:43.847436,Full-Time (employment); Assisted Living (care_setting),assisted_living
Benchmark_5647442095929307201,RN - Care Nurse Supervisor SNF,Benchmark,Connecticut,,CT,Not specified,RN - Care Nurse Supervisor SNF,RN - Care Nurse Supervisor SNF,,,Benchmark,https://jobs.dayforcehcm.com/en-US/benchmark/CANDIDATEPORTAL,2025-07-01T21:54:44.913613,Skilled Nursing Facility (care_setting),assisted_living
Benchmark_7984473381094820891,Assistant - Programming Harbor,Benchmark,Connecticut,,CT,Not specified,Assistant - Programming Harbor,Assistant - Programming Harbor,,,Benchmark,https://jobs.dayforcehcm.com/en-US/benchmark/CANDIDATEPORTAL,2025-07-01T21:54:47.485263,Assisted Living (care_setting),assisted_living
Benchmark_5706784336488683127,Part Time Nurse- RN/LPN,Benchmark,Connecticut,,CT,Not specified,Part Time Nurse- RN/LPN,Part Time Nurse- RN/LPN,,,Benchmark,https://jobs.dayforcehcm.com/en-US/benchmark/CANDIDATEPORTAL,2025-07-01T21:54:50.138105,Part-Time (employment); Assisted Living (care_setting),assisted_living
Mozaic Senior Services_9188935577269222420,"C.N.A./HHA - Home Care (Full Time, Part Time, Per Diem)",Mozaic Senior Services,"Stamford, CT",Stamford,CT,$17.25 - $22.00 per hour,"C.N.A./HHA - Home Care (Full Time, Part Time, Per Diem) Stamford, CT, USA |Home Care |Flex Hours |Per Diem |$17.25 - $22.00 per hour Posted: Jun 20, 2025","C.N.A./HHA - Home Care (Full Time, Part Time, Per Diem) Stamford, CT, USA |Home Care |Flex Hours |Per Diem |$17.25 - $22.00 per hour Posted: Jun 20, 2025",,https://mozaicsl.applicantpool.com/jobs/1226156,Mozaic Senior Services,https://mozaicsl.applicantpool.com/jobs/,2025-07-01T21:55:29.859355,Full-Time (employment); Flexible Hours (shift); Home Care (care_setting),assisted_living
Mozaic Senior Services_4566665542782903895,"C.N.A./HHA - Home Care (Full Time, Part Time, Per Diem)",Mozaic Senior Services,"Bridgeport, CT",Bridgeport,CT,$17.25 - $22.00 per hour,"C.N.A./HHA - Home Care (Full Time, Part Time, Per Diem) Bridgeport, CT, USA |Home Care |Per Diem |$17.25 - $22.00 per hour Posted: Jun 20, 2025","C.N.A./HHA - Home Care (Full Time, Part Time, Per Diem) Bridgeport, CT, USA |Home Care |Per Diem |$17.25 - $22.00 per hour Posted: Jun 20, 2025",,https://mozaicsl.applicantpool.com/jobs/1226157,Mozaic Senior Services,https://mozaicsl.applicantpool.com/jobs/,2025-07-01T21:55:30.611752,Full-Time (employment); Home Care (care_setting),assisted_living
Mozaic Senior Services_1495928661734145722,Certified Nursing Assistant Training Program (Paid),Mozaic Senior Services,"Bridgeport, CT",Bridgeport,CT,$16.35 per hour,"Certified Nursing Assistant Training Program (Paid) Bridgeport, CT, USA |CNA Training - Nursing |8:00AM - 4:30PM |Training Course |$16.35 per hour Posted: Apr 17, 2025","Certified Nursing Assistant Training Program (Paid) Bridgeport, CT, USA |CNA Training - Nursing |8:00AM - 4:30PM |Training Course |$16.35 per hour Posted: Apr 17, 2025",,https://mozaicsl.applicantpool.com/jobs/1208403,Mozaic Senior Services,https://mozaicsl.applicantpool.com/jobs/,2025-07-01T21:55:31.548397,Assisted Living (care_setting),assisted_living
Mozaic Senior Services_6730346406718576922,Child Care Preschool Teacher (Full-time 37.5 hrs. M-F),Mozaic Senior Services,"Bridgeport, CT",Bridgeport,CT,$18.00 - $20.70 per hour,"Child Care Preschool Teacher (Full-time 37.5 hrs. M-F) Bridgeport, CT, USA |Child Care Center |Days |Full-Time |$18.00 - $20.70 per hour Posted: Jun 27, 2025","Child Care Preschool Teacher (Full-time 37.5 hrs. M-F) Bridgeport, CT, USA |Child Care Center |Days |Full-Time |$18.00 - $20.70 per hour Posted: Jun 27, 2025",,https://mozaicsl.applicantpool.com/jobs/1228464,Mozaic Senior Services,https://mozaicsl.applicantpool.com/jobs/,2025-07-01T21:55:32.283327,Full-Time (employment); Day Shift (shift); Assisted Living (care_setting),assisted_living
Mozaic Senior Services_3435726208090912571,CNA - Assisted Living (Full Time 37.5 hours),Mozaic Senior Services,"Bridgeport, CT",Bridgeport,CT,$19.25 - $22.14 per hour,"CNA - Assisted Living (Full Time 37.5 hours) Bridgeport, CT, USA |Assisted Living |11:00pm - 7:00am |Full-Time |$19.25 - $22.14 per hour Posted: Jun 23, 2025","CNA - Assisted Living (Full Time 37.5 hours) Bridgeport, CT, USA |Assisted Living |11:00pm - 7:00am |Full-Time |$19.25 - $22.14 per hour Posted: Jun 23, 2025",,https://mozaicsl.applicantpool.com/jobs/1226610,Mozaic Senior Services,https://mozaicsl.applicantpool.com/jobs/,2025-07-01T21:55:33.246362,Full-Time (employment); Assisted Living (care_setting),assisted_living
Mozaic Senior Services_8943039355555486660,"CNA - Medical Home Care and Hospice (FT, PT, Per Diem)",Mozaic Senior Services,"Stamford, CT",Stamford,CT,$17.25 - $22.00 per hour,"CNA - Medical Home Care and Hospice (FT, PT, Per Diem) Stamford, CT, USA |Hospice |Flex Hours |Per Diem |$17.25 - $22.00 per hour Posted: Jun 20, 2025","CNA - Medical Home Care and Hospice (FT, PT, Per Diem) Stamford, CT, USA |Hospice |Flex Hours |Per Diem |$17.25 - $22.00 per hour Posted: Jun 20, 2025",,https://mozaicsl.applicantpool.com/jobs/1226158,Mozaic Senior Services,https://mozaicsl.applicantpool.com/jobs/,2025-07-01T21:55:34.141666,Full-Time (employment); Flexible Hours (shift); Home Care (care_setting),assisted_living
Mozaic Senior Services_3754182186943342842,CNA (AL) - (Per Diem),Mozaic Senior Services,"Bridgeport, CT",Bridgeport,CT,$20.00 - $21.50 per hour,"CNA (AL) - (Per Diem) Bridgeport, CT, USA |Assisted Living |Flex Hours |Per Diem |$20.00 - $21.50 per hour Posted: Jun 23, 2025","CNA (AL) - (Per Diem) Bridgeport, CT, USA |Assisted Living |Flex Hours |Per Diem |$20.00 - $21.50 per hour Posted: Jun 23, 2025",,https://mozaicsl.applicantpool.com/jobs/1226611,Mozaic Senior Services,https://mozaicsl.applicantpool.com/jobs/,2025-07-01T21:55:34.878698,Per Diem (employment); Flexible Hours (shift); Assisted Living (care_setting),assisted_living
Mozaic Senior Services_7370166194220570578,CNA (LTC) - (Full-time 1st. shift),Mozaic Senior Services,"Bridgeport, CT",Bridgeport,CT,$19.25 - $22.14 per hour,"CNA (LTC) - (Full-time 1st. shift) Bridgeport, CT, USA |Nursing |7:00am - 3:00pm |Full-Time |$19.25 - $22.14 per hour Posted: May 15, 2025","CNA (LTC) - (Full-time 1st. shift) Bridgeport, CT, USA |Nursing |7:00am - 3:00pm |Full-Time |$19.25 - $22.14 per hour Posted: May 15, 2025",,https://mozaicsl.applicantpool.com/jobs/1216897,Mozaic Senior Services,https://mozaicsl.applicantpool.com/jobs/,2025-07-01T21:55:35.605046,Full-Time (employment); Assisted Living (care_setting),assisted_living
Mozaic Senior Services_5355929251496379045,CNA (LTC) - (Full-time 2nd shift),Mozaic Senior Services,"Bridgeport, CT",Bridgeport,CT,$19.25 - $22.14 per hour,"CNA (LTC) - (Full-time 2nd shift) Bridgeport, CT, USA |Nursing |3:00pm - 11:00pm |Full-Time |$19.25 - $22.14 per hour Posted: May 16, 2025","CNA (LTC) - (Full-time 2nd shift) Bridgeport, CT, USA |Nursing |3:00pm - 11:00pm |Full-Time |$19.25 - $22.14 per hour Posted: May 16, 2025",,https://mozaicsl.applicantpool.com/jobs/1216898,Mozaic Senior Services,https://mozaicsl.applicantpool.com/jobs/,2025-07-01T21:55:36.884709,Full-Time (employment); Assisted Living (care_setting),assisted_living
Mozaic Senior Services_2806604258005643748,CNA (LTC) - (Full-time 3rd. Shift),Mozaic Senior Services,"Bridgeport, CT",Bridgeport,CT,$19.25 - $22.14 per hour,"CNA (LTC) - (Full-time 3rd. Shift) Bridgeport, CT, USA |Nursing |11:00pm - 7:00am |Full-Time |$19.25 - $22.14 per hour Posted: May 16, 2025","CNA (LTC) - (Full-time 3rd. Shift) Bridgeport, CT, USA |Nursing |11:00pm - 7:00am |Full-Time |$19.25 - $22.14 per hour Posted: May 16, 2025",,https://mozaicsl.applicantpool.com/jobs/1216899,Mozaic Senior Services,https://mozaicsl.applicantpool.com/jobs/,2025-07-01T21:55:37.580188,Full-Time (employment); Assisted Living (care_setting),assisted_living
Mozaic Senior Services_8616098403411924109,CNA Flex 3 Per Diem (NEW),Mozaic Senior Services,"Bridgeport, CT",Bridgeport,CT,$22.50 - $24.50 per hour,"CNA Flex 3 Per Diem (NEW) Bridgeport, CT, USA |Nursing |Flex Shift |Per Diem |$22.50 - $24.50 per hour Posted: Jun 25, 2025","CNA Flex 3 Per Diem (NEW) Bridgeport, CT, USA |Nursing |Flex Shift |Per Diem |$22.50 - $24.50 per hour Posted: Jun 25, 2025",,https://mozaicsl.applicantpool.com/jobs/1227858,Mozaic Senior Services,https://mozaicsl.applicantpool.com/jobs/,2025-07-01T21:55:38.368416,Full-Time (employment); Flexible Hours (shift); Assisted Living (care_setting),assisted_living
Mozaic Senior Services_683350564827446932,Experienced Clinical Educator,Mozaic Senior Services,"Experienced Clinical Educator Bridgeport, CT",Experienced Clinical Educator Bridgeport,CT,$42.00 - $50.40 per hour,"Experienced Clinical Educator Bridgeport, CT, USA |Education |Days |Full-Time |$42.00 - $50.40 per hour Posted: May 07, 2025","Experienced Clinical Educator Bridgeport, CT, USA |Education |Days |Full-Time |$42.00 - $50.40 per hour Posted: May 07, 2025",,https://mozaicsl.applicantpool.com/jobs/1214057,Mozaic Senior Services,https://mozaicsl.applicantpool.com/jobs/,2025-07-01T21:55:39.646392,Full-Time (employment); Day Shift (shift); Assisted Living (care_setting),assisted_living
Mozaic Senior Services_2886355547497603891,Experienced RN Nursing Supervisor (Part-time 20 hrs.),Mozaic Senior Services,"Bridgeport, CT",Bridgeport,CT,$44.00 - $52.80 per hour,"Experienced RN Nursing Supervisor (Part-time 20 hrs.) Bridgeport, CT, USA |Clinical Support Services |3pm-7pm |Part-Time |$44.00 - $52.80 per hour Posted: Jun 23, 2025","Experienced RN Nursing Supervisor (Part-time 20 hrs.) Bridgeport, CT, USA |Clinical Support Services |3pm-7pm |Part-Time |$44.00 - $52.80 per hour Posted: Jun 23, 2025",,https://mozaicsl.applicantpool.com/jobs/1226614,Mozaic Senior Services,https://mozaicsl.applicantpool.com/jobs/,2025-07-01T21:55:40.637859,Part-Time (employment); Assisted Living (care_setting),assisted_living
Mozaic Senior Services_7105042020637488125,Experienced RN Nursing Supervisor (Part-time 8 hrs.),Mozaic Senior Services,"Bridgeport, CT",Bridgeport,CT,$44.00 - $52.80 per hour,"Experienced RN Nursing Supervisor (Part-time 8 hrs.) Bridgeport, CT, USA |Clinical Support Services |3pm-7pm |Part-Time |$44.00 - $52.80 per hour Posted: Jun 23, 2025","Experienced RN Nursing Supervisor (Part-time 8 hrs.) Bridgeport, CT, USA |Clinical Support Services |3pm-7pm |Part-Time |$44.00 - $52.80 per hour Posted: Jun 23, 2025",,https://mozaicsl.applicantpool.com/jobs/1226615,Mozaic Senior Services,https://mozaicsl.applicantpool.com/jobs/,2025-07-01T21:55:41.310604,Part-Time (employment); Assisted Living (care_setting),assisted_living
Mozaic Senior Services_6770771718198165348,Experienced RN Supervisor (Part-time Weekends),Mozaic Senior Services,"Bridgeport, CT",Bridgeport,CT,$44.00 - $52.80 per hour,"Experienced RN Supervisor (Part-time Weekends) Bridgeport, CT, USA |Clinical Support Services |11:00pm - 7:00am |Part-Time |$44.00 - $52.80 per hour Posted: Jun 23, 2025","Experienced RN Supervisor (Part-time Weekends) Bridgeport, CT, USA |Clinical Support Services |11:00pm - 7:00am |Part-Time |$44.00 - $52.80 per hour Posted: Jun 23, 2025",,https://mozaicsl.applicantpool.com/jobs/1226616,Mozaic Senior Services,https://mozaicsl.applicantpool.com/jobs/,2025-07-01T21:55:42.057985,Part-Time (employment); Weekend Shift (shift); Assisted Living (care_setting),assisted_living
Nathaniel Witherell_5242804290970605126,"Patient Care Coordinator, R.N.",Nathaniel Witherell,"Greenwich, CT",Greenwich,CT,"$99,154.00 - $106,779.00","Patient Care Coordinator, R.N. Full Time - $99,154.00 - $106,779.00 Annually Department: NATHANIEL WITHERELL Performs professional work involving managing staff nurses and nursing assistants in an assigned unit, and responsible for the quality of life and the nursing care provided to the residents in that unit on a 24 hour basis. Plans, coordinates, evaluates, communicates, and ensures quality patient care across all shifts. Maintains awareness of changes in each resident's condition and needs on a daily basis. Ensures documentation compliance for medical records maintained on unit. Works with and through other departments to achieve quality patient care and appropriate support and interventions for concerned family members. Position carries a Blood and Body Fluid Exposure Risk Level I, and reports... Posted more than 30 days ago | Closes in 5 days","Patient Care Coordinator, R.N. Full Time - $99,154.00 - $106,779.00 Annually Department: NATHANIEL WITHERELL Performs professional work involving managing staff nurses and nursing assistants in an ass...",,https://www.governmentjobs.com/careers/greenwichct/jobs/4899517/patient-care-coordinator-r-n,Nathaniel Witherell,https://www.governmentjobs.com/careers/greenwichct?department%5B0%5D=NATHANIEL%20WITHERELL&sort=PositionTitle%7CAscending,2025-07-01T21:57:04.173431,Full-Time (employment); Day Shift (shift); Skilled Nursing Facility (care_setting),snf
Covenant Living_2831414784136546268,Laundry Aide and Housekeeper,Covenant Living,Connecticut,,CT,Not specified,Laundry Aide and Housekeeper,Laundry Aide and Housekeeper,,,Covenant Living,https://careers.covliving.org/global/en/search-results,2025-07-01T21:58:01.442265,Assisted Living (care_setting),assisted_living
Covenant Living_4336694168182517128,Licensed Practical Nurse,Covenant Living,Connecticut,,CT,Not specified,Licensed Practical Nurse,Licensed Practical Nurse,,,Covenant Living,https://careers.covliving.org/global/en/search-results,2025-07-01T21:58:02.396063,Assisted Living (care_setting),assisted_living
Covenant Living_345020875592277209,Certified Nursing Assistant,Covenant Living,Connecticut,,CT,Not specified,Certified Nursing Assistant,Certified Nursing Assistant,,,Covenant Living,https://careers.covliving.org/global/en/search-results,2025-07-01T21:58:03.687412,Assisted Living (care_setting),assisted_living
Covenant Living_543333643649118098,"Care Attendant, Non Certified (Northbrook)",Covenant Living,Connecticut,,CT,Not specified,"Care Attendant, Non Certified (Northbrook)","Care Attendant, Non Certified (Northbrook)",,,Covenant Living,https://careers.covliving.org/global/en/search-results,2025-07-01T21:58:04.253246,Assisted Living (care_setting),assisted_living
Covenant Living_1805977648778819008,Registered Nurse,Covenant Living,Connecticut,,CT,Not specified,Registered Nurse,Registered Nurse,,,Covenant Living,https://careers.covliving.org/global/en/search-results,2025-07-01T21:58:04.821356,Assisted Living (care_setting),assisted_living
Covenant Living_294913946008967088,"Nursing Supervisor, RN",Covenant Living,"Nursing Supervisor, RN",Nursing Supervisor,RN,Not specified,"Nursing Supervisor, RN","Nursing Supervisor, RN",,,Covenant Living,https://careers.covliving.org/global/en/search-results,2025-07-01T21:58:05.384869,Assisted Living (care_setting),assisted_living
Covenant Living_7094256861473827718,CNA- Part Time,Covenant Living,Connecticut,,CT,Not specified,CNA- Part Time,CNA- Part Time,,,Covenant Living,https://careers.covliving.org/global/en/search-results,2025-07-01T21:58:05.931949,Part-Time (employment); Assisted Living (care_setting),assisted_living
Harbor Chase_8348962140613626723,Licensed Practical Nurse Full Time,Harbor Chase,"site Lady Lake, FL",site Lady Lake,FL,Not specified,"Licensed Practical Nurse Full Time Today Job Category: Resident Care-AL Requisition Number: LICEN021370 Schedule: Full Time Job Location Type: On-site Lady Lake, FL 32159, USA Provides direct and individual nursing care to assigned residents based on nursing standards and under the supervision of the Director of Resident Care (DRC). Also maintains compliance with all state and federal regulations and the standards of HRA. This position is available as Full Time and PRN for the 2pm-10pm shift.","Licensed Practical Nurse Full Time Today Job Category: Resident Care-AL Requisition Number: LICEN021370 Schedule: Full Time Job Location Type: On-site Lady Lake, FL 32159, USA Provides direct and indi...",,https://recruiting.ultipro.com/HAR1012/JobBoard/c8658d95-b2fe-7c84-9ea4-273644487cd4/OpportunityDetail?opportunityId=93e5a51f-ced3-435e-a5fd-47db8ef0ca43,Harbor Chase,https://recruiting.ultipro.com/HAR1012/JobBoard/c8658d95-b2fe-7c84-9ea4-273644487cd4/?q=&o=postedDateDesc,2025-07-01T21:59:16.245723,Full-Time (employment); Day Shift (shift); Assisted Living (care_setting),assisted_living
Harbor Chase_1773579338351790983,Resident Aid,Harbor Chase,"site Lady Lake, FL",site Lady Lake,FL,Not specified,"Resident Aid Today Job Category: Resident Care-AL Requisition Number: RESID021369 Schedule: Full Time Job Location Type: On-site Lady Lake, FL 32159, USA Provides residents assistance with Activities of Daily Living (ADL) while recognizing the importance of their dignity and respect at all times. This position is available as Full Time and PRN for 7am-7pm and 7pm-7am shifts, for Assisted Living and Memory Care.","Resident Aid Today Job Category: Resident Care-AL Requisition Number: RESID021369 Schedule: Full Time Job Location Type: On-site Lady Lake, FL 32159, USA Provides residents assistance with Activities ...",,https://recruiting.ultipro.com/HAR1012/JobBoard/c8658d95-b2fe-7c84-9ea4-273644487cd4/OpportunityDetail?opportunityId=f823b465-e453-4f1d-8941-ef5bb9b15f97,Harbor Chase,https://recruiting.ultipro.com/HAR1012/JobBoard/c8658d95-b2fe-7c84-9ea4-273644487cd4/?q=&o=postedDateDesc,2025-07-01T21:59:17.554515,Full-Time (employment); Day Shift (shift); Assisted Living (care_setting),assisted_living
Harbor Chase_7944565975105097144,Life Enrichment Coord / Activity Coordinator / Activities staff / Activity Ambassador,Harbor Chase,"site Orlando, FL",site Orlando,FL,Not specified,"Life Enrichment Coord / Activity Coordinator / Activities staff / Activity Ambassador Jun 30, 2025 Job Category: Life Enrichment Requisition Number: LIFEE021367 Schedule: Part Time Job Location Type: On-site Orlando, FL 32819, USA Assists in the implementation of a comprehensive activities program geared to meet the spiritual, physical, social and psychosocial needs of community residents.","Life Enrichment Coord / Activity Coordinator / Activities staff / Activity Ambassador Jun 30, 2025 Job Category: Life Enrichment Requisition Number: LIFEE021367 Schedule: Part Time Job Location Type: ...",,https://recruiting.ultipro.com/HAR1012/JobBoard/c8658d95-b2fe-7c84-9ea4-273644487cd4/OpportunityDetail?opportunityId=cfe6846f-8e2f-471c-8a4c-7e6df267a257,Harbor Chase,https://recruiting.ultipro.com/HAR1012/JobBoard/c8658d95-b2fe-7c84-9ea4-273644487cd4/?q=&o=postedDateDesc,2025-07-01T21:59:18.918984,Part-Time (employment); Assisted Living (care_setting),assisted_living
Harbor Chase_7452989916361616262,CARE PARTNER,Harbor Chase,"Full Time Sarasota, FL",Full Time Sarasota,FL,Not specified,"CARE PARTNER Jun 28, 2025 Job Category: Resident Care-MC Requisition Number: CAREP021366 Schedule: Full Time Sarasota, FL 34233, USA Full-time and part-time Provides residents assistance with Activities of Daily Living (ADL) while recognizing the importance of their dignity and respect at all times.","CARE PARTNER Jun 28, 2025 Job Category: Resident Care-MC Requisition Number: CAREP021366 Schedule: Full Time Sarasota, FL 34233, USA Full-time and part-time Provides residents assistance with Activiti...",,https://recruiting.ultipro.com/HAR1012/JobBoard/c8658d95-b2fe-7c84-9ea4-273644487cd4/OpportunityDetail?opportunityId=4046cde4-0a1e-4728-be96-b26e92c0fe4d,Harbor Chase,https://recruiting.ultipro.com/HAR1012/JobBoard/c8658d95-b2fe-7c84-9ea4-273644487cd4/?q=&o=postedDateDesc,2025-07-01T21:59:19.824441,Full-Time (employment); Assisted Living (care_setting),assisted_living
Harbor Chase_3965931740457011305,Executive Director,Harbor Chase,"Full Time Jacksonville, FL",Full Time Jacksonville,FL,Not specified,"Executive Director Jun 25, 2025 Job Category: Adminstration Requisition Number: EXECU021361 Schedule: Full Time Jacksonville, FL 32223, USA The Executive Director is totally responsible for the management of the Assisted Living, Independent Living, Memory Care community and/or Skilled Nursing Facility. Also, ensures high quality resident care services, within budgetary guidelines, while meeting or exceeding Harbor Retirement Associates, LLC, standards, and responsible for compliance with federal, state, local and HRA policies, procedures and regulations. The Executive Director is responsible to lead the community by example exhibiting the CORE Values through servant leadership.","Executive Director Jun 25, 2025 Job Category: Adminstration Requisition Number: EXECU021361 Schedule: Full Time Jacksonville, FL 32223, USA The Executive Director is totally responsible for the manage...",,https://recruiting.ultipro.com/HAR1012/JobBoard/c8658d95-b2fe-7c84-9ea4-273644487cd4/OpportunityDetail?opportunityId=8e098bc0-aca4-4a06-9cdc-55338e18db0f,Harbor Chase,https://recruiting.ultipro.com/HAR1012/JobBoard/c8658d95-b2fe-7c84-9ea4-273644487cd4/?q=&o=postedDateDesc,2025-07-01T21:59:20.727049,Full-Time (employment); Skilled Nursing Facility (care_setting),assisted_living
Harbor Chase_1679620143622635942,MEDICATION ASSISTANT,Harbor Chase,"site Daytona Beach, FL",site Daytona Beach,FL,Not specified,"MEDICATION ASSISTANT Jun 25, 2025 Job Category: Resident Care-AL Requisition Number: MEDIC021355 Schedule: Full Time Job Location Type: On-site Daytona Beach, FL 32114, USA Assisted Living Medication Assistance. Assists with medications and maintains compliance with all state and federal regulations and the standards of HRA. This role will may be working with our residents in Memory Care who are experiencing Alzheimer's/dementia","MEDICATION ASSISTANT Jun 25, 2025 Job Category: Resident Care-AL Requisition Number: MEDIC021355 Schedule: Full Time Job Location Type: On-site Daytona Beach, FL 32114, USA Assisted Living Medication ...",,https://recruiting.ultipro.com/HAR1012/JobBoard/c8658d95-b2fe-7c84-9ea4-273644487cd4/OpportunityDetail?opportunityId=d07ea127-22dd-4161-9368-cf48fe9e58ce,Harbor Chase,https://recruiting.ultipro.com/HAR1012/JobBoard/c8658d95-b2fe-7c84-9ea4-273644487cd4/?q=&o=postedDateDesc,2025-07-01T21:59:21.903675,Full-Time (employment); Day Shift (shift); Assisted Living (care_setting),assisted_living
Harbor Chase_1294602153271748537,Director of Memory Care,Harbor Chase,"site Lady Lake, FL",site Lady Lake,FL,Not specified,"Director of Memory Care Jun 25, 2025 Job Category: Resident Care-MC Requisition Number: DIREC021352 Schedule: Full Time Job Location Type: On-site Lady Lake, FL 32159, USA Provides oversight for non-licensed operations in Memory Care. Has the responsibility of the safety and well-being of all MC residents. Actively manages resident safety, life enrichment programs, non- licensed care, social settings in dining, and appropriate dementia environment. Has the ability as an Alzheimer’s trainer, support group facilitator and family advocate. Is overall responsible for providing a pleasant living environment for residents under his/her charge and creates a positive workplace for associates.","Director of Memory Care Jun 25, 2025 Job Category: Resident Care-MC Requisition Number: DIREC021352 Schedule: Full Time Job Location Type: On-site Lady Lake, FL 32159, USA Provides oversight for non-l...",,https://recruiting.ultipro.com/HAR1012/JobBoard/c8658d95-b2fe-7c84-9ea4-273644487cd4/OpportunityDetail?opportunityId=18104548-d87f-4827-a650-988e3538084e,Harbor Chase,https://recruiting.ultipro.com/HAR1012/JobBoard/c8658d95-b2fe-7c84-9ea4-273644487cd4/?q=&o=postedDateDesc,2025-07-01T21:59:23.619775,Full-Time (employment); Memory Care (care_setting),assisted_living
Harbor Chase_7632175370760579743,Medication Assistant ALL SHIFTS,Harbor Chase,"site Palm Beach Gardens, FL",site Palm Beach Gardens,FL,Not specified,"Medication Assistant ALL SHIFTS Jun 24, 2025 Job Category: Resident Care-AL Requisition Number: MEDIC021351 Schedule: Full Time Job Location Type: On-site Palm Beach Gardens, FL 33418, USA Full time and Part time Med Techs needed for all shifts at luxury assisted living. Assists with medications and maintains compliance with all state and federal regulations and the standards of HRA. Provides residents assistance with Activities of Daily Living (ADL) while recognizing the importance of their dignity and respect at all times. This position is for our Assisted Living.","Medication Assistant ALL SHIFTS Jun 24, 2025 Job Category: Resident Care-AL Requisition Number: MEDIC021351 Schedule: Full Time Job Location Type: On-site Palm Beach Gardens, FL 33418, USA Full time a...",,https://recruiting.ultipro.com/HAR1012/JobBoard/c8658d95-b2fe-7c84-9ea4-273644487cd4/OpportunityDetail?opportunityId=3f29ea32-295b-4483-8993-5a39a4ca6c83,Harbor Chase,https://recruiting.ultipro.com/HAR1012/JobBoard/c8658d95-b2fe-7c84-9ea4-273644487cd4/?q=&o=postedDateDesc,2025-07-01T21:59:24.886337,Full-Time (employment); Assisted Living (care_setting),assisted_living
Harbor Chase_2063284880989574702,Housekeeper,Harbor Chase,"site Palm Beach Gardens, FL",site Palm Beach Gardens,FL,Not specified,"Housekeeper Jun 24, 2025 Job Category: Housekeeping Requisition Number: HOUSE021350 Schedule: Full Time Job Location Type: On-site Palm Beach Gardens, FL 33418, USA Full Time Housekeeper needed for Assisted Living and Memory Care","Housekeeper Jun 24, 2025 Job Category: Housekeeping Requisition Number: HOUSE021350 Schedule: Full Time Job Location Type: On-site Palm Beach Gardens, FL 33418, USA Full Time Housekeeper needed for As...",,https://recruiting.ultipro.com/HAR1012/JobBoard/c8658d95-b2fe-7c84-9ea4-273644487cd4/OpportunityDetail?opportunityId=0e514101-6dfd-48c9-9424-cae4147410ab,Harbor Chase,https://recruiting.ultipro.com/HAR1012/JobBoard/c8658d95-b2fe-7c84-9ea4-273644487cd4/?q=&o=postedDateDesc,2025-07-01T21:59:25.858409,Full-Time (employment); Assisted Living (care_setting),assisted_living
Harbor Chase_2675755026335959562,Care Partner (CNA),Harbor Chase,"Part Time Coral Springs, FL",Part Time Coral Springs,FL,Not specified,"Care Partner (CNA) Jun 24, 2025 Job Category: Resident Care-AL Requisition Number: CAREP021349 Schedule: Part Time Coral Springs, FL 33065, USA As Needed Certified Nursing Assistant for Assisted Living Residence Experience as a medication technician is required- must have current certification. -Provides quality care and assistance to residents in accordance with the resident philosophy and policies and resident rights -Adheres to each resident’s Level of Care (LOC), notifies supervisor of any changes in resident’s condition -Answers and responds to resident calls in a timely manner -Assists residents with Activities of Daily Living (ADL) -Completes assignment sheets daily. -Encourages and escorts residents to and from meals in the dining room -Assists residents with meals in ways that meet their individual needs and desires, while being cognizant of changes in appetites and physical abilities to eat","Care Partner (CNA) Jun 24, 2025 Job Category: Resident Care-AL Requisition Number: CAREP021349 Schedule: Part Time Coral Springs, FL 33065, USA As Needed Certified Nursing Assistant for Assisted Livin...",,https://recruiting.ultipro.com/HAR1012/JobBoard/c8658d95-b2fe-7c84-9ea4-273644487cd4/OpportunityDetail?opportunityId=cbb32ec0-d6c8-4d4b-9d0b-d60a2ba53ddd,Harbor Chase,https://recruiting.ultipro.com/HAR1012/JobBoard/c8658d95-b2fe-7c84-9ea4-273644487cd4/?q=&o=postedDateDesc,2025-07-01T21:59:26.780919,Part-Time (employment); Assisted Living (care_setting),assisted_living
Harbor Chase_6130001980508460802,Director of Life Enrichment,Harbor Chase,"site Jasper, AL",site Jasper,AL,Not specified,"Director of Life Enrichment Jun 24, 2025 Job Category: Life Enrichment Requisition Number: DIREC021348 Schedule: Full Time Job Location Type: On-site Jasper, AL 35501, USA Develops and implements inspiring success oriented Life Enrichment programs designed to meet the overall needs of the residents based on the person centered care approach.","Director of Life Enrichment Jun 24, 2025 Job Category: Life Enrichment Requisition Number: DIREC021348 Schedule: Full Time Job Location Type: On-site Jasper, AL 35501, USA Develops and implements insp...",,https://recruiting.ultipro.com/HAR1012/JobBoard/c8658d95-b2fe-7c84-9ea4-273644487cd4/OpportunityDetail?opportunityId=65b9e359-7f94-4c06-ad6c-7b4364b0f1a1,Harbor Chase,https://recruiting.ultipro.com/HAR1012/JobBoard/c8658d95-b2fe-7c84-9ea4-273644487cd4/?q=&o=postedDateDesc,2025-07-01T21:59:27.692273,Full-Time (employment); Assisted Living (care_setting),assisted_living
Harbor Chase_8535238773380597890,Care Partner,Harbor Chase,"Full Time Jasper, AL",Full Time Jasper,AL,Not specified,"Care Partner Jun 24, 2025 Job Category: Resident Care-AL Requisition Number: CAREP021347 Schedule: Full Time Jasper, AL 35501, USA HARBORCHASE IS HIRING!!! COME BE PART OF SOMETHING MAGNIFICENT! Working at HarborChase - Experience Genuine Hospitality HRA is transforming the senior housing industry, and that includes shaping our talent into tomorrow’s leaders. At HarborChase, we believe that success starts with our Associates and we pride ourselves on hiring the best. Are you ready to take your career to the next level? Do you desire a career that is rewarding and one that rewards you?","Care Partner Jun 24, 2025 Job Category: Resident Care-AL Requisition Number: CAREP021347 Schedule: Full Time Jasper, AL 35501, USA HARBORCHASE IS HIRING!!! COME BE PART OF SOMETHING MAGNIFICENT! Worki...",,https://recruiting.ultipro.com/HAR1012/JobBoard/c8658d95-b2fe-7c84-9ea4-273644487cd4/OpportunityDetail?opportunityId=98958969-6c48-4a41-ac61-97ecc1443e74,Harbor Chase,https://recruiting.ultipro.com/HAR1012/JobBoard/c8658d95-b2fe-7c84-9ea4-273644487cd4/?q=&o=postedDateDesc,2025-07-01T21:59:28.660784,Full-Time (employment); Assisted Living (care_setting),assisted_living
Harbor Chase_7638360215775499126,LPN,Harbor Chase,"site Jasper, AL",site Jasper,AL,Not specified,"LPN Jun 24, 2025 Job Category: Resident Care-AL Requisition Number: LPN00021346 Schedule: Part Time Job Location Type: On-site Jasper, AL 35501, USA Provides direct and individual nursing care to assigned residents based on nursing standards and under the supervision of the Director of Resident Care (DRC). Also maintains compliance with all state and federal regulations and the standards of HRA.","LPN Jun 24, 2025 Job Category: Resident Care-AL Requisition Number: LPN00021346 Schedule: Part Time Job Location Type: On-site Jasper, AL 35501, USA Provides direct and individual nursing care to assi...",,https://recruiting.ultipro.com/HAR1012/JobBoard/c8658d95-b2fe-7c84-9ea4-273644487cd4/OpportunityDetail?opportunityId=7cf9cb89-d548-4466-9320-be945323b72a,Harbor Chase,https://recruiting.ultipro.com/HAR1012/JobBoard/c8658d95-b2fe-7c84-9ea4-273644487cd4/?q=&o=postedDateDesc,2025-07-01T21:59:29.857742,Part-Time (employment); Assisted Living (care_setting),assisted_living
Harbor Chase_4830288729292093644,Care Partner,Harbor Chase,"site Naperville, IL",site Naperville,IL,$18.00 - $20.00,"Care Partner Jun 22, 2025 Job Category: Resident Care-MC Requisition Number: CAREP021342 Schedule: Full Time Job Location Type: On-site Naperville, IL 60540, USA -Provides quality care and assistance to residents in accordance with the resident philosophy and policies and resident rights -Adheres to each resident’s Level of Care (LOC), notifies supervisor of any changes in resident’s condition -Answers and responds to resident calls in a timely manner -Assists residents with Activities of Daily Living (ADL) -Completes assignment sheets daily. -Encourages residents to attend meals in the dining room by escorting to and from Dining room -Assists residents with meals in ways that meet their individual needs and desires, while being cognizant of changes in appetites and physical abilities to eat Pay Range $18.00 - $20.00","Care Partner Jun 22, 2025 Job Category: Resident Care-MC Requisition Number: CAREP021342 Schedule: Full Time Job Location Type: On-site Naperville, IL 60540, USA -Provides quality care and assistance ...",,https://recruiting.ultipro.com/HAR1012/JobBoard/c8658d95-b2fe-7c84-9ea4-273644487cd4/OpportunityDetail?opportunityId=3ea01cc3-0ccf-47bc-a552-d5f7307b9de7,Harbor Chase,https://recruiting.ultipro.com/HAR1012/JobBoard/c8658d95-b2fe-7c84-9ea4-273644487cd4/?q=&o=postedDateDesc,2025-07-01T21:59:30.823384,Full-Time (employment); Assisted Living (care_setting),assisted_living
Harbor Chase_2619025518541086491,Life Enrichment Coord,Harbor Chase,"site Rock Hill, SC",site Rock Hill,SC,Not specified,"Life Enrichment Coord Jun 20, 2025 Job Category: Life Enrichment Requisition Number: LIFEE021341 Schedule: Full Time Job Location Type: On-site Rock Hill, SC 29730, USA HarborChase of Riverwalk has been recognized as a Great Place to Work® year after year, and we believe our success is because we believe we are here to serve our Residents, their families and one another. We are a luxury assisted living community that is driven by compassion, respect, and the dedication to making every interaction meaningful. Our culture fosters growth, teamwork, and a genuine commitment to enriching the lives of our residents and our team members. If you are passionate about providing exceptional care in an environment where you’re valued and supported, we invite you to apply for our Life Enrichment Coordinator position.","Life Enrichment Coord Jun 20, 2025 Job Category: Life Enrichment Requisition Number: LIFEE021341 Schedule: Full Time Job Location Type: On-site Rock Hill, SC 29730, USA HarborChase of Riverwalk has be...",,https://recruiting.ultipro.com/HAR1012/JobBoard/c8658d95-b2fe-7c84-9ea4-273644487cd4/OpportunityDetail?opportunityId=e16d55fd-6c07-4268-ab65-a135c54bbf6f,Harbor Chase,https://recruiting.ultipro.com/HAR1012/JobBoard/c8658d95-b2fe-7c84-9ea4-273644487cd4/?q=&o=postedDateDesc,2025-07-01T21:59:31.815917,Full-Time (employment); Assisted Living (care_setting),assisted_living
Oak Hill_105321101736219068,Group Home Nurse Coordinator Supervisor,Oak Hill,Connecticut,,CT,Not specified,Group Home Nurse Coordinator Supervisor,Group Home Nurse Coordinator Supervisor,,,Oak Hill,https://jobs.dayforcehcm.com/en-US/oakhill/OakHillDefaultPostingSite,2025-07-01T21:59:58.854381,Group Home (care_setting),mixed
Oak Hill_3601549351093428200,Internal Communications Manager,Oak Hill,Connecticut,,CT,Not specified,Internal Communications Manager,Internal Communications Manager,,,Oak Hill,https://jobs.dayforcehcm.com/en-US/oakhill/OakHillDefaultPostingSite,2025-07-01T22:00:00.062366,Home Care (care_setting),mixed
IntelyCare - StaffDNA_2876701242199380859,"Travel Nursing-RN, PCU",IntelyCare - StaffDNA,Connecticut,,CT,Not specified,"Travel Nursing-RN, PCU","Travel Nursing-RN, PCU",,,IntelyCare - StaffDNA,https://www.intelycare.com/jobs/?listing_page=1&employer_id=5008017,2025-07-01T22:01:10.792681,Home Care (care_setting),
IntelyCare - StaffDNA_193885836590970910,"Travel Nursing-RN, ER",IntelyCare - StaffDNA,"RN, ER",RN,ER,Not specified,"Travel Nursing-RN, ER","Travel Nursing-RN, ER",,,IntelyCare - StaffDNA,https://www.intelycare.com/jobs/?listing_page=1&employer_id=5008017,2025-07-01T22:01:12.689954,Home Care (care_setting),
IntelyCare - StaffDNA_33070929098546822,"Travel Nursing-RN, ICU",IntelyCare - StaffDNA,Connecticut,,CT,Not specified,"Travel Nursing-RN, ICU","Travel Nursing-RN, ICU",,,IntelyCare - StaffDNA,https://www.intelycare.com/jobs/?listing_page=1&employer_id=5008017,2025-07-01T22:01:13.831022,Home Care (care_setting),
IntelyCare - StaffDNA_700592532748876786,"Travel Nursing-RN, MS",IntelyCare - StaffDNA,"RN, MS",RN,MS,Not specified,"Travel Nursing-RN, MS","Travel Nursing-RN, MS",,,IntelyCare - StaffDNA,https://www.intelycare.com/jobs/?listing_page=1&employer_id=5008017,2025-07-01T22:01:14.853418,Home Care (care_setting),
IntelyCare - StaffDNA_9194127926472634019,"Local Nursing-RN, PCU",IntelyCare - StaffDNA,Connecticut,,CT,Not specified,"Local Nursing-RN, PCU","Local Nursing-RN, PCU",,,IntelyCare - StaffDNA,https://www.intelycare.com/jobs/?listing_page=1&employer_id=5008017,2025-07-01T22:01:16.053313,Home Care (care_setting),
IntelyCare - StaffDNA_4198244977531182861,"Travel Nursing-RN, TELE",IntelyCare - StaffDNA,Connecticut,,CT,Not specified,"Travel Nursing-RN, TELE","Travel Nursing-RN, TELE",,,IntelyCare - StaffDNA,https://www.intelycare.com/jobs/?listing_page=1&employer_id=5008017,2025-07-01T22:01:16.960452,Home Care (care_setting),
Artis Senior Living_1294162651201192670,"National Director, Sales and Marketing",Artis Senior Living,"Full Time Artis Senior Living Management King Of Prussia, PA",Full Time Artis Senior Living Management King Of Prussia,PA,Not specified,"National Director, Sales and Marketing Today Job Category: Administration Requisition Number: NATIO003424 Schedule: Full Time Artis Senior Living Management King Of Prussia, PA 19406, USA The National Director, Sales and Marketing will provide leadership, support, and training to the Directors, Sales and Marketing within the assigned region. Working closely with the Vice President of Operations, influence positive outcomes of both internal and external sales efforts, while ensuring that each community’s Director, Sales and Marketing, is achieving or exceeding projected occupancy and operating within budgetary guidelines. Direct the Artis sales strategy to drive revenue growth and achieve sales targets. This position leads community leadership through sales training, market analysis and relationship management. *Minimum of 3 years multi-state sales management experience required. **This position requires extensive travel, approximately 75% across the assigned region.","National Director, Sales and Marketing Today Job Category: Administration Requisition Number: NATIO003424 Schedule: Full Time Artis Senior Living Management King Of Prussia, PA 19406, USA The National...",,https://recruiting.ultipro.com/ART1008ARTH/JobBoard/dc78aa87-cca0-413e-a32b-450fecf2bffb/OpportunityDetail?opportunityId=88a57a94-be73-4f69-a724-3c6e21879cc5,Artis Senior Living,https://recruiting.ultipro.com/ART1008ARTH/JobBoard/dc78aa87-cca0-413e-a32b-450fecf2bffb/?q=&o=postedDateDesc&w=&wc=&we=&wpst=,2025-07-01T22:01:54.131074,Full-Time (employment); Day Shift (shift); Assisted Living (care_setting),assisted_living
Artis Senior Living_5767834473312618616,"Regional Director of Nursing, RN",Artis Senior Living,"Regional Director of Nursing, RN",Regional Director of Nursing,RN,Not specified,"Regional Director of Nursing, RN Today Job Category: Administration Requisition Number: REGIO003479 Schedule: Full Time Artis Senior Living Management King Of Prussia, PA 19406, USA The Regional Director of Nursing provides leadership and oversight to assigned communities in areas of resident care, regulatory compliance, performance improvement, risk reduction, clinical and staff management, as well as state licensure survey readiness. The Regional Director of Nursing will travel to communities in the assigned portfolio in New York and New Jersey on a weekly basis to provide support with ongoing recruiting and team member development efforts. *This is a remote position that requires onsite travel 3-4 days per week. *Portfolio includes 8 communities across Illinois, Minnesota, Ohio, Pennsylvania and Florida. *RN license is required. LPN/LVN license will not be considered.","Regional Director of Nursing, RN Today Job Category: Administration Requisition Number: REGIO003479 Schedule: Full Time Artis Senior Living Management King Of Prussia, PA 19406, USA The Regional Direc...",,https://recruiting.ultipro.com/ART1008ARTH/JobBoard/dc78aa87-cca0-413e-a32b-450fecf2bffb/OpportunityDetail?opportunityId=80dd6a5e-1f76-44c6-91d2-9195e27a1beb,Artis Senior Living,https://recruiting.ultipro.com/ART1008ARTH/JobBoard/dc78aa87-cca0-413e-a32b-450fecf2bffb/?q=&o=postedDateDesc&w=&wc=&we=&wpst=,2025-07-01T22:01:54.968963,Full-Time (employment); Day Shift (shift); Assisted Living (care_setting); Multi-Site Network (facility),assisted_living
Artis Senior Living_1603470336146086117,Cook,Artis Senior Living,"Waltham Lexington, MA",Waltham Lexington,MA,$20 - $22,"Cook Jun 30, 2025 Job Category: General Requisition Number: COOK0003478 Schedule: Full Time Artis Senior Living | Waltham Lexington, MA 02421, USA Are you looking for an opportunity to explore your culinary curiosity? Do you enjoy learning unique recipes and having creative freedom at work? The Cook position offers a flexible schedule, work/life balance AND room for advancement! *Starting pay is $20 - $22 / hour! *This is a full time position offering a flexible schedule, working 6am-2:30pm! Some weekends WILL be required!","Cook Jun 30, 2025 Job Category: General Requisition Number: COOK0003478 Schedule: Full Time Artis Senior Living | Waltham Lexington, MA 02421, USA Are you looking for an opportunity to explore your cu...",,https://recruiting.ultipro.com/ART1008ARTH/JobBoard/dc78aa87-cca0-413e-a32b-450fecf2bffb/OpportunityDetail?opportunityId=1fc63245-c3e2-4242-babc-058c7ce4a4c8,Artis Senior Living,https://recruiting.ultipro.com/ART1008ARTH/JobBoard/dc78aa87-cca0-413e-a32b-450fecf2bffb/?q=&o=postedDateDesc&w=&wc=&we=&wpst=,2025-07-01T22:01:55.766168,Full-Time (employment); Weekend Shift (shift); Assisted Living (care_setting),assisted_living
Artis Senior Living_8176868865892444009,"Executive Director, Memory Care",Artis Senior Living,"Full Time Artis Senior Living Branford, CT",Full Time Artis Senior Living Branford,CT,Not specified,"Executive Director, Memory Care Jun 30, 2025 Job Category: Administration Requisition Number: EXECU003477 Schedule: Full Time Artis Senior Living Branford, CT 06405, USA The Executive Director will manage the day-to-day operations of the Community, achieving and maintaining maximum occupancy of the Community, achieving high resident/employee satisfaction, generating respect in the neighborhood for the Community, ensuring smooth operation of the Community and generating the projected budget objectives for the company. *This is a 64 unit standalone Memory Care community. The ideal candidate will have senior living, long term care, or SNF experience!","Executive Director, Memory Care Jun 30, 2025 Job Category: Administration Requisition Number: EXECU003477 Schedule: Full Time Artis Senior Living Branford, CT 06405, USA The Executive Director will ma...",,https://recruiting.ultipro.com/ART1008ARTH/JobBoard/dc78aa87-cca0-413e-a32b-450fecf2bffb/OpportunityDetail?opportunityId=fa74d996-17dc-40f2-8282-44491dcc7074,Artis Senior Living,https://recruiting.ultipro.com/ART1008ARTH/JobBoard/dc78aa87-cca0-413e-a32b-450fecf2bffb/?q=&o=postedDateDesc&w=&wc=&we=&wpst=,2025-07-01T22:01:56.835630,Full-Time (employment); Day Shift (shift); Skilled Nursing Facility (care_setting),assisted_living
Artis Senior Living_7938514280290634899,CNA / Home Health Aide - Part Time / PRN,Artis Senior Living,"Part Time Artis Senior Living Boca Raton, FL",Part Time Artis Senior Living Boca Raton,FL,Not specified,"CNA / Home Health Aide - Part Time / PRN Jun 30, 2025 Job Category: Care Partner Requisition Number: CNAHO003476 Schedule: Part Time Artis Senior Living Boca Raton, FL 33487, USA The CNA / Home Health Aide (HHA) will provide assistance with daily living activities for residents with Alzheimer's/Dementia. You may be required to respond to emergency calls and situations, document and report care provided, and transport residents to various functions or locations. Familiarity with Alzheimer's/Dementia, and a willingness to work with the elderly population is essential for this role. *Starting pay is $16 / hour! *This is a part time position offering a flexible schedule on 1st shift (7am-3pm), 2nd shift (3pm-11pm) OR 3rd shift (11pm-7am)! Every other weekend is required! *PRN shifts also available!","CNA / Home Health Aide - Part Time / PRN Jun 30, 2025 Job Category: Care Partner Requisition Number: CNAHO003476 Schedule: Part Time Artis Senior Living Boca Raton, FL 33487, USA The CNA / Home Health...",,https://recruiting.ultipro.com/ART1008ARTH/JobBoard/dc78aa87-cca0-413e-a32b-450fecf2bffb/OpportunityDetail?opportunityId=425d8155-5b75-4cd9-b034-41652ccf9961,Artis Senior Living,https://recruiting.ultipro.com/ART1008ARTH/JobBoard/dc78aa87-cca0-413e-a32b-450fecf2bffb/?q=&o=postedDateDesc&w=&wc=&we=&wpst=,2025-07-01T22:01:57.755586,Full-Time (employment); Weekend Shift (shift); Memory Care (care_setting); Multi-Site Network (facility),assisted_living
Artis Senior Living_7698546392718186967,Licensed Practical Nurse (LPN) - PRN / Per Diem,Artis Senior Living,"Part Time Artis Senior Living Lakeview Chicago, IL",Part Time Artis Senior Living Lakeview Chicago,IL,$32 - $35,"Licensed Practical Nurse (LPN) - PRN / Per Diem Jun 28, 2025 Job Category: CHW Requisition Number: LICEN003474 Schedule: Part Time Artis Senior Living Lakeview Chicago, IL 60657, USA The Licensed Practical Nurse (LPN) will provide clinical monitoring and support for residents with Alzheimer's/Dementia. Ensures that all restorative, support and preventative measures are met in accordance with applicable state laws and regulations. Experience with Alzheimer's/Dementia or behavioral health conditions, and a willingness to work with the elderly population is essential for this role. *New grads welcome to apply! *Starting pay is $32 - $35 / hour! *This is a PRN / Per Diem position offering 12 hour shifts, 7am-7pm, OR 7pm-7am!","Licensed Practical Nurse (LPN) - PRN / Per Diem Jun 28, 2025 Job Category: CHW Requisition Number: LICEN003474 Schedule: Part Time Artis Senior Living Lakeview Chicago, IL 60657, USA The Licensed Prac...",,https://recruiting.ultipro.com/ART1008ARTH/JobBoard/dc78aa87-cca0-413e-a32b-450fecf2bffb/OpportunityDetail?opportunityId=3956515d-6244-4b60-9178-68df346a443f,Artis Senior Living,https://recruiting.ultipro.com/ART1008ARTH/JobBoard/dc78aa87-cca0-413e-a32b-450fecf2bffb/?q=&o=postedDateDesc&w=&wc=&we=&wpst=,2025-07-01T22:01:58.745396,Full-Time (employment); Memory Care (care_setting),assisted_living
Artis Senior Living_5813236506114306030,Licensed Practical Nurse (LPN) - Part Time / PRN,Artis Senior Living,"Part Time Artis Senior Living Spring Valley, NY",Part Time Artis Senior Living Spring Valley,NY,Not specified,"Licensed Practical Nurse (LPN) - Part Time / PRN Jun 27, 2025 Job Category: CHW Requisition Number: LICEN003473 Schedule: Part Time Artis Senior Living Spring Valley, NY 10977, USA The Licensed Practical Nurse (LPN) will provide clinical monitoring and support for residents with Alzheimer's/Dementia. Ensures that all restorative, support and preventative measures are met in accordance with applicable state laws and regulations. Experience with Alzheimer's/Dementia or behavioral health conditions, and a willingness to work with the elderly population is essential for this role. *Starting pay is $34 / hour! *This is a part time position offering 12 hour shifts, 6am-6pm, OR 6pm-6am. Every other weekend is required! *PRN shifts also available!","Licensed Practical Nurse (LPN) - Part Time / PRN Jun 27, 2025 Job Category: CHW Requisition Number: LICEN003473 Schedule: Part Time Artis Senior Living Spring Valley, NY 10977, USA The Licensed Practi...",,https://recruiting.ultipro.com/ART1008ARTH/JobBoard/dc78aa87-cca0-413e-a32b-450fecf2bffb/OpportunityDetail?opportunityId=9620cda1-f59f-47d1-aa98-8ccb5619c873,Artis Senior Living,https://recruiting.ultipro.com/ART1008ARTH/JobBoard/dc78aa87-cca0-413e-a32b-450fecf2bffb/?q=&o=postedDateDesc&w=&wc=&we=&wpst=,2025-07-01T22:01:59.864687,Full-Time (employment); Weekend Shift (shift); Memory Care (care_setting),assisted_living
Artis Senior Living_6337373370437440849,Home Health Aide (HHA) - Part Time / PRN,Artis Senior Living,"Part Time Artis Senior Living Spring Valley, NY",Part Time Artis Senior Living Spring Valley,NY,Not specified,"Home Health Aide (HHA) - Part Time / PRN Jun 27, 2025 Job Category: Care Partner Requisition Number: HOMEH003471 Schedule: Part Time Artis Senior Living Spring Valley, NY 10977, USA The Home Health Aide (HHA) will provide assistance with daily living activities for residents with Alzheimer's/Dementia. You may be required to respond to emergency calls and situations, document and report care provided, and transport residents to various functions or locations. Familiarity with Alzheimer's/Dementia, and a willingness to work with the elderly population is essential for this role. *Starting pay $18 / hour! *This is a part time position offering a flexible schedule on 1st shift (7am-3pm), 2nd shift (3pm-11pm), or 3rd shift (11pm-7am). Every other weekend is required! *PRN Shifts also available!","Home Health Aide (HHA) - Part Time / PRN Jun 27, 2025 Job Category: Care Partner Requisition Number: HOMEH003471 Schedule: Part Time Artis Senior Living Spring Valley, NY 10977, USA The Home Health Ai...",,https://recruiting.ultipro.com/ART1008ARTH/JobBoard/dc78aa87-cca0-413e-a32b-450fecf2bffb/OpportunityDetail?opportunityId=6c0772ca-0034-4018-b9cd-9951ec80b318,Artis Senior Living,https://recruiting.ultipro.com/ART1008ARTH/JobBoard/dc78aa87-cca0-413e-a32b-450fecf2bffb/?q=&o=postedDateDesc&w=&wc=&we=&wpst=,2025-07-01T22:02:00.631684,Full-Time (employment); Weekend Shift (shift); Memory Care (care_setting); Multi-Site Network (facility),assisted_living
Artis Senior Living_1752245548838404420,Licensed Practical Nurse (LPN) - Part Time,Artis Senior Living,"Part Time Artis Senior Living Huntingdon Valley, PA",Part Time Artis Senior Living Huntingdon Valley,PA,Not specified,"Licensed Practical Nurse (LPN) - Part Time Jun 27, 2025 Job Category: CHW Requisition Number: LICEN003469 Schedule: Part Time Artis Senior Living Huntingdon Valley, PA 19006, USA The Licensed Practical Nurse (LPN) will provide clinical monitoring and support for residents with Alzheimer's/Dementia. Ensures that all restorative, support and preventative measures are met in accordance with applicable state laws and regulations. Experience with Alzheimer's/Dementia or behavioral health conditions, and a willingness to work with the elderly population is essential for this role. *Starting pay is $30 / hour! *This is a part time position offering 12 hour shifts, 7am-7pm, OR 7pm-7am! Every other weekend is required!","Licensed Practical Nurse (LPN) - Part Time Jun 27, 2025 Job Category: CHW Requisition Number: LICEN003469 Schedule: Part Time Artis Senior Living Huntingdon Valley, PA 19006, USA The Licensed Practica...",,https://recruiting.ultipro.com/ART1008ARTH/JobBoard/dc78aa87-cca0-413e-a32b-450fecf2bffb/OpportunityDetail?opportunityId=4086700f-25d1-4fe8-ac34-5f588e9cf45e,Artis Senior Living,https://recruiting.ultipro.com/ART1008ARTH/JobBoard/dc78aa87-cca0-413e-a32b-450fecf2bffb/?q=&o=postedDateDesc&w=&wc=&we=&wpst=,2025-07-01T22:02:01.536764,Full-Time (employment); Weekend Shift (shift); Memory Care (care_setting),assisted_living
Artis Senior Living_8989371926847408293,Licensed Practical Nurse (LPN),Artis Senior Living,"Full Time Artis Senior Living Huntingdon Valley, PA",Full Time Artis Senior Living Huntingdon Valley,PA,Not specified,"Licensed Practical Nurse (LPN) Jun 27, 2025 Job Category: CHW Requisition Number: LICEN003468 Schedule: Full Time Artis Senior Living Huntingdon Valley, PA 19006, USA The Licensed Practical Nurse (LPN) will provide clinical monitoring and support for residents with Alzheimer's/Dementia. Ensures that all restorative, support and preventative measures are met in accordance with applicable state laws and regulations. Experience with Alzheimer's/Dementia or behavioral health conditions, and a willingness to work with the elderly population is essential for this role. *Starting pay is $30 / hour! *This is a full time position offering 12 hour shifts, 7am-7pm, OR 7pm-7am! Every other weekend is required!","Licensed Practical Nurse (LPN) Jun 27, 2025 Job Category: CHW Requisition Number: LICEN003468 Schedule: Full Time Artis Senior Living Huntingdon Valley, PA 19006, USA The Licensed Practical Nurse (LPN...",,https://recruiting.ultipro.com/ART1008ARTH/JobBoard/dc78aa87-cca0-413e-a32b-450fecf2bffb/OpportunityDetail?opportunityId=9ad20268-34c0-413e-b166-17985e7da0bf,Artis Senior Living,https://recruiting.ultipro.com/ART1008ARTH/JobBoard/dc78aa87-cca0-413e-a32b-450fecf2bffb/?q=&o=postedDateDesc&w=&wc=&we=&wpst=,2025-07-01T22:02:02.526173,Full-Time (employment); Weekend Shift (shift); Memory Care (care_setting),assisted_living
Artis Senior Living_3033017475056940347,Home Health Aide (HHA),Artis Senior Living,"Full Time Artis Senior Living Spring Valley, NY",Full Time Artis Senior Living Spring Valley,NY,Not specified,"Home Health Aide (HHA) Jun 27, 2025 Job Category: Care Partner Requisition Number: HOMEH003467 Schedule: Full Time Artis Senior Living Spring Valley, NY 10977, USA The Home Health Aide (HHA) will provide assistance with daily living activities for residents with Alzheimer's/Dementia. You may be required to respond to emergency calls and situations, document and report care provided, and transport residents to various functions or locations. Familiarity with Alzheimer's/Dementia, and a willingness to work with the elderly population is essential for this role. *Starting pay $18 / hour! *This is a full time position offering a flexible schedule on 1st shift (7am-3pm), 2nd shift (3pm-11pm), or 3rd shift (11pm-7am). Every other weekend is required!","Home Health Aide (HHA) Jun 27, 2025 Job Category: Care Partner Requisition Number: HOMEH003467 Schedule: Full Time Artis Senior Living Spring Valley, NY 10977, USA The Home Health Aide (HHA) will prov...",,https://recruiting.ultipro.com/ART1008ARTH/JobBoard/dc78aa87-cca0-413e-a32b-450fecf2bffb/OpportunityDetail?opportunityId=cb7cb487-b738-4c2a-803b-eab384630de4,Artis Senior Living,https://recruiting.ultipro.com/ART1008ARTH/JobBoard/dc78aa87-cca0-413e-a32b-450fecf2bffb/?q=&o=postedDateDesc&w=&wc=&we=&wpst=,2025-07-01T22:02:03.566686,Full-Time (employment); Weekend Shift (shift); Memory Care (care_setting); Multi-Site Network (facility),assisted_living
Artis Senior Living_4447543093657988042,Licensed Practical Nurse (LPN),Artis Senior Living,"Bridgetown Cincinnati, OH",Bridgetown Cincinnati,OH,Not specified,"Licensed Practical Nurse (LPN) Jun 27, 2025 Job Category: CHW Requisition Number: LICEN003324 Schedule: Full Time Artis Senior Living | Bridgetown Cincinnati, OH 45248, USA The LPN will provide clinical monitoring and support for residents with Alzheimer's/Dementia. Ensures that all restorative, support and preventative measures are met in accordance with applicable state laws and regulations. Experience with Alzheimer's/Dementia or behavioral health conditions, and a willingness to work with the elderly population is essential for this role. *Starting pay is $30 / hour! *This is a full time position offering 12 hour shifts, 7pm-7am. Every other weekend is required!","Licensed Practical Nurse (LPN) Jun 27, 2025 Job Category: CHW Requisition Number: LICEN003324 Schedule: Full Time Artis Senior Living | Bridgetown Cincinnati, OH 45248, USA The LPN will provide clinic...",,https://recruiting.ultipro.com/ART1008ARTH/JobBoard/dc78aa87-cca0-413e-a32b-450fecf2bffb/OpportunityDetail?opportunityId=bacf4086-b865-4616-962a-081d03db7521,Artis Senior Living,https://recruiting.ultipro.com/ART1008ARTH/JobBoard/dc78aa87-cca0-413e-a32b-450fecf2bffb/?q=&o=postedDateDesc&w=&wc=&we=&wpst=,2025-07-01T22:02:04.358095,Full-Time (employment); Weekend Shift (shift); Memory Care (care_setting),assisted_living
Artis Senior Living_3897596460279562899,"Director of Sales, Senior Living",Artis Senior Living,"Full Time Artis Senior Living Woodbury, MN",Full Time Artis Senior Living Woodbury,MN,$75000 - $80000,"Director of Sales, Senior Living Jun 27, 2025 Job Category: General Requisition Number: DIREC003465 Schedule: Full Time Artis Senior Living Woodbury, MN 55125, USA The Director, Sales and Marketing will drive internal and external sales efforts to achieve and exceed community performance goals, while continuously maximizing occupancy. *Starting base salary is $75000 - $80000 / year, plus bonus! *This is a full time position offering a Monday-Friday schedule, 9am-5pm! Some evenings and weekends may be required. *Senior living sales experience is required.","Director of Sales, Senior Living Jun 27, 2025 Job Category: General Requisition Number: DIREC003465 Schedule: Full Time Artis Senior Living Woodbury, MN 55125, USA The Director, Sales and Marketing wi...",,https://recruiting.ultipro.com/ART1008ARTH/JobBoard/dc78aa87-cca0-413e-a32b-450fecf2bffb/OpportunityDetail?opportunityId=a60a2c67-bd63-4555-9e84-ec66a3600728,Artis Senior Living,https://recruiting.ultipro.com/ART1008ARTH/JobBoard/dc78aa87-cca0-413e-a32b-450fecf2bffb/?q=&o=postedDateDesc&w=&wc=&we=&wpst=,2025-07-01T22:02:05.424145,Full-Time (employment); Day Shift (shift); Assisted Living (care_setting); Bonus Available (flag),assisted_living
Artis Senior Living_2801690350002032039,CNA / HHA (Home Health Aide),Artis Senior Living,"Waltham Lexington, MA",Waltham Lexington,MA,Not specified,"CNA / HHA (Home Health Aide) Jun 25, 2025 Job Category: Care Partner Requisition Number: CNAHH003464 Schedule: Full Time Artis Senior Living | Waltham Lexington, MA 02421, USA The CNA will provide assistance with daily living activities for residents with Alzheimer's/Dementia. You may be required to respond to emergency calls and situations, document and report care provided, and transport residents to various functions or locations. Familiarity with Alzheimer's/Dementia, and a willingness to work with the elderly population is essential for this role. *Starting pay is $20 / hour! *This is a full time position offering a flexible schedule on 1st shift (7am-3pm) OR 2nd shift (3pm-11pm)! Every other weekend required!","CNA / HHA (Home Health Aide) Jun 25, 2025 Job Category: Care Partner Requisition Number: CNAHH003464 Schedule: Full Time Artis Senior Living | Waltham Lexington, MA 02421, USA The CNA will provide ass...",,https://recruiting.ultipro.com/ART1008ARTH/JobBoard/dc78aa87-cca0-413e-a32b-450fecf2bffb/OpportunityDetail?opportunityId=2117e9e8-35ba-4e81-8518-179c6dc25d89,Artis Senior Living,https://recruiting.ultipro.com/ART1008ARTH/JobBoard/dc78aa87-cca0-413e-a32b-450fecf2bffb/?q=&o=postedDateDesc&w=&wc=&we=&wpst=,2025-07-01T22:02:06.606032,Full-Time (employment); Weekend Shift (shift); Memory Care (care_setting); Multi-Site Network (facility),assisted_living
Artis Senior Living_3011684559731911448,Cook,Artis Senior Living,"Great Falls Herndon, VA",Great Falls Herndon,VA,Not specified,"Cook Jun 24, 2025 Job Category: General Requisition Number: COOK0003462 Schedule: Full Time Artis Senior Living | Great Falls Herndon, VA 20170, USA Are you looking for an opportunity to explore your culinary curiosity? Do you enjoy learning unique recipes and having creative freedom at work? The Cook position offers a flexible schedule, work/life balance AND room for advancement! *Starting pay is $20 / hour! *This is a full time position offering a Thursday-Monday schedule!","Cook Jun 24, 2025 Job Category: General Requisition Number: COOK0003462 Schedule: Full Time Artis Senior Living | Great Falls Herndon, VA 20170, USA Are you looking for an opportunity to explore your ...",,https://recruiting.ultipro.com/ART1008ARTH/JobBoard/dc78aa87-cca0-413e-a32b-450fecf2bffb/OpportunityDetail?opportunityId=3d715fda-cc16-462f-94f9-7f5ccd7cd16e,Artis Senior Living,https://recruiting.ultipro.com/ART1008ARTH/JobBoard/dc78aa87-cca0-413e-a32b-450fecf2bffb/?q=&o=postedDateDesc&w=&wc=&we=&wpst=,2025-07-01T22:02:08.195941,Full-Time (employment); Day Shift (shift); Assisted Living (care_setting),assisted_living
ECHN Visiting Nurse & Health Services of CT_8384266503595248603,Admissions Nurse- $8K New Hire Bonus,ECHN Visiting Nurse & Health Services of CT,"Hospice Outpatient Vernon, CT",Hospice Outpatient Vernon,CT,Not specified,"Admissions Nurse- $8K New Hire Bonus Visiting Nurse & Health Services of CT · Hospice Outpatient Vernon, CT Nursing Professionals Full-time, Day, 40 Posted 05/02/2025 Req # 32974 Apply Share Back to top","Admissions Nurse- $8K New Hire Bonus Visiting Nurse & Health Services of CT · Hospice Outpatient Vernon, CT Nursing Professionals Full-time, Day, 40 Posted 05/02/2025 Req # 32974 Apply Share Back to t...",,https://pm.healthcaresource.com/cs/echn#/job/21365,ECHN Visiting Nurse & Health Services of CT,https://pm.healthcaresource.com/cs/echn#/results?whereControl=radius&radiusDistance=25&radiusUnit=mi&radius%5Bselection%5D%5Bdistance%5D=25&radius%5Bselection%5D%5Bunit%5D=mi&Facility=Visiting%20Nurse%20%26%20Health%20Services%20of%20CT&sort=titleAlphaAsc,2025-07-01T22:02:19.907434,Full-Time (employment); Day Shift (shift); Hospice (care_setting); Bonus Available (flag),home_care
ECHN Visiting Nurse & Health Services of CT_2368356006772189649,Home Health Aide II (Certified Nurse Assistant),ECHN Visiting Nurse & Health Services of CT,"Home Health Vernon, CT",Home Health Vernon,CT,Not specified,"Home Health Aide II (Certified Nurse Assistant) Visiting Nurse & Health Services of CT · Home Health Vernon, CT Nursing Support Part-time, Variable, 20 Posted 05/19/2025 Req # 33193 Apply Share Back to top","Home Health Aide II (Certified Nurse Assistant) Visiting Nurse & Health Services of CT · Home Health Vernon, CT Nursing Support Part-time, Variable, 20 Posted 05/19/2025 Req # 33193 Apply Share Back t...",,https://pm.healthcaresource.com/cs/echn#/job/21565,ECHN Visiting Nurse & Health Services of CT,https://pm.healthcaresource.com/cs/echn#/results?whereControl=radius&radiusDistance=25&radiusUnit=mi&radius%5Bselection%5D%5Bdistance%5D=25&radius%5Bselection%5D%5Bunit%5D=mi&Facility=Visiting%20Nurse%20%26%20Health%20Services%20of%20CT&sort=titleAlphaAsc,2025-07-01T22:02:20.946902,Part-Time (employment); Home Care (care_setting),home_care
ECHN Visiting Nurse & Health Services of CT_5287563432536646066,Home Health Aide II (Certified Nurse Assistant)- $5K BONUS,ECHN Visiting Nurse & Health Services of CT,"Home Health Vernon, CT",Home Health Vernon,CT,Not specified,"Home Health Aide II (Certified Nurse Assistant)- $5K BONUS Visiting Nurse & Health Services of CT · Home Health Vernon, CT Nursing Support Part-time, Day, 32 Posted 06/05/2025 Req # 31544 Apply Share Back to top","Home Health Aide II (Certified Nurse Assistant)- $5K BONUS Visiting Nurse & Health Services of CT · Home Health Vernon, CT Nursing Support Part-time, Day, 32 Posted 06/05/2025 Req # 31544 Apply Share ...",,https://pm.healthcaresource.com/cs/echn#/job/20020,ECHN Visiting Nurse & Health Services of CT,https://pm.healthcaresource.com/cs/echn#/results?whereControl=radius&radiusDistance=25&radiusUnit=mi&radius%5Bselection%5D%5Bdistance%5D=25&radius%5Bselection%5D%5Bunit%5D=mi&Facility=Visiting%20Nurse%20%26%20Health%20Services%20of%20CT&sort=titleAlphaAsc,2025-07-01T22:02:22.035518,Part-Time (employment); Day Shift (shift); Home Care (care_setting); Bonus Available (flag),home_care
ECHN Visiting Nurse & Health Services of CT_6939230847453108293,Home Health Aide II (Certified Nurse Assistant)- $5K New Hire Bonus,ECHN Visiting Nurse & Health Services of CT,"Home Health Vernon, CT",Home Health Vernon,CT,Not specified,"Home Health Aide II (Certified Nurse Assistant)- $5K New Hire Bonus Visiting Nurse & Health Services of CT · Home Health Vernon, CT Nursing Support Full-time, Day, 40 Posted 06/06/2025 Req # 32080 Apply Share Back to top","Home Health Aide II (Certified Nurse Assistant)- $5K New Hire Bonus Visiting Nurse & Health Services of CT · Home Health Vernon, CT Nursing Support Full-time, Day, 40 Posted 06/06/2025 Req # 32080 App...",,https://pm.healthcaresource.com/cs/echn#/job/20575,ECHN Visiting Nurse & Health Services of CT,https://pm.healthcaresource.com/cs/echn#/results?whereControl=radius&radiusDistance=25&radiusUnit=mi&radius%5Bselection%5D%5Bdistance%5D=25&radius%5Bselection%5D%5Bunit%5D=mi&Facility=Visiting%20Nurse%20%26%20Health%20Services%20of%20CT&sort=titleAlphaAsc,2025-07-01T22:02:23.281441,Full-Time (employment); Day Shift (shift); Home Care (care_setting); Bonus Available (flag),home_care
ECHN Visiting Nurse & Health Services of CT_1154070976290159064,Hospice Registered Nurse- Per Visit,ECHN Visiting Nurse & Health Services of CT,"Hospice Outpatient Vernon, CT",Hospice Outpatient Vernon,CT,Not specified,"Hospice Registered Nurse- Per Visit Visiting Nurse & Health Services of CT · Hospice Outpatient Vernon, CT Nursing Professionals Per Visit, Day, as needed Posted 06/26/2025 Req # 32830 Apply Share Back to top","Hospice Registered Nurse- Per Visit Visiting Nurse & Health Services of CT · Hospice Outpatient Vernon, CT Nursing Professionals Per Visit, Day, as needed Posted 06/26/2025 Req # 32830 Apply Share Bac...",,https://pm.healthcaresource.com/cs/echn#/job/21211,ECHN Visiting Nurse & Health Services of CT,https://pm.healthcaresource.com/cs/echn#/results?whereControl=radius&radiusDistance=25&radiusUnit=mi&radius%5Bselection%5D%5Bdistance%5D=25&radius%5Bselection%5D%5Bunit%5D=mi&Facility=Visiting%20Nurse%20%26%20Health%20Services%20of%20CT&sort=titleAlphaAsc,2025-07-01T22:02:24.707805,Day Shift (shift); Hospice (care_setting),home_care
ECHN Visiting Nurse & Health Services of CT_5982097750058607384,"Licensed Practical Nurse, Home Care",ECHN Visiting Nurse & Health Services of CT,"Home Health Vernon, CT",Home Health Vernon,CT,Not specified,"Licensed Practical Nurse, Home Care Visiting Nurse & Health Services of CT · Home Health Vernon, CT Nursing Professionals Per Diem, Per Diem - Flex, 0 Posted 03/19/2025 Req # 32917 Apply Share Back to top","Licensed Practical Nurse, Home Care Visiting Nurse & Health Services of CT · Home Health Vernon, CT Nursing Professionals Per Diem, Per Diem - Flex, 0 Posted 03/19/2025 Req # 32917 Apply Share Back to...",,https://pm.healthcaresource.com/cs/echn#/job/21345,ECHN Visiting Nurse & Health Services of CT,https://pm.healthcaresource.com/cs/echn#/results?whereControl=radius&radiusDistance=25&radiusUnit=mi&radius%5Bselection%5D%5Bdistance%5D=25&radius%5Bselection%5D%5Bunit%5D=mi&Facility=Visiting%20Nurse%20%26%20Health%20Services%20of%20CT&sort=titleAlphaAsc,2025-07-01T22:02:26.245662,Per Diem (employment); Flexible Hours (shift); Home Care (care_setting),home_care
ECHN Visiting Nurse & Health Services of CT_3656927995221892715,"Physical Therapist, Homecare FEATURED",ECHN Visiting Nurse & Health Services of CT,"Home Health Vernon, CT",Home Health Vernon,CT,Not specified,"Physical Therapist, Homecare FEATURED Visiting Nurse & Health Services of CT · Home Health Vernon, CT Clinical/Technical Full-time, Day, 40 Posted 04/10/2025 Req # 32560 Apply Share Back to top","Physical Therapist, Homecare FEATURED Visiting Nurse & Health Services of CT · Home Health Vernon, CT Clinical/Technical Full-time, Day, 40 Posted 04/10/2025 Req # 32560 Apply Share Back to top",,https://pm.healthcaresource.com/cs/echn#/job/21023,ECHN Visiting Nurse & Health Services of CT,https://pm.healthcaresource.com/cs/echn#/results?whereControl=radius&radiusDistance=25&radiusUnit=mi&radius%5Bselection%5D%5Bdistance%5D=25&radius%5Bselection%5D%5Bunit%5D=mi&Facility=Visiting%20Nurse%20%26%20Health%20Services%20of%20CT&sort=titleAlphaAsc,2025-07-01T22:02:27.821705,Full-Time (employment); Day Shift (shift); Home Care (care_setting),home_care
ECHN Visiting Nurse & Health Services of CT_1830620871432722101,RN Case Manager,ECHN Visiting Nurse & Health Services of CT,"Home Health Vernon, CT",Home Health Vernon,CT,Not specified,"RN Case Manager Visiting Nurse & Health Services of CT · Home Health Vernon, CT Nursing Professionals Full-time, Day, 40 Posted 06/24/2025 Req # 33302 Apply Share Back to top","RN Case Manager Visiting Nurse & Health Services of CT · Home Health Vernon, CT Nursing Professionals Full-time, Day, 40 Posted 06/24/2025 Req # 33302 Apply Share Back to top",,https://pm.healthcaresource.com/cs/echn#/job/21717,ECHN Visiting Nurse & Health Services of CT,https://pm.healthcaresource.com/cs/echn#/results?whereControl=radius&radiusDistance=25&radiusUnit=mi&radius%5Bselection%5D%5Bdistance%5D=25&radius%5Bselection%5D%5Bunit%5D=mi&Facility=Visiting%20Nurse%20%26%20Health%20Services%20of%20CT&sort=titleAlphaAsc,2025-07-01T22:02:29.105636,Full-Time (employment); Day Shift (shift); Home Care (care_setting),home_care
ECHN Visiting Nurse & Health Services of CT_6746962833520357431,RN Case Manager- $8K Sign on,ECHN Visiting Nurse & Health Services of CT,"Home Health Vernon, CT",Home Health Vernon,CT,Not specified,"RN Case Manager- $8K Sign on Visiting Nurse & Health Services of CT · Home Health Vernon, CT Nursing Professionals Full-time, Day, 40 Posted 05/02/2025 Req # 33127 Apply Share Back to top","RN Case Manager- $8K Sign on Visiting Nurse & Health Services of CT · Home Health Vernon, CT Nursing Professionals Full-time, Day, 40 Posted 05/02/2025 Req # 33127 Apply Share Back to top",,https://pm.healthcaresource.com/cs/echn#/job/21514,ECHN Visiting Nurse & Health Services of CT,https://pm.healthcaresource.com/cs/echn#/results?whereControl=radius&radiusDistance=25&radiusUnit=mi&radius%5Bselection%5D%5Bdistance%5D=25&radius%5Bselection%5D%5Bunit%5D=mi&Facility=Visiting%20Nurse%20%26%20Health%20Services%20of%20CT&sort=titleAlphaAsc,2025-07-01T22:02:30.149872,Full-Time (employment); Day Shift (shift); Home Care (care_setting),home_care
Monarch Communities_1276506913842146626,Assistant Wellness Director - Registered Nurse,Monarch Communities,Connecticut,,CT,Not specified,"Beverly, MA10 jobs Assistant Wellness Director - Registered Nurse Full-time Memory Care Director Full-time Director of Nursing (RN or LPN) -Sign on Bonus Full-time Dining Server Full-time Business Office Manager Full-time Part-time Concierge Full-time Wellness Nurse (LPN) Full-time Activities Director Full-time Health and Wellness Director -Sign on Bonus Full-time Show more jobs","Beverly, MA10 jobs Assistant Wellness Director - Registered Nurse Full-time Memory Care Director Full-time Director of Nursing (RN or LPN) -Sign on Bonus Full-time Dining Server Full-time Business Off...",,https://jobs.smartrecruiters.com/MonarchCommunities/744000067508762-assistant-wellness-director-registered-nurse-,Monarch Communities,https://careers.smartrecruiters.com/MonarchCommunities,2025-07-01T22:02:57.590203,Full-Time (employment); Memory Care (care_setting); Bonus Available (flag),assisted_living
Monarch Communities_4282653363095552561,Wellness Nurse (LPN),Monarch Communities,Connecticut,,CT,Not specified,"Brick Township, NJ2 jobs Wellness Nurse (LPN) Full-time Caregiver (CNA/CHHA) Full-time","Brick Township, NJ2 jobs Wellness Nurse (LPN) Full-time Caregiver (CNA/CHHA) Full-time",,https://jobs.smartrecruiters.com/MonarchCommunities/744000067117705-wellness-nurse-lpn-,Monarch Communities,https://careers.smartrecruiters.com/MonarchCommunities,2025-07-01T22:02:58.276027,Full-Time (employment); Assisted Living (care_setting),assisted_living
Monarch Communities_6210186047195888278,Wellness Nurse (LPN) FT 11p-7a,Monarch Communities,Connecticut,,CT,Not specified,"Bridgewater, NJ5 jobs Wellness Nurse (LPN) FT 11p-7a Full-time Care Manager (CNA/CHHA) Full Time 7a-3p Full-time Wellness Nurse (LPN) PT 11p-7a Part-time Health and Wellness Director (RN) Full-time Wellness Nurse (LPN) PT all shifts Part-time","Bridgewater, NJ5 jobs Wellness Nurse (LPN) FT 11p-7a Full-time Care Manager (CNA/CHHA) Full Time 7a-3p Full-time Wellness Nurse (LPN) PT 11p-7a Part-time Health and Wellness Director (RN) Full-time We...",,https://jobs.smartrecruiters.com/MonarchCommunities/744000065545416-wellness-nurse-lpn-ft-11p-7a,Monarch Communities,https://careers.smartrecruiters.com/MonarchCommunities,2025-07-01T22:02:59.009149,Full-Time (employment); Assisted Living (care_setting),assisted_living
Monarch Communities_8093139888830471827,Care Manager-CNA/CHHA,Monarch Communities,Connecticut,,CT,Not specified,"Haddonfield, NJ2 jobs Care Manager-CNA/CHHA Full-time LPN (Licensed Practical Nurse) Part-time","Haddonfield, NJ2 jobs Care Manager-CNA/CHHA Full-time LPN (Licensed Practical Nurse) Part-time",,https://jobs.smartrecruiters.com/MonarchCommunities/744000065587316-care-manager-cna-chha,Monarch Communities,https://careers.smartrecruiters.com/MonarchCommunities,2025-07-01T22:02:59.873743,Full-Time (employment); Assisted Living (care_setting),assisted_living
Monarch Communities_7944300145119386843,Activities Assistant,Monarch Communities,Connecticut,,CT,Not specified,"Haverford, PA1 job Activities Assistant Full-time","Haverford, PA1 job Activities Assistant Full-time",,https://jobs.smartrecruiters.com/MonarchCommunities/744000049327563-activities-assistant,Monarch Communities,https://careers.smartrecruiters.com/MonarchCommunities,2025-07-01T22:03:00.648060,Full-Time (employment); Assisted Living (care_setting),assisted_living
Monarch Communities_4396302038188404404,Med Tech,Monarch Communities,Connecticut,,CT,Not specified,"Howell Township, NJ8 jobs Med Tech Full-time Life Enrichment Assistant / Activities Full-time Dishwasher Part-time Concierge - Part Time Part-time LPN (Licensed Practical Nurse) Full-time Care Manager (CNA/CHHA) Full-time Executive Chef Part-time LPN (Licensed Practical Nurse) Full-time","Howell Township, NJ8 jobs Med Tech Full-time Life Enrichment Assistant / Activities Full-time Dishwasher Part-time Concierge - Part Time Part-time LPN (Licensed Practical Nurse) Full-time Care Manager...",,https://jobs.smartrecruiters.com/MonarchCommunities/744000064156625-med-tech,Monarch Communities,https://careers.smartrecruiters.com/MonarchCommunities,2025-07-01T22:03:01.458043,Full-Time (employment); Assisted Living (care_setting),assisted_living
Maplewood Senior Living_7181011208502759398,Memory Care Director,Maplewood Senior Living,"site Darien, CT",site Darien,CT,Not specified,"Memory Care Director Today Job Category: Administration/Customer Services Requisition Number: MEMOR011809 Schedule: Full Time Job Location Type: On-site Darien, CT 06820, USA Maplewood at Darien is currently hiring a full time Memory Care Director position. Maplewood offers a comprehensive benefits package for full time employees including medical, dental, and more including paid time-off and a 401k plan. Maplewood at Darien 599 Boston Post Road Darien, CT 06820","Memory Care Director Today Job Category: Administration/Customer Services Requisition Number: MEMOR011809 Schedule: Full Time Job Location Type: On-site Darien, CT 06820, USA Maplewood at Darien is cu...",,https://recruiting.ultipro.com/MAP1003/JobBoard/51997001-de38-2b3c-51f7-8dfc3b02a5dd/OpportunityDetail?opportunityId=d8cfa981-c85f-4134-9882-55720042244f,Maplewood Senior Living,https://recruiting.ultipro.com/MAP1003/JobBoard/51997001-de38-2b3c-51f7-8dfc3b02a5dd/?q=&o=postedDateDesc&w=&wc=&we=&wpst=,2025-07-01T22:03:35.029430,Full-Time (employment); Day Shift (shift); Memory Care (care_setting),assisted_living
Maplewood Senior Living_3064609035010851646,Certified Nursing Assistant (CNA) Per Diem 7am - 3pm & 11p - 7am,Maplewood Senior Living,"site Norwalk, CT",site Norwalk,CT,Competitive wage,"Certified Nursing Assistant (CNA) Per Diem 7am - 3pm & 11p - 7am Today Job Category: Resident Care/Healthcare Requisition Number: CERTI011811 Schedule: Part Time Job Location Type: On-site Norwalk, CT 06855, USA Maplewood Senior Living, an innovative, forward-thinking senior living provider, strives to inspire our associates to learn, develop, and succeed. Maplewood at Strawberry Hill, in East Norwalk, is hiring Certified Nursing Assistants (CNA) for all shifts. The Certified Nursing Assistant plays an integral role in providing exceptional care and service to our residents in need of dedicated hands on assistance. We offer: ✦ Competitive wages ✦ Flexible shifts ✦ Paid training & uniforms ✦ Bonus & incentive programs ✦ Growth opportunities APPLY NOW, walk-in applications accepted daily 9am - 6pm Maplewood at Strawberry Hill, 73 Strawberry Hill Ave Norwalk, CT","Certified Nursing Assistant (CNA) Per Diem 7am - 3pm & 11p - 7am Today Job Category: Resident Care/Healthcare Requisition Number: CERTI011811 Schedule: Part Time Job Location Type: On-site Norwalk, CT...",,https://recruiting.ultipro.com/MAP1003/JobBoard/51997001-de38-2b3c-51f7-8dfc3b02a5dd/OpportunityDetail?opportunityId=645c35d1-4a35-43ee-b64c-76725c4f85af,Maplewood Senior Living,https://recruiting.ultipro.com/MAP1003/JobBoard/51997001-de38-2b3c-51f7-8dfc3b02a5dd/?q=&o=postedDateDesc&w=&wc=&we=&wpst=,2025-07-01T22:03:35.990546,Full-Time (employment); Day Shift (shift); Assisted Living (care_setting); Bonus Available (flag); Same-Day Interview (flag),assisted_living
Maplewood Senior Living_1698164143837536755,Dishwasher - Part Time,Maplewood Senior Living,"Part Time Danbury, CT",Part Time Danbury,CT,Not specified,"Dishwasher - Part Time Today Job Category: Dining Services Requisition Number: DISHW011807 Schedule: Part Time Danbury, CT 06810, USA The Dishwasher performs a variety of food service functions in maintaining clean and sanitary conditions of food services, facilities, and equipment. S (he) is responsible for the removal of all garbage, leaving machinery empty, clean and dry and floors clean after each meal. Dishwasher: Part-time, flexible shifts, Luxury Senior Living Maplewood Senior Living, an innovative, forward-thinking senior living provider, strives to inspire our associates to learn, develop, and succeed. As we continue to grow, we are seeking devoted and caring Dishwashers to become part of our family.","Dishwasher - Part Time Today Job Category: Dining Services Requisition Number: DISHW011807 Schedule: Part Time Danbury, CT 06810, USA The Dishwasher performs a variety of food service functions in mai...",,https://recruiting.ultipro.com/MAP1003/JobBoard/51997001-de38-2b3c-51f7-8dfc3b02a5dd/OpportunityDetail?opportunityId=883b916a-0e95-4b04-906f-140ac1ac7960,Maplewood Senior Living,https://recruiting.ultipro.com/MAP1003/JobBoard/51997001-de38-2b3c-51f7-8dfc3b02a5dd/?q=&o=postedDateDesc&w=&wc=&we=&wpst=,2025-07-01T22:03:37.018684,Full-Time (employment); Day Shift (shift); Assisted Living (care_setting),assisted_living
Maplewood Senior Living_4444283283329532848,Certified Nursing Assistant / CNA / HHA - Full Time 7a-3p,Maplewood Senior Living,"Full Time West Yarmouth, MA",Full Time West Yarmouth,MA,Not specified,"Certified Nursing Assistant / CNA / HHA - Full Time 7a-3p Today Job Category: Resident Care/Healthcare Requisition Number: CERTI011805 Schedule: Full Time West Yarmouth, MA 02673, MA 02673, USA The Certified Nursing Assistant plays an integral role in providing exceptional care and service to our residents in need of dedicated hands-on assistance. Valid Massachusetts Nurse’s Aide Registration Required. Full Time with rotating weekend availability.","Certified Nursing Assistant / CNA / HHA - Full Time 7a-3p Today Job Category: Resident Care/Healthcare Requisition Number: CERTI011805 Schedule: Full Time West Yarmouth, MA 02673, MA 02673, USA The Ce...",,https://recruiting.ultipro.com/MAP1003/JobBoard/51997001-de38-2b3c-51f7-8dfc3b02a5dd/OpportunityDetail?opportunityId=2ebd440a-dd89-4aeb-80dd-28874f8782b1,Maplewood Senior Living,https://recruiting.ultipro.com/MAP1003/JobBoard/51997001-de38-2b3c-51f7-8dfc3b02a5dd/?q=&o=postedDateDesc&w=&wc=&we=&wpst=,2025-07-01T22:03:38.130717,Full-Time (employment); Day Shift (shift); Assisted Living (care_setting),assisted_living
Maplewood Senior Living_1451678152216196720,Certified Nursing Assistant / CNA / HHA - Full Time 11p-7a,Maplewood Senior Living,"Full Time West Yarmouth, MA",Full Time West Yarmouth,MA,Not specified,"Certified Nursing Assistant / CNA / HHA - Full Time 11p-7a Today Job Category: Resident Care/Healthcare Requisition Number: CERTI011804 Schedule: Full Time West Yarmouth, MA 02673, MA 02673, USA The Certified Nursing Assistant plays an integral role in providing exceptional care and service to our residents in need of dedicated hands-on assistance. Valid Massachusetts Nurse’s Aide Registration Required. Full Time with rotating weekend availability.","Certified Nursing Assistant / CNA / HHA - Full Time 11p-7a Today Job Category: Resident Care/Healthcare Requisition Number: CERTI011804 Schedule: Full Time West Yarmouth, MA 02673, MA 02673, USA The C...",,https://recruiting.ultipro.com/MAP1003/JobBoard/51997001-de38-2b3c-51f7-8dfc3b02a5dd/OpportunityDetail?opportunityId=e9dbb134-5ec4-49f9-a437-284ef77d67df,Maplewood Senior Living,https://recruiting.ultipro.com/MAP1003/JobBoard/51997001-de38-2b3c-51f7-8dfc3b02a5dd/?q=&o=postedDateDesc&w=&wc=&we=&wpst=,2025-07-01T22:03:39.088989,Full-Time (employment); Day Shift (shift); Assisted Living (care_setting),assisted_living
Maplewood Senior Living_7110111777799108606,Certified Nursing Assistant / CNA / HHA - Full Time,Maplewood Senior Living,"Full Time West Yarmouth, MA",Full Time West Yarmouth,MA,Not specified,"Certified Nursing Assistant / CNA / HHA - Full Time Today Job Category: Resident Care/Healthcare Requisition Number: CERTI011806 Schedule: Full Time West Yarmouth, MA 02673, MA 02673, USA The Certified Nursing Assistant plays an integral role in providing exceptional care and service to our residents in need of dedicated hands-on assistance. Valid Massachusetts Nurse’s Aide Registration Required. Full Time with rotating weekend availability.","Certified Nursing Assistant / CNA / HHA - Full Time Today Job Category: Resident Care/Healthcare Requisition Number: CERTI011806 Schedule: Full Time West Yarmouth, MA 02673, MA 02673, USA The Certifie...",,https://recruiting.ultipro.com/MAP1003/JobBoard/51997001-de38-2b3c-51f7-8dfc3b02a5dd/OpportunityDetail?opportunityId=ec458260-6fc1-4915-9cda-6fb5913e0c88,Maplewood Senior Living,https://recruiting.ultipro.com/MAP1003/JobBoard/51997001-de38-2b3c-51f7-8dfc3b02a5dd/?q=&o=postedDateDesc&w=&wc=&we=&wpst=,2025-07-01T22:03:40.094931,Full-Time (employment); Day Shift (shift); Assisted Living (care_setting),assisted_living
Maplewood Senior Living_5171524699796426974,Certified Nursing Assistant / Home Health Aide (CNA / HHA) Part Time,Maplewood Senior Living,"site Weston, MA",site Weston,MA,Not specified,"Certified Nursing Assistant / Home Health Aide (CNA / HHA) Part Time Today Job Category: Resident Care/Healthcare Requisition Number: CERTI011669 Schedule: Part Time Job Location Type: On-site Weston, MA 02493, USA The Nursing Assistant (CNA/HHA) plays an integral role in providing exceptional care and service to our residents in need of dedicated hands-on assistance. *Must have a CNA License or HHA Certificate, valid in the state of Massachusetts*","Certified Nursing Assistant / Home Health Aide (CNA / HHA) Part Time Today Job Category: Resident Care/Healthcare Requisition Number: CERTI011669 Schedule: Part Time Job Location Type: On-site Weston,...",,https://recruiting.ultipro.com/MAP1003/JobBoard/51997001-de38-2b3c-51f7-8dfc3b02a5dd/OpportunityDetail?opportunityId=8c38c4e3-253f-4ca8-a344-4ef44c0df8b9,Maplewood Senior Living,https://recruiting.ultipro.com/MAP1003/JobBoard/51997001-de38-2b3c-51f7-8dfc3b02a5dd/?q=&o=postedDateDesc&w=&wc=&we=&wpst=,2025-07-01T22:03:41.054659,Part-Time (employment); Day Shift (shift); Assisted Living (care_setting),assisted_living
Maplewood Senior Living_1300755426277223355,Nursing Assistant / Caregiver / STNA Full Time 3p-11p,Maplewood Senior Living,"site Chardon, OH",site Chardon,OH,Not specified,"Nursing Assistant / Caregiver / STNA Full Time 3p-11p Today Job Category: Resident Care/Healthcare Requisition Number: NURSI011803 Schedule: Full Time Job Location Type: On-site Chardon, OH 44024, USA The Nursing Assistant plays an integral role in providing exceptional care and service to our residents in need of dedicated hands on assistance based on the individual resident service plan.","Nursing Assistant / Caregiver / STNA Full Time 3p-11p Today Job Category: Resident Care/Healthcare Requisition Number: NURSI011803 Schedule: Full Time Job Location Type: On-site Chardon, OH 44024, USA...",,https://recruiting.ultipro.com/MAP1003/JobBoard/51997001-de38-2b3c-51f7-8dfc3b02a5dd/OpportunityDetail?opportunityId=d8390bf6-3591-4b6f-8893-45eeb02f4d07,Maplewood Senior Living,https://recruiting.ultipro.com/MAP1003/JobBoard/51997001-de38-2b3c-51f7-8dfc3b02a5dd/?q=&o=postedDateDesc&w=&wc=&we=&wpst=,2025-07-01T22:03:42.264538,Full-Time (employment); Day Shift (shift); Assisted Living (care_setting),assisted_living
Maplewood Senior Living_6981128880820470138,Certified Nursing Assistant/CNA Full Time 7a-3p,Maplewood Senior Living,"Full Time Mayflower SNF West Yarmouth, MA",Full Time Mayflower SNF West Yarmouth,MA,Not specified,"Certified Nursing Assistant/CNA Full Time 7a-3p Today Job Category: Resident Care/Healthcare Requisition Number: CERTI011801 Schedule: Full Time Mayflower SNF West Yarmouth, MA 02673, USA The Certified Nursing Assistant (CNA) in our Skilled Nursing & Rehab Center plays an integral role in providing exceptional care and service to our residents in need of dedicated hands-on assistance. Current Massachusetts's Nurse’s Aide License Required. The starting rate for this position is $25 with shift differentials. The rate will depend on shift, day of the week, location, experience, and prior tenure with Maplewood/Inspir Carnegie Hill.","Certified Nursing Assistant/CNA Full Time 7a-3p Today Job Category: Resident Care/Healthcare Requisition Number: CERTI011801 Schedule: Full Time Mayflower SNF West Yarmouth, MA 02673, USA The Certifie...",,https://recruiting.ultipro.com/MAP1003/JobBoard/51997001-de38-2b3c-51f7-8dfc3b02a5dd/OpportunityDetail?opportunityId=91b9708b-2574-44cd-84e1-6c4b02cd6bfa,Maplewood Senior Living,https://recruiting.ultipro.com/MAP1003/JobBoard/51997001-de38-2b3c-51f7-8dfc3b02a5dd/?q=&o=postedDateDesc&w=&wc=&we=&wpst=,2025-07-01T22:03:43.195026,Full-Time (employment); Day Shift (shift); Skilled Nursing Facility (care_setting),assisted_living
Maplewood Senior Living_2234296570610317428,LPN Wellness Nurse - Part Time 4p-8p,Maplewood Senior Living,"site Southport, CT",site Southport,CT,Not specified,"LPN Wellness Nurse - Part Time 4p-8p Jun 30, 2025 Job Category: Resident Care/Healthcare Requisition Number: LPNWE011795 Schedule: Part Time Job Location Type: On-site Southport, CT 06890, USA Summary: The Resident Services Nurse (Licensed Practical Nurse) is responsible for assisting the Resident Services Director with the overall implementation, delivery, and coordination of Resident Care Services at the Community.","LPN Wellness Nurse - Part Time 4p-8p Jun 30, 2025 Job Category: Resident Care/Healthcare Requisition Number: LPNWE011795 Schedule: Part Time Job Location Type: On-site Southport, CT 06890, USA Summary...",,https://recruiting.ultipro.com/MAP1003/JobBoard/51997001-de38-2b3c-51f7-8dfc3b02a5dd/OpportunityDetail?opportunityId=ea4a7358-6a34-4957-992a-313bd4a58b57,Maplewood Senior Living,https://recruiting.ultipro.com/MAP1003/JobBoard/51997001-de38-2b3c-51f7-8dfc3b02a5dd/?q=&o=postedDateDesc&w=&wc=&we=&wpst=,2025-07-01T22:03:44.147112,Part-Time (employment); Assisted Living (care_setting),assisted_living
Maplewood Senior Living_636669389107895657,Server - Part Time,Maplewood Senior Living,"Part Time Orange, CT",Part Time Orange,CT,Not specified,"Server - Part Time Jun 30, 2025 Job Category: Dining Services Requisition Number: SERVE011791 Schedule: Part Time Orange, CT 06477, USA The Server is responsible for assisting in the set-up, service and cleaning of the dining room. Maplewood Senior Living, an innovative, forward-thinking senior living provider, strives to inspire our associates to learn, develop, and succeed. Maplewood at Orange is hiring Part Time Servers with flexible schedules and rotating weekend availability for PT day/evening shifts.","Server - Part Time Jun 30, 2025 Job Category: Dining Services Requisition Number: SERVE011791 Schedule: Part Time Orange, CT 06477, USA The Server is responsible for assisting in the set-up, service a...",,https://recruiting.ultipro.com/MAP1003/JobBoard/51997001-de38-2b3c-51f7-8dfc3b02a5dd/OpportunityDetail?opportunityId=b145b552-487a-4b26-bdaf-3335b7d9429b,Maplewood Senior Living,https://recruiting.ultipro.com/MAP1003/JobBoard/51997001-de38-2b3c-51f7-8dfc3b02a5dd/?q=&o=postedDateDesc&w=&wc=&we=&wpst=,2025-07-01T22:03:45.226388,Full-Time (employment); Day Shift (shift); Assisted Living (care_setting),assisted_living
Maplewood Senior Living_8109298761958764284,Server - Per Diem,Maplewood Senior Living,"Part Time Orange, CT",Part Time Orange,CT,Not specified,"Server - Per Diem Jun 30, 2025 Job Category: Dining Services Requisition Number: SERVE011790 Schedule: Part Time Orange, CT 06477, USA The Server is responsible for assisting in the set-up, service and cleaning of the dining room. Maplewood Senior Living, an innovative, forward-thinking senior living provider, strives to inspire our associates to learn, develop, and succeed. Maplewood at Orange is hiring Per Diem Servers with flexible schedules.","Server - Per Diem Jun 30, 2025 Job Category: Dining Services Requisition Number: SERVE011790 Schedule: Part Time Orange, CT 06477, USA The Server is responsible for assisting in the set-up, service an...",,https://recruiting.ultipro.com/MAP1003/JobBoard/51997001-de38-2b3c-51f7-8dfc3b02a5dd/OpportunityDetail?opportunityId=0d44f0dc-0fbf-42d9-9d48-1c5e9bb049bb,Maplewood Senior Living,https://recruiting.ultipro.com/MAP1003/JobBoard/51997001-de38-2b3c-51f7-8dfc3b02a5dd/?q=&o=postedDateDesc&w=&wc=&we=&wpst=,2025-07-01T22:03:46.506618,Part-Time (employment); Flexible Hours (shift); Assisted Living (care_setting),assisted_living
Maplewood Senior Living_2750648239450365932,Licensed Practical Nurse / LPN Full Time: 7a-3p,Maplewood Senior Living,"Full Time Danbury, CT",Full Time Danbury,CT,Not specified,"Licensed Practical Nurse / LPN Full Time: 7a-3p Jun 30, 2025 Job Category: Resident Care/Healthcare Requisition Number: LICEN011793 Schedule: Full Time Danbury, CT 06810, USA The Licensed Practical Nurse (LPN) assists and supports the Resident Services Director with the overall implementation, delivery, and coordination of nursing services in the community. **Must be a Licensed Practical Nurse currently licensed to practice in the State of Connecticut.","Licensed Practical Nurse / LPN Full Time: 7a-3p Jun 30, 2025 Job Category: Resident Care/Healthcare Requisition Number: LICEN011793 Schedule: Full Time Danbury, CT 06810, USA The Licensed Practical Nu...",,https://recruiting.ultipro.com/MAP1003/JobBoard/51997001-de38-2b3c-51f7-8dfc3b02a5dd/OpportunityDetail?opportunityId=f612df98-24f0-43a1-a508-0b824bb7bd99,Maplewood Senior Living,https://recruiting.ultipro.com/MAP1003/JobBoard/51997001-de38-2b3c-51f7-8dfc3b02a5dd/?q=&o=postedDateDesc&w=&wc=&we=&wpst=,2025-07-01T22:03:47.477900,Full-Time (employment); Assisted Living (care_setting),assisted_living
Maplewood Senior Living_4058172049252524579,Licensed Practical Nurse / LPN Part Time 11p-7a,Maplewood Senior Living,"Part Time Danbury, CT",Part Time Danbury,CT,Not specified,"Licensed Practical Nurse / LPN Part Time 11p-7a Jun 27, 2025 Job Category: Resident Care/Healthcare Requisition Number: LICEN010342 Schedule: Part Time Danbury, CT 06810, USA The Licensed Practical Nurse (LPN) assists and supports the Resident Services Director with the overall implementation, delivery, and coordination of nursing services in the community. **Must be a Licensed Practical Nurse currently licensed to practice in the State of Connecticut. Immediate need on 3p - 11p.","Licensed Practical Nurse / LPN Part Time 11p-7a Jun 27, 2025 Job Category: Resident Care/Healthcare Requisition Number: LICEN010342 Schedule: Part Time Danbury, CT 06810, USA The Licensed Practical Nu...",,https://recruiting.ultipro.com/MAP1003/JobBoard/51997001-de38-2b3c-51f7-8dfc3b02a5dd/OpportunityDetail?opportunityId=e4148523-293e-4f98-86d9-3a508aac719a,Maplewood Senior Living,https://recruiting.ultipro.com/MAP1003/JobBoard/51997001-de38-2b3c-51f7-8dfc3b02a5dd/?q=&o=postedDateDesc&w=&wc=&we=&wpst=,2025-07-01T22:03:49.482402,Part-Time (employment); Assisted Living (care_setting); Urgent Hire (flag),assisted_living
UniversaCare_442620436302226111,Home Health Aide (Immediate Hiring) Kows Greek Language- live in,UniversaCare,Connecticut,,CT,Not specified,Home Health Aide (Immediate Hiring) Kows Greek Language- live in,Home Health Aide (Immediate Hiring) Kows Greek Language- live in,,,UniversaCare,https://www.intelycare.com/jobs/?listing_page=1&employer_id=3843912,2025-07-01T22:05:08.843346,Home Care (care_setting); Urgent Hire (flag),home_care
UniversaCare_8496591416945569731,Home Health Aide,UniversaCare,Connecticut,,CT,Not specified,Home Health Aide,Home Health Aide,,,UniversaCare,https://www.intelycare.com/jobs/?listing_page=1&employer_id=3843912,2025-07-01T22:05:10.208329,Home Care (care_setting),home_care
UniversaCare_3984128692113525039,Female Home Health Aide (Immediate Hiring) Spanish Speaking,UniversaCare,Connecticut,,CT,Not specified,Female Home Health Aide (Immediate Hiring) Spanish Speaking,Female Home Health Aide (Immediate Hiring) Spanish Speaking,,,UniversaCare,https://www.intelycare.com/jobs/?listing_page=1&employer_id=3843912,2025-07-01T22:05:17.538799,Home Care (care_setting); Urgent Hire (flag),home_care
enhabit_7258597190852567116,LPN - Home Health,enhabit,"Palm Harbor, FL",Palm Harbor,FL,Not specified,"LPN - Home Health Palm Harbor, FL Job category: Nursing Job type: Full-time","LPN - Home Health Palm Harbor, FL Job category: Nursing Job type: Full-time",,,enhabit,https://careers.ehab.com/search-jobs,2025-07-01T22:06:19.288384,Full-Time (employment); Home Care (care_setting),home_care
enhabit_4396320592247652594,Medical Records Specialist w/HRD-FT,enhabit,"Scottsdale, AZ",Scottsdale,AZ,Not specified,"Medical Records Specialist w/HRD-FT Scottsdale, AZ Job category: Administrative/Clerical Job type: Full-time","Medical Records Specialist w/HRD-FT Scottsdale, AZ Job category: Administrative/Clerical Job type: Full-time",,,enhabit,https://careers.ehab.com/search-jobs,2025-07-01T22:06:19.667319,Full-Time (employment); Home Care (care_setting),home_care
enhabit_1204333125346149815,RN - Clinical Team Leader - Home Health,enhabit,"Marion, NC",Marion,NC,Not specified,"RN - Clinical Team Leader - Home Health Marion, NC Job category: Nursing Job type: Full-time","RN - Clinical Team Leader - Home Health Marion, NC Job category: Nursing Job type: Full-time",,,enhabit,https://careers.ehab.com/search-jobs,2025-07-01T22:06:20.080733,Full-Time (employment); Home Care (care_setting),home_care
enhabit_4396320592247652594,Medical Records Specialist w/HRD-FT,enhabit,"Monroeville, PA",Monroeville,PA,Not specified,"Medical Records Specialist w/HRD-FT Monroeville, PA Job category: Administrative/Clerical Job type: Full-time","Medical Records Specialist w/HRD-FT Monroeville, PA Job category: Administrative/Clerical Job type: Full-time",,,enhabit,https://careers.ehab.com/search-jobs,2025-07-01T22:06:20.451788,Full-Time (employment); Home Care (care_setting),home_care
enhabit_7234389692136241674,Physical Therapist (PT) - Home Health - PRN,enhabit,"Brown, TX",Brown,TX,Not specified,"Physical Therapist (PT) - Home Health - PRN Brownwood, Brown, TX Job category: Therapy Job type: PRN, Per Visit","Physical Therapist (PT) - Home Health - PRN Brownwood, Brown, TX Job category: Therapy Job type: PRN, Per Visit",,,enhabit,https://careers.ehab.com/search-jobs,2025-07-01T22:06:20.872243,Part-Time (employment); Home Care (care_setting),home_care
enhabit_4231019605802776682,Physical Therapist (PT) - Home Health - Full Time,enhabit,"Columbus, GA",Columbus,GA,Not specified,"Physical Therapist (PT) - Home Health - Full Time Columbus, GA Job category: Therapy Job type: Full-time","Physical Therapist (PT) - Home Health - Full Time Columbus, GA Job category: Therapy Job type: Full-time",,,enhabit,https://careers.ehab.com/search-jobs,2025-07-01T22:06:21.903816,Full-Time (employment); Home Care (care_setting),home_care
enhabit_1687340345792718503,Hospice CNA - Full Time,enhabit,"St. George, UT",St. George,UT,Not specified,"Hospice CNA - Full Time St. George, UT Job category: Home Health Aide Job type: Full-time","Hospice CNA - Full Time St. George, UT Job category: Home Health Aide Job type: Full-time",,,enhabit,https://careers.ehab.com/search-jobs,2025-07-01T22:06:22.295028,Full-Time (employment); Hospice (care_setting),home_care
Bristol Health_4495266429205102719,Career Opportunities,Bristol Health,"Bristol, CT",Bristol,CT,Not specified,Career Opportunities,Career Opportunities,,,Bristol Health,https://www.bristolhealth.org/careers,2025-07-01T22:07:08.277852,Home Care (care_setting),mixed
Trinity Health at Home_1980297053423767967,Hospice - RN,Trinity Health at Home,Connecticut,,CT,Not specified,Hospice - RN,Hospice - RN,,,Trinity Health at Home,https://jobs.trinity-health.org/athome/search-results?m=3,2025-07-01T22:07:38.783974,Hospice (care_setting),home_care
Trinity Health at Home_4582170485865521770,Home Health Registered Nurse,Trinity Health at Home,Connecticut,,CT,Not specified,Home Health Registered Nurse,Home Health Registered Nurse,,,Trinity Health at Home,https://jobs.trinity-health.org/athome/search-results?m=3,2025-07-01T22:07:39.825581,Home Care (care_setting),home_care
Trinity Health at Home_6941199824860695312,Part-Time Home Health Physical Therapist/PT - Prince George County,Trinity Health at Home,Connecticut,,CT,Not specified,Part-Time Home Health Physical Therapist/PT - Prince George County,Part-Time Home Health Physical Therapist/PT - Prince George County,,,Trinity Health at Home,https://jobs.trinity-health.org/athome/search-results?m=3,2025-07-01T22:07:40.585124,Part-Time (employment); Home Care (care_setting),home_care
Trinity Health at Home_5457703271167454939,"Physical Therapist, Full-Time - Trinity Health of New England At Home",Trinity Health at Home,Connecticut,,CT,Not specified,"Physical Therapist, Full-Time - Trinity Health of New England At Home","Physical Therapist, Full-Time - Trinity Health of New England At Home",,,Trinity Health at Home,https://jobs.trinity-health.org/athome/search-results?m=3,2025-07-01T22:07:41.470980,Full-Time (employment); Home Care (care_setting),home_care
Trinity Health at Home_449080060842642876,Home Care Physical Therapist - Home Care/Phila Area,Trinity Health at Home,Connecticut,,CT,Not specified,Home Care Physical Therapist - Home Care/Phila Area,Home Care Physical Therapist - Home Care/Phila Area,,,Trinity Health at Home,https://jobs.trinity-health.org/athome/search-results?m=3,2025-07-01T22:07:42.261654,Home Care (care_setting),home_care
Trinity Health at Home_1713863530279854785,Licensed Medical Social Worker,Trinity Health at Home,Connecticut,,CT,Not specified,Licensed Medical Social Worker,Licensed Medical Social Worker,,,Trinity Health at Home,https://jobs.trinity-health.org/athome/search-results?m=3,2025-07-01T22:07:43.096191,Home Care (care_setting),home_care
Trinity Health at Home_9089347180907970522,OCCUPATIONAL THERAPIST-Part time,Trinity Health at Home,Connecticut,,CT,Not specified,OCCUPATIONAL THERAPIST-Part time,OCCUPATIONAL THERAPIST-Part time,,,Trinity Health at Home,https://jobs.trinity-health.org/athome/search-results?m=3,2025-07-01T22:07:44.106545,Part-Time (employment); Home Care (care_setting),home_care
Trinity Health at Home_2762342984401210734,LPN- Home Care - Day one Benefits!,Trinity Health at Home,Connecticut,,CT,Not specified,LPN- Home Care - Day one Benefits!,LPN- Home Care - Day one Benefits!,,,Trinity Health at Home,https://jobs.trinity-health.org/athome/search-results?m=3,2025-07-01T22:07:44.994937,Day Shift (shift); Home Care (care_setting),home_care
Trinity Health at Home_7161726131385632945,Mount Carmel Home Care: Home Care Liaison (Home Care Coordinator)- St. Ann's,Trinity Health at Home,Connecticut,,CT,Not specified,Mount Carmel Home Care: Home Care Liaison (Home Care Coordinator)- St. Ann's,Mount Carmel Home Care: Home Care Liaison (Home Care Coordinator)- St. Ann's,,,Trinity Health at Home,https://jobs.trinity-health.org/athome/search-results?m=3,2025-07-01T22:07:45.736458,Home Care (care_setting),home_care
Trinity Health at Home_8351054638367683844,"Full-Time Clinical Hospital Hospice Coordinator - Livonia, MI",Trinity Health at Home,"Livonia, MI",Livonia,MI,Not specified,"Full-Time Clinical Hospital Hospice Coordinator - Livonia, MI","Full-Time Clinical Hospital Hospice Coordinator - Livonia, MI",,,Trinity Health at Home,https://jobs.trinity-health.org/athome/search-results?m=3,2025-07-01T22:07:46.509323,Full-Time (employment); Hospice (care_setting),home_care
Elara Caring_482015852169470088,Registered Nurse RN Home Care Full Time,Elara Caring,Connecticut,,CT,Not specified,Registered Nurse RN Home Care Full Time,Registered Nurse RN Home Care Full Time,,,Elara Caring,https://careers.elara.com/us/en/search-results,2025-07-01T22:08:14.653665,Full-Time (employment); Home Care (care_setting),home_care
Elara Caring_6454255570757401904,Home Health Physical Therapist,Elara Caring,Connecticut,,CT,Not specified,Home Health Physical Therapist,Home Health Physical Therapist,,,Elara Caring,https://careers.elara.com/us/en/search-results,2025-07-01T22:08:15.524398,Home Care (care_setting),home_care
Elara Caring_359535144856235935,Physical Therapist PT Home Health,Elara Caring,Connecticut,,CT,Not specified,Physical Therapist PT Home Health,Physical Therapist PT Home Health,,,Elara Caring,https://careers.elara.com/us/en/search-results,2025-07-01T22:08:16.328314,Part-Time (employment); Home Care (care_setting),home_care
Elara Caring_6315535972836582363,Home Health Physical Therapist (PT),Elara Caring,Connecticut,,CT,Not specified,Home Health Physical Therapist (PT),Home Health Physical Therapist (PT),,,Elara Caring,https://careers.elara.com/us/en/search-results,2025-07-01T22:08:17.420639,Part-Time (employment); Home Care (care_setting),home_care
Elara Caring_3339469951744782707,Licensed Practical Nurse LPN Home Health PRN,Elara Caring,Connecticut,,CT,Not specified,Licensed Practical Nurse LPN Home Health PRN,Licensed Practical Nurse LPN Home Health PRN,,,Elara Caring,https://careers.elara.com/us/en/search-results,2025-07-01T22:08:18.424671,Per Diem (employment); Home Care (care_setting),home_care
Encompass Health_3323144004396930109,LPN/LVN,Encompass Health,Connecticut,,CT,Not specified,LPN/LVN,LPN/LVN,,,Encompass Health,https://careers.encompasshealth.com/jobs/?&filter[category][]=Nurse+Mgmt&filter[category][]=Nursing,2025-07-01T22:10:03.248282,Skilled Nursing Facility (care_setting),rehab_only
Encompass Health_4024901020016154019,Rehab Nursing Tech FT,Encompass Health,Connecticut,,CT,Not specified,Rehab Nursing Tech FT,Rehab Nursing Tech FT,,,Encompass Health,https://careers.encompasshealth.com/jobs/?&filter[category][]=Nurse+Mgmt&filter[category][]=Nursing,2025-07-01T22:10:05.720750,Full-Time (employment); Skilled Nursing Facility (care_setting),rehab_only
Encompass Health_3441034365604040355,Nursing Staffing Coordinator PH32,Encompass Health,Connecticut,,CT,Not specified,Nursing Staffing Coordinator PH32,Nursing Staffing Coordinator PH32,,,Encompass Health,https://careers.encompasshealth.com/jobs/?&filter[category][]=Nurse+Mgmt&filter[category][]=Nursing,2025-07-01T22:10:06.925502,Skilled Nursing Facility (care_setting),rehab_only
Encompass Health_5507107329204615461,Nursing Assistant,Encompass Health,Connecticut,,CT,Not specified,Nursing Assistant,Nursing Assistant,,,Encompass Health,https://careers.encompasshealth.com/jobs/?&filter[category][]=Nurse+Mgmt&filter[category][]=Nursing,2025-07-01T22:10:07.980306,Skilled Nursing Facility (care_setting),rehab_only
Encompass Health_7185385000083198225,Rehab Nursing Tech/Nursing Assistant,Encompass Health,Connecticut,,CT,Not specified,Rehab Nursing Tech/Nursing Assistant,Rehab Nursing Tech/Nursing Assistant,,,Encompass Health,https://careers.encompasshealth.com/jobs/?&filter[category][]=Nurse+Mgmt&filter[category][]=Nursing,2025-07-01T22:10:09.486882,Skilled Nursing Facility (care_setting),rehab_only
Encompass Health_5137924725924512899,Nurse Supervisor,Encompass Health,Connecticut,,CT,Not specified,Nurse Supervisor,Nurse Supervisor,,,Encompass Health,https://careers.encompasshealth.com/jobs/?&filter[category][]=Nurse+Mgmt&filter[category][]=Nursing,2025-07-01T22:10:10.801271,Skilled Nursing Facility (care_setting),rehab_only
Guardian Angel Senior Services_2696379042256201765,Seasonal Caregiver,Guardian Angel Senior Services,Connecticut,,CT,Not specified,Seasonal Caregiver,Seasonal Caregiver,,,Guardian Angel Senior Services,https://www.intelycare.com/jobs/?listing_page=1&employer_id=2038009,2025-07-01T22:11:30.960848,Home Care (care_setting),home_care
Guardian Angel Senior Services_182776336769437905,"PCA, Caregiver -Free Training",Guardian Angel Senior Services,Connecticut,,CT,Not specified,"PCA, Caregiver -Free Training","PCA, Caregiver -Free Training",,,Guardian Angel Senior Services,https://www.intelycare.com/jobs/?listing_page=1&employer_id=2038009,2025-07-01T22:11:31.993727,Home Care (care_setting),home_care
Guardian Angel Senior Services_398103854013954133,"Caregiver, Personal Care Assistant, PCA",Guardian Angel Senior Services,Connecticut,,CT,Not specified,"Caregiver, Personal Care Assistant, PCA","Caregiver, Personal Care Assistant, PCA",,,Guardian Angel Senior Services,https://www.intelycare.com/jobs/?listing_page=1&employer_id=2038009,2025-07-01T22:11:32.917670,Home Care (care_setting),home_care
Guardian Angel Senior Services_1047429532862541324,Caregiver for senior citizens. Daily Pay.,Guardian Angel Senior Services,Connecticut,,CT,Not specified,Caregiver for senior citizens. Daily Pay.,Caregiver for senior citizens. Daily Pay.,,,Guardian Angel Senior Services,https://www.intelycare.com/jobs/?listing_page=1&employer_id=2038009,2025-07-01T22:11:33.797658,Home Care (care_setting),home_care
Guardian Angel Senior Services_6401105772391998808,Caregiver for Elderly in Their Home. Cape Cod.,Guardian Angel Senior Services,Connecticut,,CT,Not specified,Caregiver for Elderly in Their Home. Cape Cod.,Caregiver for Elderly in Their Home. Cape Cod.,,,Guardian Angel Senior Services,https://www.intelycare.com/jobs/?listing_page=1&employer_id=2038009,2025-07-01T22:11:34.932304,Home Care (care_setting),home_care
Guardian Angel Senior Services_6720075231217030315,Caregiver for Elderly in Their Home,Guardian Angel Senior Services,Connecticut,,CT,Not specified,Caregiver for Elderly in Their Home,Caregiver for Elderly in Their Home,,,Guardian Angel Senior Services,https://www.intelycare.com/jobs/?listing_page=1&employer_id=2038009,2025-07-01T22:11:36.039342,Home Care (care_setting),home_care
Guardian Angel Senior Services_5542568388996312191,"LNA, Personal Care Assistant, Caregiver",Guardian Angel Senior Services,Connecticut,,CT,Not specified,"LNA, Personal Care Assistant, Caregiver","LNA, Personal Care Assistant, Caregiver",,,Guardian Angel Senior Services,https://www.intelycare.com/jobs/?listing_page=1&employer_id=2038009,2025-07-01T22:11:37.482837,Home Care (care_setting),home_care
Guardian Angel Senior Services_9110807929650105803,Evening and Weekend Home Health Aide,Guardian Angel Senior Services,Connecticut,,CT,Not specified,Evening and Weekend Home Health Aide,Evening and Weekend Home Health Aide,,,Guardian Angel Senior Services,https://www.intelycare.com/jobs/?listing_page=1&employer_id=2038009,2025-07-01T22:11:39.293972,Evening Shift (shift); Home Care (care_setting),home_care
Seniors Helping Seniors_794530735687594520,CNA Needed for Personal Care Support for Local Senior,Seniors Helping Seniors,Connecticut,,CT,Not specified,CNA Needed for Personal Care Support for Local Senior,CNA Needed for Personal Care Support for Local Senior,,,Seniors Helping Seniors,https://www.intelycare.com/jobs/?listing_page=1&employer_id=4978638,2025-07-01T22:12:00.189245,Home Care (care_setting),home_care
Seniors Helping Seniors_3965957707212101950,Help Seniors and Families As Needed Caregivers Wanted,Seniors Helping Seniors,Connecticut,,CT,Not specified,Help Seniors and Families As Needed Caregivers Wanted,Help Seniors and Families As Needed Caregivers Wanted,,,Seniors Helping Seniors,https://www.intelycare.com/jobs/?listing_page=1&employer_id=4978638,2025-07-01T22:12:02.112866,Home Care (care_setting),home_care
Seniors Helping Seniors_1412839787751954794,Caregivers and Companions Wanted Occasional Shifts Available,Seniors Helping Seniors,Connecticut,,CT,Not specified,Caregivers and Companions Wanted Occasional Shifts Available,Caregivers and Companions Wanted Occasional Shifts Available,,,Seniors Helping Seniors,https://www.intelycare.com/jobs/?listing_page=1&employer_id=4978638,2025-07-01T22:12:03.070776,Full-Time (employment); Home Care (care_setting),home_care
Seniors Helping Seniors_4787350690870528011,PRN Respite Caregivers Needed Flexible Shifts Available,Seniors Helping Seniors,Connecticut,,CT,Not specified,PRN Respite Caregivers Needed Flexible Shifts Available,PRN Respite Caregivers Needed Flexible Shifts Available,,,Seniors Helping Seniors,https://www.intelycare.com/jobs/?listing_page=1&employer_id=4978638,2025-07-01T22:12:03.981520,Full-Time (employment); Flexible Hours (shift); Home Care (care_setting),home_care
Seniors Helping Seniors_8115086593486242224,Senior Caregiver in Chelmsford,Seniors Helping Seniors,Connecticut,,CT,Not specified,Senior Caregiver in Chelmsford,Senior Caregiver in Chelmsford,,,Seniors Helping Seniors,https://www.intelycare.com/jobs/?listing_page=1&employer_id=4978638,2025-07-01T22:12:05.009992,Home Care (care_setting),home_care
Seniors Helping Seniors_8097837320719621851,Floating Caregiver Partner with Our Director of Client Experience to Transform Senior Care,Seniors Helping Seniors,Connecticut,,CT,Not specified,Floating Caregiver Partner with Our Director of Client Experience to Transform Senior Care,Floating Caregiver Partner with Our Director of Client Experience to Transform Senior Care,,,Seniors Helping Seniors,https://www.intelycare.com/jobs/?listing_page=1&employer_id=4978638,2025-07-01T22:12:05.997937,Home Care (care_setting),home_care
Integritus Healthcare_358316353824055600,ACTIVITIES AIDE- Part Time,Integritus Healthcare,"site Kimball Farms Nursing Care Center Lenox, MA",site Kimball Farms Nursing Care Center Lenox,MA,Not specified,"ACTIVITIES AIDE- Part Time Today Job Category: Administration Group Requisition Number: ACTIV003175 Schedule: Part Time Job Location Type: On-site Kimball Farms Nursing Care Center Lenox, MA 01240, USA Great opportunity to get paid to have fun! Activities Aides help to encourage socialization, provide entertainment, lead groups and more! Training is provided. Activities Aides help to encourage socialization, provide entertainment, relaxation and fulfillment, and improve daily living skills.","ACTIVITIES AIDE- Part Time Today Job Category: Administration Group Requisition Number: ACTIV003175 Schedule: Part Time Job Location Type: On-site Kimball Farms Nursing Care Center Lenox, MA 01240, US...",,https://recruiting.ultipro.com/BER1002BHCS/JobBoard/ab6dd2ae-e2f4-4e5a-9d54-ba5e47b6291f/OpportunityDetail?opportunityId=b422c25f-d7e2-4334-95c1-b338ce9f5407,Integritus Healthcare,https://recruiting.ultipro.com/BER1002BHCS/JobBoard/ab6dd2ae-e2f4-4e5a-9d54-ba5e47b6291f/?q=&o=postedDateDesc,2025-07-01T22:12:43.108779,Part-Time (employment); Day Shift (shift); Skilled Nursing Facility (care_setting),snf
Integritus Healthcare_2691687801604722913,UNIT MANAGER (RN/LPN),Integritus Healthcare,"site Kimball Farms Nursing Care Center Lenox, MA",site Kimball Farms Nursing Care Center Lenox,MA,Not specified,"UNIT MANAGER (RN/LPN) Today Job Category: Operations Group Requisition Number: UNITM003085 Schedule: Full Time Job Location Type: On-site Kimball Farms Nursing Care Center Lenox, MA 01240, USA +3 more We are seeking a compassionate, organized, and experienced Unit Manager (RN/ LPN) to join our leadership team. This role oversees the clinical operations of two 18-bed units, ensuring the delivery of high-quality, person-centered care in a safe and supportive environment. The Unit Manager (RN/ LPN) leads care plan meetings, supervises and supports caregivers, and facilitates interdisciplinary communication to promote optimal resident outcomes. The role includes active participation in quality assurance initiatives and regulatory compliance efforts. The Unit Manager (RN/ LPN) reports directly to the Director of Nursing and participates in the on-call rotation one weekend day per month and one holiday per year.","UNIT MANAGER (RN/LPN) Today Job Category: Operations Group Requisition Number: UNITM003085 Schedule: Full Time Job Location Type: On-site Kimball Farms Nursing Care Center Lenox, MA 01240, USA +3 more...",,https://recruiting.ultipro.com/BER1002BHCS/JobBoard/ab6dd2ae-e2f4-4e5a-9d54-ba5e47b6291f/OpportunityDetail?opportunityId=36342629-69ad-40a5-b0a2-f4893b486e3e,Integritus Healthcare,https://recruiting.ultipro.com/BER1002BHCS/JobBoard/ab6dd2ae-e2f4-4e5a-9d54-ba5e47b6291f/?q=&o=postedDateDesc,2025-07-01T22:12:43.848304,Full-Time (employment); Day Shift (shift); Skilled Nursing Facility (care_setting),snf
Integritus Healthcare_3414785242725847067,RESIDENT ASSISTANT,Integritus Healthcare,"Full Time East Longmeadow Memory Care Assisted Living East Longmeadow, MA",Full Time East Longmeadow Memory Care Assisted Living East Longmeadow,MA,Not specified,"RESIDENT ASSISTANT Jun 30, 2025 Job Category: Operations Group Requisition Number: RESID003174 Schedule: Full Time East Longmeadow Memory Care Assisted Living East Longmeadow, MA, USA Resident Assistant 's / Certified Nursing Assistant will assist older people who are functionally, physically, and or socially impaired and need 24-hour oversight. The Resident Care Partner/Resident Assistant’s role is to assist residents with those activities of daily living that they are unable to perform without help, fostering at all times residents’ independence and freedom of choice.","RESIDENT ASSISTANT Jun 30, 2025 Job Category: Operations Group Requisition Number: RESID003174 Schedule: Full Time East Longmeadow Memory Care Assisted Living East Longmeadow, MA, USA Resident Assista...",,https://recruiting.ultipro.com/BER1002BHCS/JobBoard/ab6dd2ae-e2f4-4e5a-9d54-ba5e47b6291f/OpportunityDetail?opportunityId=2004904b-1ca7-4827-8260-c49f6decf023,Integritus Healthcare,https://recruiting.ultipro.com/BER1002BHCS/JobBoard/ab6dd2ae-e2f4-4e5a-9d54-ba5e47b6291f/?q=&o=postedDateDesc,2025-07-01T22:12:44.575395,Full-Time (employment); Assisted Living (care_setting),snf
Integritus Healthcare_1541910699838669891,CERTIFIED NURSING ASST! CNA - SIGN-ON BONUS!!,Integritus Healthcare,"Town of, MA",Town of,MA,Not specified,"CERTIFIED NURSING ASST! CNA - SIGN-ON BONUS!! Jun 30, 2025 Job Category: Operations Group Requisition Number: CERTI003113 Schedule: Full Time Job Location Type: On-site Bourne Manor Bourne, Town of, MA 02532, USA +6 more We are looking for a skilled CNA (Certified Nursing Assistant) to become part of our facility’s compassionate care-giving team. The CNA will interact directly with residents, providing comfort, and assisting with daily living needs. We are searching for a dedicated, compassionate and energetic individual to be a vital link between our patients and the nurses and other facility staff.","CERTIFIED NURSING ASST! CNA - SIGN-ON BONUS!! Jun 30, 2025 Job Category: Operations Group Requisition Number: CERTI003113 Schedule: Full Time Job Location Type: On-site Bourne Manor Bourne, Town of, M...",,https://recruiting.ultipro.com/BER1002BHCS/JobBoard/ab6dd2ae-e2f4-4e5a-9d54-ba5e47b6291f/OpportunityDetail?opportunityId=7f8db7ca-c005-421c-915f-c0e2093a6f91,Integritus Healthcare,https://recruiting.ultipro.com/BER1002BHCS/JobBoard/ab6dd2ae-e2f4-4e5a-9d54-ba5e47b6291f/?q=&o=postedDateDesc,2025-07-01T22:12:45.257900,Full-Time (employment); Skilled Nursing Facility (care_setting); Bonus Available (flag),snf
Integritus Healthcare_9036620943393307979,LICENSED PRACTICAL NURSE - GENEROUS SIGN-ON BONUS!,Integritus Healthcare,"Town of, MA",Town of,MA,Not specified,"LICENSED PRACTICAL NURSE - GENEROUS SIGN-ON BONUS! Jun 30, 2025 Job Category: Operations Group Requisition Number: LICEN003114 Schedule: Full Time Job Location Type: On-site Bourne Manor Bourne, Town of, MA 02532, USA +7 more We are looking for a Licensed Practical Nurse to join our caring, compassionate team. Licensed Nurses plan, monitor, and provide nursing care to the residents within the facility. The successful candidate will work within their entire scope of practice, ensuring the utmost in competent care and safety is consistently delivered to all residents.","LICENSED PRACTICAL NURSE - GENEROUS SIGN-ON BONUS! Jun 30, 2025 Job Category: Operations Group Requisition Number: LICEN003114 Schedule: Full Time Job Location Type: On-site Bourne Manor Bourne, Town ...",,https://recruiting.ultipro.com/BER1002BHCS/JobBoard/ab6dd2ae-e2f4-4e5a-9d54-ba5e47b6291f/OpportunityDetail?opportunityId=70f64978-91b7-4b05-ac63-656f1393933d,Integritus Healthcare,https://recruiting.ultipro.com/BER1002BHCS/JobBoard/ab6dd2ae-e2f4-4e5a-9d54-ba5e47b6291f/?q=&o=postedDateDesc,2025-07-01T22:12:45.994464,Full-Time (employment); Skilled Nursing Facility (care_setting); Bonus Available (flag),snf
Integritus Healthcare_8795602338823460151,REGISTERED NURSE. GENEROUS SIGN-ON BONUS!!,Integritus Healthcare,"Town of, MA",Town of,MA,Not specified,"REGISTERED NURSE. GENEROUS SIGN-ON BONUS!! Jun 30, 2025 Job Category: Operations Group Requisition Number: REGIS003115 Schedule: Full Time Job Location Type: On-site Bourne Manor Bourne, Town of, MA 02532, USA +7 more We are looking for a Registered Nurse (RN) to join our caring, compassionate team. Registered Nurses plan, monitor, and provide nursing care to the residents within the facility. The successful candidate will work within their entire scope of practice, ensuring the utmost in competent care and safety is consistently delivered to all residents.","REGISTERED NURSE. GENEROUS SIGN-ON BONUS!! Jun 30, 2025 Job Category: Operations Group Requisition Number: REGIS003115 Schedule: Full Time Job Location Type: On-site Bourne Manor Bourne, Town of, MA 0...",,https://recruiting.ultipro.com/BER1002BHCS/JobBoard/ab6dd2ae-e2f4-4e5a-9d54-ba5e47b6291f/OpportunityDetail?opportunityId=b07e17a7-28c9-4f91-8f6a-261e43d37cf5,Integritus Healthcare,https://recruiting.ultipro.com/BER1002BHCS/JobBoard/ab6dd2ae-e2f4-4e5a-9d54-ba5e47b6291f/?q=&o=postedDateDesc,2025-07-01T22:12:46.750246,Full-Time (employment); Skilled Nursing Facility (care_setting); Bonus Available (flag),snf
Integritus Healthcare_3758002709669201817,"LICENSED NURSE, 3-DAY WEEK, 12-HOUR SHIFTS!",Integritus Healthcare,"Town of, MA",Town of,MA,Not specified,"LICENSED NURSE, 3-DAY WEEK, 12-HOUR SHIFTS! Jun 30, 2025 Job Category: Operations Group Requisition Number: LICEN003116 Schedule: Full Time Job Location Type: On-site Bourne Manor Bourne, Town of, MA 02532, USA +6 more We are looking for a Licensed Nurse to join our caring, compassionate team. Licensed Nurses plan, monitor, and provide nursing care to the residents within the facility. The successful candidate will work within their entire scope of practice, ensuring the utmost in competent care and safety is consistently delivered to all residents.","LICENSED NURSE, 3-DAY WEEK, 12-HOUR SHIFTS! Jun 30, 2025 Job Category: Operations Group Requisition Number: LICEN003116 Schedule: Full Time Job Location Type: On-site Bourne Manor Bourne, Town of, MA ...",,https://recruiting.ultipro.com/BER1002BHCS/JobBoard/ab6dd2ae-e2f4-4e5a-9d54-ba5e47b6291f/OpportunityDetail?opportunityId=55f3224b-101d-47e6-a8bd-c988eb1f5cb9,Integritus Healthcare,https://recruiting.ultipro.com/BER1002BHCS/JobBoard/ab6dd2ae-e2f4-4e5a-9d54-ba5e47b6291f/?q=&o=postedDateDesc,2025-07-01T22:12:47.501153,Full-Time (employment); Day Shift (shift); Skilled Nursing Facility (care_setting),snf
Integritus Healthcare_4498366477302657771,LICENSED NURSE (RN/LPN) - GENEROUS SIGN-ON BONUS!,Integritus Healthcare,"Town of, MA",Town of,MA,Not specified,"LICENSED NURSE (RN/LPN) - GENEROUS SIGN-ON BONUS! Jun 30, 2025 Job Category: Operations Group Requisition Number: LICEN003117 Schedule: Full Time Job Location Type: On-site Bourne Manor Bourne, Town of, MA 02532, USA +7 more We are looking for a Licensed Nurse to join our caring, compassionate team. Licensed Nurses plan, monitor, and provide nursing care to the residents within the facility. The successful candidate will work within their entire scope of practice, ensuring the utmost in competent care and safety is consistently delivered to all residents.","LICENSED NURSE (RN/LPN) - GENEROUS SIGN-ON BONUS! Jun 30, 2025 Job Category: Operations Group Requisition Number: LICEN003117 Schedule: Full Time Job Location Type: On-site Bourne Manor Bourne, Town o...",,https://recruiting.ultipro.com/BER1002BHCS/JobBoard/ab6dd2ae-e2f4-4e5a-9d54-ba5e47b6291f/OpportunityDetail?opportunityId=5e791942-26c0-4a43-9990-2442b4c96311,Integritus Healthcare,https://recruiting.ultipro.com/BER1002BHCS/JobBoard/ab6dd2ae-e2f4-4e5a-9d54-ba5e47b6291f/?q=&o=postedDateDesc,2025-07-01T22:12:48.243492,Full-Time (employment); Skilled Nursing Facility (care_setting); Bonus Available (flag),snf
Integritus Healthcare_6020136434170011295,NURSING COORDINATOR LPN - Sign-on Bonus!,Integritus Healthcare,"site Windsor Skilled Nursing South Yarmouth, MA",site Windsor Skilled Nursing South Yarmouth,MA,Not specified,"NURSING COORDINATOR LPN - Sign-on Bonus! Jun 30, 2025 Job Category: Operations Group Requisition Number: NURSI003120 Schedule: Full Time Job Location Type: On-site Windsor Skilled Nursing South Yarmouth, MA 02664, USA +6 more We are looking for a Licensed Practical Nurse (LPN) to join our caring, compassionate team. Licensed Nurses plan, monitor, and provide nursing care to the residents within the facility. The successful candidate will work within their entire scope of practice, ensuring the utmost in competent care and safety is consistently delivered to all residents.","NURSING COORDINATOR LPN - Sign-on Bonus! Jun 30, 2025 Job Category: Operations Group Requisition Number: NURSI003120 Schedule: Full Time Job Location Type: On-site Windsor Skilled Nursing South Yarmou...",,https://recruiting.ultipro.com/BER1002BHCS/JobBoard/ab6dd2ae-e2f4-4e5a-9d54-ba5e47b6291f/OpportunityDetail?opportunityId=eb92dd7e-977b-4cb4-989c-11b1975e17d8,Integritus Healthcare,https://recruiting.ultipro.com/BER1002BHCS/JobBoard/ab6dd2ae-e2f4-4e5a-9d54-ba5e47b6291f/?q=&o=postedDateDesc,2025-07-01T22:12:49.271782,Full-Time (employment); Skilled Nursing Facility (care_setting); Bonus Available (flag),snf
Integritus Healthcare_7512008053867008860,CERTIFIED NURSING ASST. - Sign-on Bonus!,Integritus Healthcare,"site Windsor Skilled Nursing South Yarmouth, MA",site Windsor Skilled Nursing South Yarmouth,MA,Not specified,"CERTIFIED NURSING ASST. - Sign-on Bonus! Jun 30, 2025 Job Category: Operations Group Requisition Number: CERTI003121 Schedule: Full Time Job Location Type: On-site Windsor Skilled Nursing South Yarmouth, MA 02664, USA +6 more We are looking for a skilled CNA (Certified Nursing Assistant) to become part of our facility’s compassionate care-giving team. The CNA will interact directly with residents, providing comfort, and assisting with daily living needs. We are searching for a dedicated, compassionate and energetic individual to be a vital link between our patients and the nurses and other facility staff.","CERTIFIED NURSING ASST. - Sign-on Bonus! Jun 30, 2025 Job Category: Operations Group Requisition Number: CERTI003121 Schedule: Full Time Job Location Type: On-site Windsor Skilled Nursing South Yarmou...",,https://recruiting.ultipro.com/BER1002BHCS/JobBoard/ab6dd2ae-e2f4-4e5a-9d54-ba5e47b6291f/OpportunityDetail?opportunityId=f40daa24-10a7-4029-a3db-df0e84d977e4,Integritus Healthcare,https://recruiting.ultipro.com/BER1002BHCS/JobBoard/ab6dd2ae-e2f4-4e5a-9d54-ba5e47b6291f/?q=&o=postedDateDesc,2025-07-01T22:12:50.264100,Full-Time (employment); Skilled Nursing Facility (care_setting); Bonus Available (flag),snf
Integritus Healthcare_4608740808585974140,"Nurse Unit Manager $10,000 Sign on Bonus!!",Integritus Healthcare,"site Hunt Skilled Nursing Danvers, MA",site Hunt Skilled Nursing Danvers,MA,Not specified,"Nurse Unit Manager $10,000 Sign on Bonus!! Jun 30, 2025 Job Category: Operations Group Requisition Number: NURSE003122 Schedule: Full Time Job Location Type: On-site Hunt Skilled Nursing Danvers, MA 01923, USA +8 more The primary purpose of this position is to provide quality nursing care to residents, and to supervise the day-to-day activities of nursing assistants. Supervision must be in accordance with federal, state, & local laws and policies of this organization.","Nurse Unit Manager $10,000 Sign on Bonus!! Jun 30, 2025 Job Category: Operations Group Requisition Number: NURSE003122 Schedule: Full Time Job Location Type: On-site Hunt Skilled Nursing Danvers, MA 0...",,https://recruiting.ultipro.com/BER1002BHCS/JobBoard/ab6dd2ae-e2f4-4e5a-9d54-ba5e47b6291f/OpportunityDetail?opportunityId=796cab2d-fd5a-4b9e-b482-4e81e6d4eea8,Integritus Healthcare,https://recruiting.ultipro.com/BER1002BHCS/JobBoard/ab6dd2ae-e2f4-4e5a-9d54-ba5e47b6291f/?q=&o=postedDateDesc,2025-07-01T22:12:51.074624,Full-Time (employment); Day Shift (shift); Skilled Nursing Facility (care_setting); Bonus Available (flag),snf
Integritus Healthcare_5745588549918821792,CERTIFIED NURSING ASST. - CNA! $6K SIGN-ON BONUS!!,Integritus Healthcare,"site Hunt Skilled Nursing Danvers, MA",site Hunt Skilled Nursing Danvers,MA,Not specified,"CERTIFIED NURSING ASST. - CNA! $6K SIGN-ON BONUS!! Jun 30, 2025 Job Category: Operations Group Requisition Number: CERTI003127 Schedule: Full Time Job Location Type: On-site Hunt Skilled Nursing Danvers, MA 01923, USA +8 more We are looking for a skilled CNA (Certified Nursing Assistant) to become part of our facility’s compassionate care-giving team. The CNA will interact directly with residents, providing comfort, and assisting with daily living needs. We are searching for a dedicated, compassionate and energetic individual to be a vital link between our patients and the nurses and other facility staff.","CERTIFIED NURSING ASST. - CNA! $6K SIGN-ON BONUS!! Jun 30, 2025 Job Category: Operations Group Requisition Number: CERTI003127 Schedule: Full Time Job Location Type: On-site Hunt Skilled Nursing Danve...",,https://recruiting.ultipro.com/BER1002BHCS/JobBoard/ab6dd2ae-e2f4-4e5a-9d54-ba5e47b6291f/OpportunityDetail?opportunityId=aeb92255-014e-4a64-a9ac-4929e48f11a9,Integritus Healthcare,https://recruiting.ultipro.com/BER1002BHCS/JobBoard/ab6dd2ae-e2f4-4e5a-9d54-ba5e47b6291f/?q=&o=postedDateDesc,2025-07-01T22:12:51.883354,Full-Time (employment); Skilled Nursing Facility (care_setting); Bonus Available (flag),snf
Integritus Healthcare_7288075496148873686,REGISTERED NURSE - RN! GREAT SIGN-ON BONUS!!,Integritus Healthcare,"site Hunt Skilled Nursing Danvers, MA",site Hunt Skilled Nursing Danvers,MA,Not specified,"REGISTERED NURSE - RN! GREAT SIGN-ON BONUS!! Jun 30, 2025 Job Category: Operations Group Requisition Number: REGIS003123 Schedule: Full Time Job Location Type: On-site Hunt Skilled Nursing Danvers, MA 01923, USA +8 more We are looking for a Registered Nurse (RN) to join our caring, compassionate team. Registered Nurses plan, monitor, and provide nursing care to the residents within the facility. The successful candidate will work within their entire scope of practice, ensuring the utmost in competent care and safety is consistently delivered to all residents. Full-time RN will receive an $8000.00 SIGN-ON BONUS!! New Grad RN will receive a $10,000.00 SIGN-ON BONUS!!","REGISTERED NURSE - RN! GREAT SIGN-ON BONUS!! Jun 30, 2025 Job Category: Operations Group Requisition Number: REGIS003123 Schedule: Full Time Job Location Type: On-site Hunt Skilled Nursing Danvers, MA...",,https://recruiting.ultipro.com/BER1002BHCS/JobBoard/ab6dd2ae-e2f4-4e5a-9d54-ba5e47b6291f/OpportunityDetail?opportunityId=39811fa6-41b7-4584-80ea-2677fed7b969,Integritus Healthcare,https://recruiting.ultipro.com/BER1002BHCS/JobBoard/ab6dd2ae-e2f4-4e5a-9d54-ba5e47b6291f/?q=&o=postedDateDesc,2025-07-01T22:12:52.741116,Full-Time (employment); Skilled Nursing Facility (care_setting); Bonus Available (flag),snf
Integritus Healthcare_111175124281386454,STAFF EDUCATOR RN,Integritus Healthcare,"site Hunt Skilled Nursing Danvers, MA",site Hunt Skilled Nursing Danvers,MA,Not specified,"STAFF EDUCATOR RN Jun 30, 2025 Job Category: Operations Group Requisition Number: STAFF003125 Schedule: Full Time Job Location Type: On-site Hunt Skilled Nursing Danvers, MA 01923, USA +6 more This position is responsible for planning, organizing, directing, coordinating, documenting, and evaluating all educational programs, including on-the-job training for the Nursing Department. Plays a key role in the assimilation of all new employees in the facility and assures competencies are completed timely and thoroughly and that any necessary follow up is completed.","STAFF EDUCATOR RN Jun 30, 2025 Job Category: Operations Group Requisition Number: STAFF003125 Schedule: Full Time Job Location Type: On-site Hunt Skilled Nursing Danvers, MA 01923, USA +6 more This po...",,https://recruiting.ultipro.com/BER1002BHCS/JobBoard/ab6dd2ae-e2f4-4e5a-9d54-ba5e47b6291f/OpportunityDetail?opportunityId=7396d878-f35e-4876-b988-77bbe3c9ec9d,Integritus Healthcare,https://recruiting.ultipro.com/BER1002BHCS/JobBoard/ab6dd2ae-e2f4-4e5a-9d54-ba5e47b6291f/?q=&o=postedDateDesc,2025-07-01T22:12:53.609003,Full-Time (employment); Skilled Nursing Facility (care_setting),snf
Integritus Healthcare_8648578520324558013,LICENSED PRACTICAL NURSE - LPN! GREAT SIGN-ON BONUS!!,Integritus Healthcare,"site Hunt Skilled Nursing Danvers, MA",site Hunt Skilled Nursing Danvers,MA,Not specified,"LICENSED PRACTICAL NURSE - LPN! GREAT SIGN-ON BONUS!! Jun 30, 2025 Job Category: Operations Group Requisition Number: LICEN003126 Schedule: Full Time Job Location Type: On-site Hunt Skilled Nursing Danvers, MA 01923, USA +7 more We are looking for a Licensed Practical Nurse (LPN) to join our caring, compassionate team. Licensed Nurses plan, monitor, and provide nursing care to the residents within the facility. The successful candidate will work within their entire scope of practice, ensuring the utmost in competent care and safety is consistently delivered to all residents. FULL-TIME LPN WILL RECEIVE AN $8,000.00 SIGN-ON BONUS!!","LICENSED PRACTICAL NURSE - LPN! GREAT SIGN-ON BONUS!! Jun 30, 2025 Job Category: Operations Group Requisition Number: LICEN003126 Schedule: Full Time Job Location Type: On-site Hunt Skilled Nursing Da...",,https://recruiting.ultipro.com/BER1002BHCS/JobBoard/ab6dd2ae-e2f4-4e5a-9d54-ba5e47b6291f/OpportunityDetail?opportunityId=e01357c6-bdc9-43f9-acbd-fa6b5d5bac02,Integritus Healthcare,https://recruiting.ultipro.com/BER1002BHCS/JobBoard/ab6dd2ae-e2f4-4e5a-9d54-ba5e47b6291f/?q=&o=postedDateDesc,2025-07-01T22:12:54.397202,Full-Time (employment); Skilled Nursing Facility (care_setting); Bonus Available (flag),snf
Honor Health Network_196939299641995130,Caregiver in Williamsport,Honor Health Network,MA,,MA,Not specified,Caregiver in Williamsport Full Time Part Time Angels on Call Broadway Respite and Homecare More Details,Caregiver in Williamsport Full Time Part Time Angels on Call Broadway Respite and Homecare More Details,,,Honor Health Network,https://honorhealthnetwork.com/job-openings/?job__location_spec=massachusetts,2025-07-01T22:13:30.784476,Full-Time (employment); Home Care (care_setting),
Honor Health Network_3162138838886078402,"Home Health Aide, Homemaker, Personal Care Homemaker in Yarmouth Port",Honor Health Network,MA,,MA,Not specified,"Home Health Aide, Homemaker, Personal Care Homemaker in Yarmouth Port Full Time Part Time Massachusetts All at Home More Details","Home Health Aide, Homemaker, Personal Care Homemaker in Yarmouth Port Full Time Part Time Massachusetts All at Home More Details",,,Honor Health Network,https://honorhealthnetwork.com/job-openings/?job__location_spec=massachusetts,2025-07-01T22:13:31.286030,Full-Time (employment); Home Care (care_setting),
Honor Health Network_6872715177771386311,Direct Care Worker in Bensalem,Honor Health Network,MA,,MA,Not specified,Direct Care Worker in Bensalem Full Time Part Time Pennsylvania Ultimate Home Health Care More Details,Direct Care Worker in Bensalem Full Time Part Time Pennsylvania Ultimate Home Health Care More Details,,,Honor Health Network,https://honorhealthnetwork.com/job-openings/?job__location_spec=massachusetts,2025-07-01T22:13:31.555669,Full-Time (employment); Home Care (care_setting),
Honor Health Network_8210196319603957497,"Certified Home Health Aide in Washington, DC",Honor Health Network,MA,,MA,Not specified,"Certified Home Health Aide in Washington, DC Full Time Part Time Per Diem Washington-D.C. VMT Home Health Agency More Details","Certified Home Health Aide in Washington, DC Full Time Part Time Per Diem Washington-D.C. VMT Home Health Agency More Details",,,Honor Health Network,https://honorhealthnetwork.com/job-openings/?job__location_spec=massachusetts,2025-07-01T22:13:31.798746,Full-Time (employment); Home Care (care_setting),
Honor Health Network_2175375714558217228,Certified Home Health Aide in Brooklyn,Honor Health Network,MA,,MA,Not specified,Certified Home Health Aide in Brooklyn Full Time Part Time Per Diem New York Quality NY Health Care More Details,Certified Home Health Aide in Brooklyn Full Time Part Time Per Diem New York Quality NY Health Care More Details,,,Honor Health Network,https://honorhealthnetwork.com/job-openings/?job__location_spec=massachusetts,2025-07-01T22:13:32.032183,Full-Time (employment); Home Care (care_setting),
Honor Health Network_484483019608264789,HHA in Paterson,Honor Health Network,MA,,MA,Not specified,HHA in Paterson Full Time Part Time Per Diem New Jersey Broadway Respite and Homecare More Details,HHA in Paterson Full Time Part Time Per Diem New Jersey Broadway Respite and Homecare More Details,,,Honor Health Network,https://honorhealthnetwork.com/job-openings/?job__location_spec=massachusetts,2025-07-01T22:13:32.505243,Full-Time (employment); Home Care (care_setting),
Honor Health Network_3170338325854733958,HHA in Dover,Honor Health Network,MA,,MA,Not specified,HHA in Dover Full Time Part Time Per Diem New Jersey Broadway Respite and Homecare More Details,HHA in Dover Full Time Part Time Per Diem New Jersey Broadway Respite and Homecare More Details,,,Honor Health Network,https://honorhealthnetwork.com/job-openings/?job__location_spec=massachusetts,2025-07-01T22:13:32.772178,Full-Time (employment); Home Care (care_setting),
Honor Health Network_196939299641995130,Caregiver in Williamsport,Honor Health Network,Connecticut,,CT,Not specified,Caregiver in Williamsport Full Time Part Time Angels on Call Broadway Respite and Homecare More Details,Caregiver in Williamsport Full Time Part Time Angels on Call Broadway Respite and Homecare More Details,,,Honor Health Network,https://honorhealthnetwork.com/job-openings/,2025-07-01T22:13:43.111830,Full-Time (employment); Home Care (care_setting),
Honor Health Network_3162138838886078402,"Home Health Aide, Homemaker, Personal Care Homemaker in Yarmouth Port",Honor Health Network,Connecticut,,CT,Not specified,"Home Health Aide, Homemaker, Personal Care Homemaker in Yarmouth Port Full Time Part Time Massachusetts All at Home More Details","Home Health Aide, Homemaker, Personal Care Homemaker in Yarmouth Port Full Time Part Time Massachusetts All at Home More Details",,,Honor Health Network,https://honorhealthnetwork.com/job-openings/,2025-07-01T22:13:43.624792,Full-Time (employment); Home Care (care_setting),
Honor Health Network_6872715177771386311,Direct Care Worker in Bensalem,Honor Health Network,Connecticut,,CT,Not specified,Direct Care Worker in Bensalem Full Time Part Time Pennsylvania Ultimate Home Health Care More Details,Direct Care Worker in Bensalem Full Time Part Time Pennsylvania Ultimate Home Health Care More Details,,,Honor Health Network,https://honorhealthnetwork.com/job-openings/,2025-07-01T22:13:43.907673,Full-Time (employment); Home Care (care_setting),
Honor Health Network_8210196319603957497,"Certified Home Health Aide in Washington, DC",Honor Health Network,Connecticut,,CT,Not specified,"Certified Home Health Aide in Washington, DC Full Time Part Time Per Diem Washington-D.C. VMT Home Health Agency More Details","Certified Home Health Aide in Washington, DC Full Time Part Time Per Diem Washington-D.C. VMT Home Health Agency More Details",,,Honor Health Network,https://honorhealthnetwork.com/job-openings/,2025-07-01T22:13:44.261732,Full-Time (employment); Home Care (care_setting),
Honor Health Network_2175375714558217228,Certified Home Health Aide in Brooklyn,Honor Health Network,Connecticut,,CT,Not specified,Certified Home Health Aide in Brooklyn Full Time Part Time Per Diem New York Quality NY Health Care More Details,Certified Home Health Aide in Brooklyn Full Time Part Time Per Diem New York Quality NY Health Care More Details,,,Honor Health Network,https://honorhealthnetwork.com/job-openings/,2025-07-01T22:13:44.500268,Full-Time (employment); Home Care (care_setting),
Honor Health Network_484483019608264789,HHA in Paterson,Honor Health Network,Connecticut,,CT,Not specified,HHA in Paterson Full Time Part Time Per Diem New Jersey Broadway Respite and Homecare More Details,HHA in Paterson Full Time Part Time Per Diem New Jersey Broadway Respite and Homecare More Details,,,Honor Health Network,https://honorhealthnetwork.com/job-openings/,2025-07-01T22:13:45.108097,Full-Time (employment); Home Care (care_setting),
Honor Health Network_3170338325854733958,HHA in Dover,Honor Health Network,Connecticut,,CT,Not specified,HHA in Dover Full Time Part Time Per Diem New Jersey Broadway Respite and Homecare More Details,HHA in Dover Full Time Part Time Per Diem New Jersey Broadway Respite and Homecare More Details,,,Honor Health Network,https://honorhealthnetwork.com/job-openings/,2025-07-01T22:13:45.350296,Full-Time (employment); Home Care (care_setting),
FiveStar Nursing_7267928659784676396,Jobs at Five Star Nursing,FiveStar Nursing,Connecticut,,CT,Not specified,Jobs at Five Star Nursing,Jobs at Five Star Nursing,,,FiveStar Nursing,https://jobs.apploi.com/profile/fivestarnusing,2025-07-01T22:13:59.215549,Home Care (care_setting),
Gardenview Home Care_3715839636460426824,Certified Home Health Aide,Gardenview Home Care,Connecticut,,CT,Not specified,Certified Home Health Aide,Certified Home Health Aide,,,Gardenview Home Care,https://www.intelycare.com/jobs/?listing_page=1&employer_id=2315252,2025-07-01T22:14:13.481573,Home Care (care_setting),
Gardenview Home Care_8602693614636624210,Home Health Aide Superstars In Cumberland- Spanish Speaking,Gardenview Home Care,Connecticut,,CT,Not specified,Home Health Aide Superstars In Cumberland- Spanish Speaking,Home Health Aide Superstars In Cumberland- Spanish Speaking,,,Gardenview Home Care,https://www.intelycare.com/jobs/?listing_page=1&employer_id=2315252,2025-07-01T22:14:14.266681,Home Care (care_setting),
Gardenview Home Care_4790816159925814223,Quality Home Health Aides,Gardenview Home Care,Connecticut,,CT,Not specified,Quality Home Health Aides,Quality Home Health Aides,,,Gardenview Home Care,https://www.intelycare.com/jobs/?listing_page=1&employer_id=2315252,2025-07-01T22:14:14.820818,Home Care (care_setting),
Gardenview Home Care_6940897292945297224,Certified Home Health Aides,Gardenview Home Care,Connecticut,,CT,Not specified,Certified Home Health Aides,Certified Home Health Aides,,,Gardenview Home Care,https://www.intelycare.com/jobs/?listing_page=1&employer_id=2315252,2025-07-01T22:14:15.371159,Home Care (care_setting),
Gardenview Home Care_5447724459976095879,"Home Health Aide Superstar in Princeton, NJ",Gardenview Home Care,Connecticut,,CT,Not specified,"Home Health Aide Superstar in Princeton, NJ","Home Health Aide Superstar in Princeton, NJ",,,Gardenview Home Care,https://www.intelycare.com/jobs/?listing_page=1&employer_id=2315252,2025-07-01T22:14:16.163203,Home Care (care_setting),
DRIFT Services_8312837129121179037,Looking For Home Health Aides (HHA),DRIFT Services,Connecticut,,CT,Not specified,Looking For Home Health Aides (HHA),Looking For Home Health Aides (HHA),,,DRIFT Services,https://www.intelycare.com/jobs/?listing_page=1&employer_id=2064688,2025-07-01T22:14:58.449289,Home Care (care_setting),
DRIFT Services_5034005129150923338,Home Health Aide (HHA) ***Competitive Benefits***,DRIFT Services,Connecticut,,CT,Not specified,Home Health Aide (HHA) ***Competitive Benefits***,Home Health Aide (HHA) ***Competitive Benefits***,,,DRIFT Services,https://www.intelycare.com/jobs/?listing_page=1&employer_id=2064688,2025-07-01T22:15:00.026081,Home Care (care_setting),
DRIFT Services_2746864812906403173,Registered Nurse (RN),DRIFT Services,Connecticut,,CT,Not specified,Registered Nurse (RN),Registered Nurse (RN),,,DRIFT Services,https://www.intelycare.com/jobs/?listing_page=1&employer_id=2064688,2025-07-01T22:15:01.785707,Home Care (care_setting),
DRIFT Services_5296542078042914796,Registered Nurse (RN) ***Competitive Benefits***,DRIFT Services,Connecticut,,CT,Not specified,Registered Nurse (RN) ***Competitive Benefits***,Registered Nurse (RN) ***Competitive Benefits***,,,DRIFT Services,https://www.intelycare.com/jobs/?listing_page=1&employer_id=2064688,2025-07-01T22:15:02.431317,Home Care (care_setting),
DRIFT Services_333249910504285520,Licensed Practical Nurse (LPN),DRIFT Services,Connecticut,,CT,Not specified,Licensed Practical Nurse (LPN),Licensed Practical Nurse (LPN),,,DRIFT Services,https://www.intelycare.com/jobs/?listing_page=1&employer_id=2064688,2025-07-01T22:15:02.930716,Home Care (care_setting),
Fine Care Center_4021149539970265414,(LPN) Licensed Practical Nurse,Fine Care Center,Connecticut,,CT,Not specified,(LPN) Licensed Practical Nurse,(LPN) Licensed Practical Nurse,,,Fine Care Center,https://www.intelycare.com/jobs/?employer_id=2315019,2025-07-01T22:15:14.650982,Home Care (care_setting),
Fine Care Center_7970920496684801300,(RN) Registered Nurse,Fine Care Center,Connecticut,,CT,Not specified,(RN) Registered Nurse,(RN) Registered Nurse,,,Fine Care Center,https://www.intelycare.com/jobs/?employer_id=2315019,2025-07-01T22:15:15.146461,Home Care (care_setting),
Hometown Nannies_3355854082342421428,Nanny/Family Assistant | M-F -2PM – 7PM | Boy 10 and Girl 6 | $30-$35/HR | Start ASAP!,Hometown Nannies,"CT, NY",,"CT, NY",$30-$35,Nanny/Family Assistant | M-F -2PM – 7PM | Boy 10 and Girl 6 | $30-$35/HR | Start ASAP! Hometown Nannies Plus LLC Hybrid Household Staffing,Nanny/Family Assistant | M-F -2PM – 7PM | Boy 10 and Girl 6 | $30-$35/HR | Start ASAP! Hometown Nannies Plus LLC Hybrid Household Staffing,,,Hometown Nannies,https://hometownnannies.com/job-board/,2025-07-01T22:16:30.352254,Home Care (care_setting); Urgent Hire (flag),
Hometown Nannies_1960784938405589928,"Nanny – Family Assistant | Mon-Fri (35+hours) | 3 boys (4 years, 2 years, 3 months) Mom is hands on with the kids so we need a team-player $30-$35/hr. June 16th start.|",Hometown Nannies,"CT, NY",,"CT, NY",$30-$35,"Nanny – Family Assistant | Mon-Fri (35+hours) | 3 boys (4 years, 2 years, 3 months) Mom is hands on with the kids so we need a team-player $30-$35/hr. June 16th start.| Hometown Nannies Plus LLC Hybrid Household Staffing","Nanny – Family Assistant | Mon-Fri (35+hours) | 3 boys (4 years, 2 years, 3 months) Mom is hands on with the kids so we need a team-player $30-$35/hr. June 16th start.| Hometown Nannies Plus LLC Hybri...",,,Hometown Nannies,https://hometownnannies.com/job-board/,2025-07-01T22:16:30.645261,Home Care (care_setting),
Hometown Nannies_5777402029617154626,"Weekend, or Every Other Weekend, CNA/HHA| Sat and Sun 9:30AM-8:00PM (flexible) + 16 overnights | |$30-$35/hr. | ASAP",Hometown Nannies,"CT, NY",,"CT, NY",$30-$35,"Weekend, or Every Other Weekend, CNA/HHA| Sat and Sun 9:30AM-8:00PM (flexible) + 16 overnights | |$30-$35/hr. | ASAP Hometown Nannies Plus LLC Hybrid Household Staffing","Weekend, or Every Other Weekend, CNA/HHA| Sat and Sun 9:30AM-8:00PM (flexible) + 16 overnights | |$30-$35/hr. | ASAP Hometown Nannies Plus LLC Hybrid Household Staffing",,,Hometown Nannies,https://hometownnannies.com/job-board/,2025-07-01T22:16:30.907370,Overnight (shift); Home Care (care_setting); Urgent Hire (flag),
