title,company,location,category,salary_min,salary_max,job_type,quality_score,posted_date,application_url,requirements
"NICU Nurse","Stamford Hospital","Springfield, MA","nursing",76355,87253,"per-diem",86,"2025-06-23","https://jobs.stamfordhospital.com/apply/64354","• Valid Connecticut RN license or ability to obtain | • BSN preferred, ASN required | • 1-3 years of nursing experience preferred | • BLS and ACLS certification required | • Excellent communication and critical thinking skills"
"Trauma Nurse","Bridgeport Hospital","Middletown, CT","nursing",84655,101662,"per-diem",84,"2025-06-23","https://careers.bridgeporthospital.org/job/105819","• Valid Connecticut RN license or ability to obtain | • BSN preferred, ASN required | • 1-3 years of nursing experience preferred | • BLS and ACLS certification required | • Excellent communication and critical thinking skills"
"ICU Nurse","Bridgeport Hospital","Norwalk, CT","nursing",76356,92517,"part-time",83,"2025-06-13","https://jobs.bridgeporthospital.com/apply/34113","• Valid Connecticut RN license or ability to obtain | • BSN preferred, ASN required | • 1-3 years of nursing experience preferred | • BLS and ACLS certification required | • Excellent communication and critical thinking skills"
"Charge Nurse","Charlotte Hungerford Hospital","White Plains, NY","nursing",73398,95223,"contract",78,"2025-06-22","https://www.glassdoor.com/job-listing/charge-nurse-charlotte-hungerford-hospital-JV_IC7014269.htm","• Valid Connecticut RN license or ability to obtain | • BSN preferred, ASN required | • 1-3 years of nursing experience preferred | • BLS and ACLS certification required | • Excellent communication and critical thinking skills"
"OR Nurse","Yale New Haven Health System","Milford, CT","nursing",92337,97809,"full-time",85,"2025-06-21","https://www.glassdoor.com/job-listing/or-nurse-yale-new-haven-health-system-JV_IC7795999.htm","• Valid Connecticut RN license or ability to obtain | • BSN preferred, ASN required | • 1-3 years of nursing experience preferred | • BLS and ACLS certification required | • Excellent communication and critical thinking skills"
"Pediatric Nurse","Bridgeport Hospital","Hartford, CT","nursing",78380,104789,"part-time",97,"2025-06-09","https://careers.bridgeporthospital.org/job/929460","• Valid Connecticut RN license or ability to obtain | • BSN preferred, ASN required | • 1-3 years of nursing experience preferred | • BLS and ACLS certification required | • Excellent communication and critical thinking skills"
"ICU Nurse","Norwalk Hospital","Norwalk, CT","nursing",76222,100617,"part-time",88,"2025-06-19","https://jobs.norwalkhospital.com/apply/73924","• Valid Connecticut RN license or ability to obtain | • BSN preferred, ASN required | • 1-3 years of nursing experience preferred | • BLS and ACLS certification required | • Excellent communication and critical thinking skills"
"Charge Nurse","Prospect Medical Holdings","White Plains, NY","nursing",79225,100876,"per-diem",94,"2025-06-13","https://www.ziprecruiter.com/c/Prospect-Medical-Holdings/Jobs/242795","• Valid Connecticut RN license or ability to obtain | • BSN preferred, ASN required | • 1-3 years of nursing experience preferred | • BLS and ACLS certification required | • Excellent communication and critical thinking skills"
"Charge Nurse","Prospect Medical Holdings","Springfield, MA","nursing",72697,86955,"per-diem",86,"2025-06-10","https://www.glassdoor.com/job-listing/charge-nurse-prospect-medical-holdings-JV_IC4325343.htm","• Valid Connecticut RN license or ability to obtain | • BSN preferred, ASN required | • 1-3 years of nursing experience preferred | • BLS and ACLS certification required | • Excellent communication and critical thinking skills"
"Float Pool Nurse","Day Kimball Hospital","Stamford, CT","nursing",89097,96512,"contract",93,"2025-06-23","https://careers.daykimballhospital.net/opportunities/2198","• Valid Connecticut RN license or ability to obtain | • BSN preferred, ASN required | • 1-3 years of nursing experience preferred | • BLS and ACLS certification required | • Excellent communication and critical thinking skills"
"Labor & Delivery Nurse","Hartford Hospital","White Plains, NY","nursing",85844,93370,"contract",93,"2025-06-16","https://jobs.hartfordhospital.com/apply/26461","• Valid Connecticut RN license or ability to obtain | • BSN preferred, ASN required | • 1-3 years of nursing experience preferred | • BLS and ACLS certification required | • Excellent communication and critical thinking skills"
"Oncology Nurse","Middlesex Hospital","New Haven, CT","nursing",74561,102858,"per-diem",85,"2025-06-12","https://jobs.middlesexhospital.com/apply/15902","• Valid Connecticut RN license or ability to obtain | • BSN preferred, ASN required | • 1-3 years of nursing experience preferred | • BLS and ACLS certification required | • Excellent communication and critical thinking skills"
"Float Pool Nurse","Griffin Hospital","White Plains, NY","nursing",75034,104762,"contract",91,"2025-06-20","https://careers.griffinhospital.org/job/652853","• Valid Connecticut RN license or ability to obtain | • BSN preferred, ASN required | • 1-3 years of nursing experience preferred | • BLS and ACLS certification required | • Excellent communication and critical thinking skills"
"Psychiatric Nurse","Bridgeport Hospital","Springfield, MA","nursing",96615,103713,"contract",94,"2025-06-22","https://healthcarejobs.com/ct/bridgeport-hospital/74432","• Valid Connecticut RN license or ability to obtain | • BSN preferred, ASN required | • 1-3 years of nursing experience preferred | • BLS and ACLS certification required | • Excellent communication and critical thinking skills"
"OR Nurse","Backus Hospital","Milford, CT","nursing",91065,98000,"full-time",91,"2025-06-17","https://healthcarejobs.com/ct/backus-hospital/88011","• Valid Connecticut RN license or ability to obtain | • BSN preferred, ASN required | • 1-3 years of nursing experience preferred | • BLS and ACLS certification required | • Excellent communication and critical thinking skills"
"OR Nurse","Hartford Hospital","Springfield, MA","nursing",90349,103802,"part-time",85,"2025-06-15","https://healthcarejobs.com/ct/hartford-hospital/42386","• Valid Connecticut RN license or ability to obtain | • BSN preferred, ASN required | • 1-3 years of nursing experience preferred | • BLS and ACLS certification required | • Excellent communication and critical thinking skills"
"Psychiatric Nurse","Charlotte Hungerford Hospital","New Britain, CT","nursing",72317,82767,"contract",91,"2025-06-20","https://careers.charlottehungerfordhospital.net/opportunities/6668","• Valid Connecticut RN license or ability to obtain | • BSN preferred, ASN required | • 1-3 years of nursing experience preferred | • BLS and ACLS certification required | • Excellent communication and critical thinking skills"
"Labor & Delivery Nurse","Day Kimball Hospital","Yonkers, NY","nursing",90676,96917,"full-time",95,"2025-06-23","https://www.glassdoor.com/job-listing/labor-&-delivery-nurse-day-kimball-hospital-JV_IC1365804.htm","• Valid Connecticut RN license or ability to obtain | • BSN preferred, ASN required | • 1-3 years of nursing experience preferred | • BLS and ACLS certification required | • Excellent communication and critical thinking skills"
"Travel Nurse","Prospect Medical Holdings","Meriden, CT","nursing",71100,104204,"contract",93,"2025-06-21","https://www.indeed.com/viewjob?jk=4983497374644568","• Valid Connecticut RN license or ability to obtain | • BSN preferred, ASN required | • 1-3 years of nursing experience preferred | • BLS and ACLS certification required | • Excellent communication and critical thinking skills"
"Float Pool Nurse","Griffin Hospital","Greenwich, CT","nursing",84550,100278,"full-time",89,"2025-06-18","https://www.indeed.com/viewjob?jk=1812750455257478","• Valid Connecticut RN license or ability to obtain | • BSN preferred, ASN required | • 1-3 years of nursing experience preferred | • BLS and ACLS certification required | • Excellent communication and critical thinking skills"
"Pediatric Nurse","Trinity Health","Norwich, CT","nursing",72514,94441,"contract",97,"2025-06-10","https://www.glassdoor.com/job-listing/pediatric-nurse-trinity-health-JV_IC8503919.htm","• Valid Connecticut RN license or ability to obtain | • BSN preferred, ASN required | • 1-3 years of nursing experience preferred | • BLS and ACLS certification required | • Excellent communication and critical thinking skills"
"ICU Nurse","Stamford Hospital","New Haven, CT","nursing",77026,91346,"contract",94,"2025-06-17","https://careers.stamfordhospital.net/opportunities/3443","• Valid Connecticut RN license or ability to obtain | • BSN preferred, ASN required | • 1-3 years of nursing experience preferred | • BLS and ACLS certification required | • Excellent communication and critical thinking skills"
"Travel Nurse","Charlotte Hungerford Hospital","West Haven, CT","nursing",82103,88171,"per-diem",93,"2025-06-11","https://careers.charlottehungerfordhospital.net/opportunities/5609","• Valid Connecticut RN license or ability to obtain | • BSN preferred, ASN required | • 1-3 years of nursing experience preferred | • BLS and ACLS certification required | • Excellent communication and critical thinking skills"
"Travel Nurse","Hospital of Central Connecticut","Bristol, CT","nursing",93040,98881,"per-diem",97,"2025-06-18","https://www.ziprecruiter.com/c/Hospital-of-Central-Connecticut/Jobs/378276","• Valid Connecticut RN license or ability to obtain | • BSN preferred, ASN required | • 1-3 years of nursing experience preferred | • BLS and ACLS certification required | • Excellent communication and critical thinking skills"
"Psychiatric Nurse","Backus Hospital","White Plains, NY","nursing",74376,95252,"full-time",98,"2025-06-19","https://www.glassdoor.com/job-listing/psychiatric-nurse-backus-hospital-JV_IC9528126.htm","• Valid Connecticut RN license or ability to obtain | • BSN preferred, ASN required | • 1-3 years of nursing experience preferred | • BLS and ACLS certification required | • Excellent communication and critical thinking skills"
"Travel Nurse","Hartford HealthCare","New Britain, CT","nursing",80751,95406,"full-time",78,"2025-06-17","https://healthcarejobs.com/ct/hartford-healthcare/85966","• Valid Connecticut RN license or ability to obtain | • BSN preferred, ASN required | • 1-3 years of nursing experience preferred | • BLS and ACLS certification required | • Excellent communication and critical thinking skills"
"Trauma Nurse","Trinity Health","Stamford, CT","nursing",89721,103860,"contract",83,"2025-06-23","https://www.glassdoor.com/job-listing/trauma-nurse-trinity-health-JV_IC7403134.htm","• Valid Connecticut RN license or ability to obtain | • BSN preferred, ASN required | • 1-3 years of nursing experience preferred | • BLS and ACLS certification required | • Excellent communication and critical thinking skills"
"Cardiac Nurse","Bridgeport Hospital","Yonkers, NY","nursing",73037,96463,"full-time",90,"2025-06-11","https://www.glassdoor.com/job-listing/cardiac-nurse-bridgeport-hospital-JV_IC4871707.htm","• Valid Connecticut RN license or ability to obtain | • BSN preferred, ASN required | • 1-3 years of nursing experience preferred | • BLS and ACLS certification required | • Excellent communication and critical thinking skills"
"ICU Nurse","Trinity Health","Norwalk, CT","nursing",71490,81586,"contract",98,"2025-06-19","https://www.glassdoor.com/job-listing/icu-nurse-trinity-health-JV_IC3732030.htm","• Valid Connecticut RN license or ability to obtain | • BSN preferred, ASN required | • 1-3 years of nursing experience preferred | • BLS and ACLS certification required | • Excellent communication and critical thinking skills"
"Pediatric Nurse","Danbury Hospital","Norwalk, CT","nursing",89438,94496,"per-diem",87,"2025-06-17","https://careers.danburyhospital.net/opportunities/9069","• Valid Connecticut RN license or ability to obtain | • BSN preferred, ASN required | • 1-3 years of nursing experience preferred | • BLS and ACLS certification required | • Excellent communication and critical thinking skills"
"Charge Nurse","Yale New Haven Hospital","Hartford, CT","nursing",87223,93788,"per-diem",83,"2025-06-18","https://careers.yalenewhavenhospital.net/opportunities/5856","• Valid Connecticut RN license or ability to obtain | • BSN preferred, ASN required | • 1-3 years of nursing experience preferred | • BLS and ACLS certification required | • Excellent communication and critical thinking skills"
"Psychiatric Nurse","Backus Hospital","Bridgeport, CT","nursing",80759,104669,"contract",82,"2025-06-20","https://careers.backushospital.net/opportunities/3203","• Valid Connecticut RN license or ability to obtain | • BSN preferred, ASN required | • 1-3 years of nursing experience preferred | • BLS and ACLS certification required | • Excellent communication and critical thinking skills"
"OR Nurse","Yale New Haven Hospital","Fairfield, CT","nursing",71810,96820,"full-time",85,"2025-06-20","https://www.ziprecruiter.com/c/Yale-New-Haven-Hospital/Jobs/333842","• Valid Connecticut RN license or ability to obtain | • BSN preferred, ASN required | • 1-3 years of nursing experience preferred | • BLS and ACLS certification required | • Excellent communication and critical thinking skills"
"Labor & Delivery Nurse","Day Kimball Hospital","Middletown, CT","nursing",70430,99882,"contract",96,"2025-06-16","https://healthcarejobs.com/ct/day-kimball-hospital/85348","• Valid Connecticut RN license or ability to obtain | • BSN preferred, ASN required | • 1-3 years of nursing experience preferred | • BLS and ACLS certification required | • Excellent communication and critical thinking skills"
"Pediatric Nurse","Charlotte Hungerford Hospital","Meriden, CT","nursing",93045,99727,"contract",81,"2025-06-23","https://healthcarejobs.com/ct/charlotte-hungerford-hospital/66342","• Valid Connecticut RN license or ability to obtain | • BSN preferred, ASN required | • 1-3 years of nursing experience preferred | • BLS and ACLS certification required | • Excellent communication and critical thinking skills"
"Registered Nurse - ICU","Day Kimball Hospital","Waterbury, CT","nursing",70180,101988,"part-time",95,"2025-06-14","https://www.ziprecruiter.com/c/Day-Kimball-Hospital/Jobs/145065","• Valid Connecticut RN license or ability to obtain | • BSN preferred, ASN required | • 1-3 years of nursing experience preferred | • BLS and ACLS certification required | • Excellent communication and critical thinking skills"
"Charge Nurse","Prospect Medical Holdings","Hartford, CT","nursing",93975,104897,"part-time",88,"2025-06-22","https://careers.prospectmedicalholdings.net/opportunities/9014","• Valid Connecticut RN license or ability to obtain | • BSN preferred, ASN required | • 1-3 years of nursing experience preferred | • BLS and ACLS certification required | • Excellent communication and critical thinking skills"
"Nurse Manager","Hartford HealthCare","Yonkers, NY","nursing",87570,96324,"full-time",98,"2025-06-09","https://careers.hartfordhealthcare.org/job/593644","• Valid Connecticut RN license or ability to obtain | • BSN preferred, ASN required | • 1-3 years of nursing experience preferred | • BLS and ACLS certification required | • Excellent communication and critical thinking skills"
"RN - Emergency Department","Middlesex Hospital","Danbury, CT","nursing",95735,103437,"per-diem",98,"2025-06-18","https://careers.middlesexhospital.org/job/388787","• Valid Connecticut RN license or ability to obtain | • BSN preferred, ASN required | • 1-3 years of nursing experience preferred | • BLS and ACLS certification required | • Excellent communication and critical thinking skills"
"Charge Nurse","Middlesex Hospital","White Plains, NY","nursing",75043,95988,"part-time",98,"2025-06-19","https://www.indeed.com/viewjob?jk=4535332889242795","• Valid Connecticut RN license or ability to obtain | • BSN preferred, ASN required | • 1-3 years of nursing experience preferred | • BLS and ACLS certification required | • Excellent communication and critical thinking skills"
"Labor & Delivery Nurse","Yale New Haven Hospital","Yonkers, NY","nursing",84561,96110,"per-diem",98,"2025-06-10","https://careers.yalenewhavenhospital.net/opportunities/4779","• Valid Connecticut RN license or ability to obtain | • BSN preferred, ASN required | • 1-3 years of nursing experience preferred | • BLS and ACLS certification required | • Excellent communication and critical thinking skills"
"Staff Nurse - Med/Surg","Middlesex Hospital","Greenwich, CT","nursing",88562,95209,"full-time",83,"2025-06-22","https://careers.middlesexhospital.net/opportunities/1948","• Valid Connecticut RN license or ability to obtain | • BSN preferred, ASN required | • 1-3 years of nursing experience preferred | • BLS and ACLS certification required | • Excellent communication and critical thinking skills"
"Registered Nurse - ICU","Yale New Haven Health System","Norwich, CT","nursing",76321,97952,"per-diem",88,"2025-06-10","https://careers.yalenewhavenhealthsystem.net/opportunities/3451","• Valid Connecticut RN license or ability to obtain | • BSN preferred, ASN required | • 1-3 years of nursing experience preferred | • BLS and ACLS certification required | • Excellent communication and critical thinking skills"
"Clinical Nurse Specialist","Griffin Hospital","Milford, CT","nursing",70864,94080,"contract",91,"2025-06-12","https://careers.griffinhospital.org/job/565653","• Valid Connecticut RN license or ability to obtain | • BSN preferred, ASN required | • 1-3 years of nursing experience preferred | • BLS and ACLS certification required | • Excellent communication and critical thinking skills"
"Registered Nurse - ICU","Hartford HealthCare","Bristol, CT","nursing",73796,93492,"per-diem",91,"2025-06-15","https://careers.hartfordhealthcare.org/job/850257","• Valid Connecticut RN license or ability to obtain | • BSN preferred, ASN required | • 1-3 years of nursing experience preferred | • BLS and ACLS certification required | • Excellent communication and critical thinking skills"
"Charge Nurse","Backus Hospital","Yonkers, NY","nursing",91413,103135,"per-diem",79,"2025-06-12","https://www.indeed.com/viewjob?jk=2146658664084918","• Valid Connecticut RN license or ability to obtain | • BSN preferred, ASN required | • 1-3 years of nursing experience preferred | • BLS and ACLS certification required | • Excellent communication and critical thinking skills"
"Labor & Delivery Nurse","Yale New Haven Health System","Fairfield, CT","nursing",91863,97438,"contract",90,"2025-06-14","https://careers.yalenewhavenhealthsystem.org/job/254029","• Valid Connecticut RN license or ability to obtain | • BSN preferred, ASN required | • 1-3 years of nursing experience preferred | • BLS and ACLS certification required | • Excellent communication and critical thinking skills"
"Labor & Delivery Nurse","Prospect Medical Holdings","New Britain, CT","nursing",86086,98479,"contract",94,"2025-06-20","https://careers.prospectmedicalholdings.net/opportunities/7083","• Valid Connecticut RN license or ability to obtain | • BSN preferred, ASN required | • 1-3 years of nursing experience preferred | • BLS and ACLS certification required | • Excellent communication and critical thinking skills"
"Nurse Manager","Danbury Hospital","Waterbury, CT","nursing",81922,89136,"per-diem",88,"2025-06-13","https://www.glassdoor.com/job-listing/nurse-manager-danbury-hospital-JV_IC9236595.htm","• Valid Connecticut RN license or ability to obtain | • BSN preferred, ASN required | • 1-3 years of nursing experience preferred | • BLS and ACLS certification required | • Excellent communication and critical thinking skills"
"ICU Nurse","Stamford Hospital","New Britain, CT","nursing",79070,103585,"full-time",90,"2025-06-14","https://healthcarejobs.com/ct/stamford-hospital/64983","• Valid Connecticut RN license or ability to obtain | • BSN preferred, ASN required | • 1-3 years of nursing experience preferred | • BLS and ACLS certification required | • Excellent communication and critical thinking skills"
"Float Pool Nurse","Danbury Hospital","Bridgeport, CT","nursing",89196,94518,"full-time",89,"2025-06-10","https://healthcarejobs.com/ct/danbury-hospital/18982","• Valid Connecticut RN license or ability to obtain | • BSN preferred, ASN required | • 1-3 years of nursing experience preferred | • BLS and ACLS certification required | • Excellent communication and critical thinking skills"
"NICU Nurse","St. Francis Hospital","Bridgeport, CT","nursing",96256,103185,"part-time",94,"2025-06-23","https://www.glassdoor.com/job-listing/nicu-nurse-st.-francis-hospital-JV_IC6408846.htm","• Valid Connecticut RN license or ability to obtain | • BSN preferred, ASN required | • 1-3 years of nursing experience preferred | • BLS and ACLS certification required | • Excellent communication and critical thinking skills"
"Psychiatric Nurse","Yale New Haven Hospital","Bridgeport, CT","nursing",86205,97757,"part-time",84,"2025-06-22","https://www.ziprecruiter.com/c/Yale-New-Haven-Hospital/Jobs/176316","• Valid Connecticut RN license or ability to obtain | • BSN preferred, ASN required | • 1-3 years of nursing experience preferred | • BLS and ACLS certification required | • Excellent communication and critical thinking skills"
"Staff Nurse - Med/Surg","Connecticut Children's Medical Center","West Haven, CT","nursing",80398,95597,"full-time",79,"2025-06-15","https://www.glassdoor.com/job-listing/staff-nurse---med/surg-connecticut-children's-medical-center-JV_IC5105605.htm","• Valid Connecticut RN license or ability to obtain | • BSN preferred, ASN required | • 1-3 years of nursing experience preferred | • BLS and ACLS certification required | • Excellent communication and critical thinking skills"
"Cardiac Nurse","Hartford Hospital","White Plains, NY","nursing",96197,101220,"full-time",85,"2025-06-23","https://www.indeed.com/viewjob?jk=1262508386890207","• Valid Connecticut RN license or ability to obtain | • BSN preferred, ASN required | • 1-3 years of nursing experience preferred | • BLS and ACLS certification required | • Excellent communication and critical thinking skills"
"RN - Emergency Department","Bridgeport Hospital","Norwalk, CT","nursing",90670,95962,"full-time",88,"2025-06-15","https://careers.bridgeporthospital.net/opportunities/9627","• Valid Connecticut RN license or ability to obtain | • BSN preferred, ASN required | • 1-3 years of nursing experience preferred | • BLS and ACLS certification required | • Excellent communication and critical thinking skills"
"RN - Emergency Department","Hartford Hospital","Bridgeport, CT","nursing",78392,97748,"part-time",80,"2025-06-09","https://jobs.hartfordhospital.com/apply/82699","• Valid Connecticut RN license or ability to obtain | • BSN preferred, ASN required | • 1-3 years of nursing experience preferred | • BLS and ACLS certification required | • Excellent communication and critical thinking skills"
"Staff Nurse - Med/Surg","Middlesex Hospital","Milford, CT","nursing",82187,104864,"full-time",93,"2025-06-19","https://www.ziprecruiter.com/c/Middlesex-Hospital/Jobs/815845","• Valid Connecticut RN license or ability to obtain | • BSN preferred, ASN required | • 1-3 years of nursing experience preferred | • BLS and ACLS certification required | • Excellent communication and critical thinking skills"
"Labor & Delivery Nurse","Trinity Health","Fairfield, CT","nursing",72006,92562,"full-time",85,"2025-06-23","https://careers.trinityhealth.org/job/485062","• Valid Connecticut RN license or ability to obtain | • BSN preferred, ASN required | • 1-3 years of nursing experience preferred | • BLS and ACLS certification required | • Excellent communication and critical thinking skills"
"Staff Nurse - Med/Surg","Yale New Haven Hospital","Bridgeport, CT","nursing",88755,103656,"contract",84,"2025-06-14","https://www.ziprecruiter.com/c/Yale-New-Haven-Hospital/Jobs/319830","• Valid Connecticut RN license or ability to obtain | • BSN preferred, ASN required | • 1-3 years of nursing experience preferred | • BLS and ACLS certification required | • Excellent communication and critical thinking skills"
"Nurse Manager","Yale New Haven Health System","Waterbury, CT","nursing",82695,96117,"per-diem",84,"2025-06-16","https://healthcarejobs.com/ct/yale-new-haven-health-system/28637","• Valid Connecticut RN license or ability to obtain | • BSN preferred, ASN required | • 1-3 years of nursing experience preferred | • BLS and ACLS certification required | • Excellent communication and critical thinking skills"
"Cardiac Nurse","Charlotte Hungerford Hospital","Norwalk, CT","nursing",89819,97955,"part-time",97,"2025-06-09","https://www.glassdoor.com/job-listing/cardiac-nurse-charlotte-hungerford-hospital-JV_IC2130411.htm","• Valid Connecticut RN license or ability to obtain | • BSN preferred, ASN required | • 1-3 years of nursing experience preferred | • BLS and ACLS certification required | • Excellent communication and critical thinking skills"
"Clinical Nurse Specialist","Danbury Hospital","Hartford, CT","nursing",91834,101063,"full-time",86,"2025-06-10","https://www.glassdoor.com/job-listing/clinical-nurse-specialist-danbury-hospital-JV_IC4670805.htm","• Valid Connecticut RN license or ability to obtain | • BSN preferred, ASN required | • 1-3 years of nursing experience preferred | • BLS and ACLS certification required | • Excellent communication and critical thinking skills"
"Nurse Manager","Middlesex Hospital","Norwich, CT","nursing",71144,94525,"full-time",98,"2025-06-09","https://jobs.middlesexhospital.com/apply/59107","• Valid Connecticut RN license or ability to obtain | • BSN preferred, ASN required | • 1-3 years of nursing experience preferred | • BLS and ACLS certification required | • Excellent communication and critical thinking skills"
"Labor & Delivery Nurse","Griffin Hospital","Stamford, CT","nursing",72089,82516,"per-diem",85,"2025-06-11","https://jobs.griffinhospital.com/apply/89635","• Valid Connecticut RN license or ability to obtain | • BSN preferred, ASN required | • 1-3 years of nursing experience preferred | • BLS and ACLS certification required | • Excellent communication and critical thinking skills"
"RN - Emergency Department","Middlesex Hospital","Providence, RI","nursing",78389,98900,"contract",88,"2025-06-22","https://www.indeed.com/viewjob?jk=6713378729469350","• Valid Connecticut RN license or ability to obtain | • BSN preferred, ASN required | • 1-3 years of nursing experience preferred | • BLS and ACLS certification required | • Excellent communication and critical thinking skills"
"NICU Nurse","Hospital of Central Connecticut","Greenwich, CT","nursing",80198,85283,"contract",95,"2025-06-13","https://www.glassdoor.com/job-listing/nicu-nurse-hospital-of-central-connecticut-JV_IC9480744.htm","• Valid Connecticut RN license or ability to obtain | • BSN preferred, ASN required | • 1-3 years of nursing experience preferred | • BLS and ACLS certification required | • Excellent communication and critical thinking skills"
"Charge Nurse","Yale New Haven Hospital","New Britain, CT","nursing",95817,101351,"full-time",79,"2025-06-22","https://careers.yalenewhavenhospital.net/opportunities/2154","• Valid Connecticut RN license or ability to obtain | • BSN preferred, ASN required | • 1-3 years of nursing experience preferred | • BLS and ACLS certification required | • Excellent communication and critical thinking skills"
"Cardiac Nurse","Connecticut Children's Medical Center","Danbury, CT","nursing",72640,103875,"per-diem",96,"2025-06-13","https://healthcarejobs.com/ct/connecticut-children's-medical-center/18651","• Valid Connecticut RN license or ability to obtain | • BSN preferred, ASN required | • 1-3 years of nursing experience preferred | • BLS and ACLS certification required | • Excellent communication and critical thinking skills"
"Trauma Nurse","Yale New Haven Hospital","White Plains, NY","nursing",88219,98534,"per-diem",82,"2025-06-18","https://jobs.yalenewhavenhospital.com/apply/39234","• Valid Connecticut RN license or ability to obtain | • BSN preferred, ASN required | • 1-3 years of nursing experience preferred | • BLS and ACLS certification required | • Excellent communication and critical thinking skills"
"Trauma Nurse","Yale New Haven Health System","Norwich, CT","nursing",96251,104552,"part-time",82,"2025-06-11","https://healthcarejobs.com/ct/yale-new-haven-health-system/79745","• Valid Connecticut RN license or ability to obtain | • BSN preferred, ASN required | • 1-3 years of nursing experience preferred | • BLS and ACLS certification required | • Excellent communication and critical thinking skills"
"Travel Nurse","Backus Hospital","Fairfield, CT","nursing",89422,101451,"part-time",85,"2025-06-12","https://healthcarejobs.com/ct/backus-hospital/55216","• Valid Connecticut RN license or ability to obtain | • BSN preferred, ASN required | • 1-3 years of nursing experience preferred | • BLS and ACLS certification required | • Excellent communication and critical thinking skills"
"Clinical Nurse Specialist","Norwalk Hospital","Milford, CT","nursing",76644,92750,"part-time",78,"2025-06-22","https://careers.norwalkhospital.org/job/246458","• Valid Connecticut RN license or ability to obtain | • BSN preferred, ASN required | • 1-3 years of nursing experience preferred | • BLS and ACLS certification required | • Excellent communication and critical thinking skills"
"NICU Nurse","Hartford Hospital","Stamford, CT","nursing",90530,104924,"full-time",91,"2025-06-19","https://www.ziprecruiter.com/c/Hartford-Hospital/Jobs/782335","• Valid Connecticut RN license or ability to obtain | • BSN preferred, ASN required | • 1-3 years of nursing experience preferred | • BLS and ACLS certification required | • Excellent communication and critical thinking skills"
"Psychiatric Nurse","Prospect Medical Holdings","Milford, CT","nursing",93802,102224,"contract",94,"2025-06-13","https://jobs.prospectmedicalholdings.com/apply/66000","• Valid Connecticut RN license or ability to obtain | • BSN preferred, ASN required | • 1-3 years of nursing experience preferred | • BLS and ACLS certification required | • Excellent communication and critical thinking skills"
"OR Nurse","Stamford Hospital","New Britain, CT","nursing",79736,90632,"contract",78,"2025-06-21","https://www.ziprecruiter.com/c/Stamford-Hospital/Jobs/396837","• Valid Connecticut RN license or ability to obtain | • BSN preferred, ASN required | • 1-3 years of nursing experience preferred | • BLS and ACLS certification required | • Excellent communication and critical thinking skills"
"Pediatric Nurse","Middlesex Hospital","Providence, RI","nursing",87731,98190,"contract",97,"2025-06-19","https://healthcarejobs.com/ct/middlesex-hospital/10617","• Valid Connecticut RN license or ability to obtain | • BSN preferred, ASN required | • 1-3 years of nursing experience preferred | • BLS and ACLS certification required | • Excellent communication and critical thinking skills"
"Labor & Delivery Nurse","Hartford HealthCare","West Haven, CT","nursing",94976,101103,"per-diem",88,"2025-06-14","https://www.ziprecruiter.com/c/Hartford-HealthCare/Jobs/865945","• Valid Connecticut RN license or ability to obtain | • BSN preferred, ASN required | • 1-3 years of nursing experience preferred | • BLS and ACLS certification required | • Excellent communication and critical thinking skills"
"Trauma Nurse","Day Kimball Hospital","Springfield, MA","nursing",94227,104378,"full-time",88,"2025-06-13","https://careers.daykimballhospital.org/job/442741","• Valid Connecticut RN license or ability to obtain | • BSN preferred, ASN required | • 1-3 years of nursing experience preferred | • BLS and ACLS certification required | • Excellent communication and critical thinking skills"
"Trauma Nurse","Yale New Haven Health System","Bristol, CT","nursing",75246,84993,"part-time",98,"2025-06-10","https://careers.yalenewhavenhealthsystem.org/job/210177","• Valid Connecticut RN license or ability to obtain | • BSN preferred, ASN required | • 1-3 years of nursing experience preferred | • BLS and ACLS certification required | • Excellent communication and critical thinking skills"
"Float Pool Nurse","Stamford Hospital","West Haven, CT","nursing",90943,100519,"contract",86,"2025-06-15","https://healthcarejobs.com/ct/stamford-hospital/42691","• Valid Connecticut RN license or ability to obtain | • BSN preferred, ASN required | • 1-3 years of nursing experience preferred | • BLS and ACLS certification required | • Excellent communication and critical thinking skills"
"Oncology Nurse","Yale New Haven Hospital","Danbury, CT","nursing",96039,102544,"contract",93,"2025-06-12","https://healthcarejobs.com/ct/yale-new-haven-hospital/58561","• Valid Connecticut RN license or ability to obtain | • BSN preferred, ASN required | • 1-3 years of nursing experience preferred | • BLS and ACLS certification required | • Excellent communication and critical thinking skills"
"Pediatric Nurse","Connecticut Children's Medical Center","Milford, CT","nursing",70108,86249,"contract",97,"2025-06-20","https://www.glassdoor.com/job-listing/pediatric-nurse-connecticut-children's-medical-center-JV_IC1346224.htm","• Valid Connecticut RN license or ability to obtain | • BSN preferred, ASN required | • 1-3 years of nursing experience preferred | • BLS and ACLS certification required | • Excellent communication and critical thinking skills"
"RN - Emergency Department","Charlotte Hungerford Hospital","Stamford, CT","nursing",90302,104454,"per-diem",79,"2025-06-22","https://www.glassdoor.com/job-listing/rn---emergency-department-charlotte-hungerford-hospital-JV_IC7638816.htm","• Valid Connecticut RN license or ability to obtain | • BSN preferred, ASN required | • 1-3 years of nursing experience preferred | • BLS and ACLS certification required | • Excellent communication and critical thinking skills"
"Nurse Manager","Hospital of Central Connecticut","Bridgeport, CT","nursing",80245,97272,"part-time",95,"2025-06-12","https://healthcarejobs.com/ct/hospital-of-central-connecticut/37627","• Valid Connecticut RN license or ability to obtain | • BSN preferred, ASN required | • 1-3 years of nursing experience preferred | • BLS and ACLS certification required | • Excellent communication and critical thinking skills"
"Float Pool Nurse","Hartford Hospital","Hartford, CT","nursing",91276,96354,"contract",85,"2025-06-23","https://www.glassdoor.com/job-listing/float-pool-nurse-hartford-hospital-JV_IC4249230.htm","• Valid Connecticut RN license or ability to obtain | • BSN preferred, ASN required | • 1-3 years of nursing experience preferred | • BLS and ACLS certification required | • Excellent communication and critical thinking skills"
"Registered Nurse - ICU","Hospital of Central Connecticut","Hartford, CT","nursing",80516,91389,"per-diem",96,"2025-06-18","https://careers.hospitalofcentralconnecticut.net/opportunities/2587","• Valid Connecticut RN license or ability to obtain | • BSN preferred, ASN required | • 1-3 years of nursing experience preferred | • BLS and ACLS certification required | • Excellent communication and critical thinking skills"
"RN - Emergency Department","Griffin Hospital","Waterbury, CT","nursing",90716,99736,"full-time",90,"2025-06-10","https://careers.griffinhospital.net/opportunities/1430","• Valid Connecticut RN license or ability to obtain | • BSN preferred, ASN required | • 1-3 years of nursing experience preferred | • BLS and ACLS certification required | • Excellent communication and critical thinking skills"
"Trauma Nurse","Connecticut Children's Medical Center","Waterbury, CT","nursing",96173,103263,"contract",83,"2025-06-21","https://healthcarejobs.com/ct/connecticut-children's-medical-center/23395","• Valid Connecticut RN license or ability to obtain | • BSN preferred, ASN required | • 1-3 years of nursing experience preferred | • BLS and ACLS certification required | • Excellent communication and critical thinking skills"
"Cardiac Nurse","Hartford Hospital","Stamford, CT","nursing",84002,90017,"per-diem",91,"2025-06-19","https://www.glassdoor.com/job-listing/cardiac-nurse-hartford-hospital-JV_IC5578740.htm","• Valid Connecticut RN license or ability to obtain | • BSN preferred, ASN required | • 1-3 years of nursing experience preferred | • BLS and ACLS certification required | • Excellent communication and critical thinking skills"
"Trauma Nurse","Danbury Hospital","White Plains, NY","nursing",82999,88016,"contract",81,"2025-06-13","https://www.glassdoor.com/job-listing/trauma-nurse-danbury-hospital-JV_IC2823688.htm","• Valid Connecticut RN license or ability to obtain | • BSN preferred, ASN required | • 1-3 years of nursing experience preferred | • BLS and ACLS certification required | • Excellent communication and critical thinking skills"
"Charge Nurse","Day Kimball Hospital","Meriden, CT","nursing",90549,96220,"contract",86,"2025-06-21","https://www.indeed.com/viewjob?jk=1653921535152828","• Valid Connecticut RN license or ability to obtain | • BSN preferred, ASN required | • 1-3 years of nursing experience preferred | • BLS and ACLS certification required | • Excellent communication and critical thinking skills"
"ICU Nurse","Yale New Haven Hospital","Danbury, CT","nursing",82740,93146,"contract",94,"2025-06-11","https://jobs.yalenewhavenhospital.com/apply/47998","• Valid Connecticut RN license or ability to obtain | • BSN preferred, ASN required | • 1-3 years of nursing experience preferred | • BLS and ACLS certification required | • Excellent communication and critical thinking skills"
"Cardiac Nurse","Yale New Haven Health System","Greenwich, CT","nursing",84403,95867,"per-diem",88,"2025-06-12","https://www.glassdoor.com/job-listing/cardiac-nurse-yale-new-haven-health-system-JV_IC9794436.htm","• Valid Connecticut RN license or ability to obtain | • BSN preferred, ASN required | • 1-3 years of nursing experience preferred | • BLS and ACLS certification required | • Excellent communication and critical thinking skills"
"ICU Nurse","Stamford Hospital","Norwalk, CT","nursing",80419,101573,"contract",86,"2025-06-12","https://www.ziprecruiter.com/c/Stamford-Hospital/Jobs/749882","• Valid Connecticut RN license or ability to obtain | • BSN preferred, ASN required | • 1-3 years of nursing experience preferred | • BLS and ACLS certification required | • Excellent communication and critical thinking skills"
"Oncology Nurse","Bridgeport Hospital","Fairfield, CT","nursing",79263,91608,"per-diem",97,"2025-06-18","https://careers.bridgeporthospital.net/opportunities/2143","• Valid Connecticut RN license or ability to obtain | • BSN preferred, ASN required | • 1-3 years of nursing experience preferred | • BLS and ACLS certification required | • Excellent communication and critical thinking skills"
"ICU Nurse","Norwalk Hospital","Hartford, CT","nursing",90648,96141,"full-time",91,"2025-06-20","https://careers.norwalkhospital.net/opportunities/9901","• Valid Connecticut RN license or ability to obtain | • BSN preferred, ASN required | • 1-3 years of nursing experience preferred | • BLS and ACLS certification required | • Excellent communication and critical thinking skills"
"Staff Nurse - Med/Surg","Hartford HealthCare","White Plains, NY","nursing",70451,81670,"full-time",82,"2025-06-19","https://jobs.hartfordhealthcare.com/apply/30001","• Valid Connecticut RN license or ability to obtain | • BSN preferred, ASN required | • 1-3 years of nursing experience preferred | • BLS and ACLS certification required | • Excellent communication and critical thinking skills"
"Trauma Nurse","Yale New Haven Health System","Fairfield, CT","nursing",75155,80444,"part-time",91,"2025-06-15","https://healthcarejobs.com/ct/yale-new-haven-health-system/27487","• Valid Connecticut RN license or ability to obtain | • BSN preferred, ASN required | • 1-3 years of nursing experience preferred | • BLS and ACLS certification required | • Excellent communication and critical thinking skills"
"Clinical Nurse Specialist","St. Francis Hospital","Stamford, CT","nursing",74305,94729,"part-time",92,"2025-06-12","https://jobs.st.francishospital.com/apply/31362","• Valid Connecticut RN license or ability to obtain | • BSN preferred, ASN required | • 1-3 years of nursing experience preferred | • BLS and ACLS certification required | • Excellent communication and critical thinking skills"
"Oncology Nurse","Trinity Health","New Britain, CT","nursing",76156,94665,"per-diem",91,"2025-06-11","https://careers.trinityhealth.org/job/811415","• Valid Connecticut RN license or ability to obtain | • BSN preferred, ASN required | • 1-3 years of nursing experience preferred | • BLS and ACLS certification required | • Excellent communication and critical thinking skills"
"Psychiatric Nurse","Norwalk Hospital","Greenwich, CT","nursing",90011,99074,"per-diem",81,"2025-06-11","https://healthcarejobs.com/ct/norwalk-hospital/67866","• Valid Connecticut RN license or ability to obtain | • BSN preferred, ASN required | • 1-3 years of nursing experience preferred | • BLS and ACLS certification required | • Excellent communication and critical thinking skills"
"OR Nurse","Prospect Medical Holdings","Yonkers, NY","nursing",80236,96945,"full-time",80,"2025-06-12","https://careers.prospectmedicalholdings.net/opportunities/2880","• Valid Connecticut RN license or ability to obtain | • BSN preferred, ASN required | • 1-3 years of nursing experience preferred | • BLS and ACLS certification required | • Excellent communication and critical thinking skills"
"Travel Nurse","Hartford HealthCare","Providence, RI","nursing",84513,90952,"full-time",90,"2025-06-20","https://careers.hartfordhealthcare.net/opportunities/4543","• Valid Connecticut RN license or ability to obtain | • BSN preferred, ASN required | • 1-3 years of nursing experience preferred | • BLS and ACLS certification required | • Excellent communication and critical thinking skills"
"Float Pool Nurse","Hartford Hospital","Waterbury, CT","nursing",84686,94317,"per-diem",90,"2025-06-15","https://www.ziprecruiter.com/c/Hartford-Hospital/Jobs/275474","• Valid Connecticut RN license or ability to obtain | • BSN preferred, ASN required | • 1-3 years of nursing experience preferred | • BLS and ACLS certification required | • Excellent communication and critical thinking skills"
"Labor & Delivery Nurse","Trinity Health","Stamford, CT","nursing",81874,87005,"per-diem",95,"2025-06-20","https://www.indeed.com/viewjob?jk=8100179165040423","• Valid Connecticut RN license or ability to obtain | • BSN preferred, ASN required | • 1-3 years of nursing experience preferred | • BLS and ACLS certification required | • Excellent communication and critical thinking skills"
"Labor & Delivery Nurse","Prospect Medical Holdings","Danbury, CT","nursing",91236,101283,"contract",91,"2025-06-09","https://www.glassdoor.com/job-listing/labor-&-delivery-nurse-prospect-medical-holdings-JV_IC5392349.htm","• Valid Connecticut RN license or ability to obtain | • BSN preferred, ASN required | • 1-3 years of nursing experience preferred | • BLS and ACLS certification required | • Excellent communication and critical thinking skills"
"Staff Nurse - Med/Surg","Danbury Hospital","Providence, RI","nursing",96203,101732,"per-diem",86,"2025-06-21","https://www.indeed.com/viewjob?jk=8677803123371017","• Valid Connecticut RN license or ability to obtain | • BSN preferred, ASN required | • 1-3 years of nursing experience preferred | • BLS and ACLS certification required | • Excellent communication and critical thinking skills"
"Staff Nurse - Med/Surg","Norwalk Hospital","Bristol, CT","nursing",95681,104121,"full-time",94,"2025-06-18","https://jobs.norwalkhospital.com/apply/72822","• Valid Connecticut RN license or ability to obtain | • BSN preferred, ASN required | • 1-3 years of nursing experience preferred | • BLS and ACLS certification required | • Excellent communication and critical thinking skills"
"Oncology Nurse","Middlesex Hospital","New Haven, CT","nursing",88974,101530,"contract",94,"2025-06-18","https://jobs.middlesexhospital.com/apply/57095","• Valid Connecticut RN license or ability to obtain | • BSN preferred, ASN required | • 1-3 years of nursing experience preferred | • BLS and ACLS certification required | • Excellent communication and critical thinking skills"
"Nurse Manager","Hartford HealthCare","New Haven, CT","nursing",85622,91189,"part-time",97,"2025-06-22","https://www.ziprecruiter.com/c/Hartford-HealthCare/Jobs/833686","• Valid Connecticut RN license or ability to obtain | • BSN preferred, ASN required | • 1-3 years of nursing experience preferred | • BLS and ACLS certification required | • Excellent communication and critical thinking skills"
"RN - Emergency Department","Middlesex Hospital","Waterbury, CT","nursing",74699,102882,"per-diem",96,"2025-06-15","https://careers.middlesexhospital.net/opportunities/2395","• Valid Connecticut RN license or ability to obtain | • BSN preferred, ASN required | • 1-3 years of nursing experience preferred | • BLS and ACLS certification required | • Excellent communication and critical thinking skills"
"Cardiac Nurse","Middlesex Hospital","New Haven, CT","nursing",88257,101634,"part-time",79,"2025-06-11","https://healthcarejobs.com/ct/middlesex-hospital/30491","• Valid Connecticut RN license or ability to obtain | • BSN preferred, ASN required | • 1-3 years of nursing experience preferred | • BLS and ACLS certification required | • Excellent communication and critical thinking skills"
"Staff Nurse - Med/Surg","Griffin Hospital","Fairfield, CT","nursing",96909,103841,"part-time",88,"2025-06-21","https://careers.griffinhospital.org/job/155224","• Valid Connecticut RN license or ability to obtain | • BSN preferred, ASN required | • 1-3 years of nursing experience preferred | • BLS and ACLS certification required | • Excellent communication and critical thinking skills"
"Psychiatric Nurse","Connecticut Children's Medical Center","Waterbury, CT","nursing",94839,102461,"part-time",95,"2025-06-09","https://careers.connecticutchildrensmedicalcenter.net/opportunities/7290","• Valid Connecticut RN license or ability to obtain | • BSN preferred, ASN required | • 1-3 years of nursing experience preferred | • BLS and ACLS certification required | • Excellent communication and critical thinking skills"
"Float Pool Nurse","St. Francis Hospital","Norwalk, CT","nursing",73067,101697,"part-time",88,"2025-06-22","https://www.ziprecruiter.com/c/St.-Francis-Hospital/Jobs/163915","• Valid Connecticut RN license or ability to obtain | • BSN preferred, ASN required | • 1-3 years of nursing experience preferred | • BLS and ACLS certification required | • Excellent communication and critical thinking skills"
"Trauma Nurse","Trinity Health","White Plains, NY","nursing",87809,99277,"per-diem",90,"2025-06-13","https://www.ziprecruiter.com/c/Trinity-Health/Jobs/692499","• Valid Connecticut RN license or ability to obtain | • BSN preferred, ASN required | • 1-3 years of nursing experience preferred | • BLS and ACLS certification required | • Excellent communication and critical thinking skills"
"Oncology Nurse","Yale New Haven Hospital","Danbury, CT","nursing",81918,90096,"per-diem",88,"2025-06-15","https://careers.yalenewhavenhospital.org/job/797456","• Valid Connecticut RN license or ability to obtain | • BSN preferred, ASN required | • 1-3 years of nursing experience preferred | • BLS and ACLS certification required | • Excellent communication and critical thinking skills"
"Nurse Manager","Griffin Hospital","Providence, RI","nursing",94125,99209,"contract",85,"2025-06-18","https://www.glassdoor.com/job-listing/nurse-manager-griffin-hospital-JV_IC2468902.htm","• Valid Connecticut RN license or ability to obtain | • BSN preferred, ASN required | • 1-3 years of nursing experience preferred | • BLS and ACLS certification required | • Excellent communication and critical thinking skills"
"Nurse Manager","Middlesex Hospital","Waterbury, CT","nursing",86710,99054,"part-time",93,"2025-06-21","https://careers.middlesexhospital.org/job/437586","• Valid Connecticut RN license or ability to obtain | • BSN preferred, ASN required | • 1-3 years of nursing experience preferred | • BLS and ACLS certification required | • Excellent communication and critical thinking skills"
"Oncology Nurse","Backus Hospital","Milford, CT","nursing",76853,85644,"part-time",83,"2025-06-17","https://jobs.backushospital.com/apply/66589","• Valid Connecticut RN license or ability to obtain | • BSN preferred, ASN required | • 1-3 years of nursing experience preferred | • BLS and ACLS certification required | • Excellent communication and critical thinking skills"
"OR Nurse","Yale New Haven Health System","Meriden, CT","nursing",77207,98270,"full-time",91,"2025-06-16","https://careers.yalenewhavenhealthsystem.org/job/362560","• Valid Connecticut RN license or ability to obtain | • BSN preferred, ASN required | • 1-3 years of nursing experience preferred | • BLS and ACLS certification required | • Excellent communication and critical thinking skills"
"Trauma Nurse","Connecticut Children's Medical Center","Middletown, CT","nursing",84797,92199,"part-time",82,"2025-06-17","https://jobs.connecticutchildrensmedicalcenter.com/apply/77075","• Valid Connecticut RN license or ability to obtain | • BSN preferred, ASN required | • 1-3 years of nursing experience preferred | • BLS and ACLS certification required | • Excellent communication and critical thinking skills"
"NICU Nurse","Charlotte Hungerford Hospital","Fairfield, CT","nursing",74369,97507,"full-time",91,"2025-06-16","https://www.glassdoor.com/job-listing/nicu-nurse-charlotte-hungerford-hospital-JV_IC7723783.htm","• Valid Connecticut RN license or ability to obtain | • BSN preferred, ASN required | • 1-3 years of nursing experience preferred | • BLS and ACLS certification required | • Excellent communication and critical thinking skills"
"Cardiac Nurse","Danbury Hospital","Norwich, CT","nursing",80563,94397,"part-time",94,"2025-06-16","https://careers.danburyhospital.org/job/426147","• Valid Connecticut RN license or ability to obtain | • BSN preferred, ASN required | • 1-3 years of nursing experience preferred | • BLS and ACLS certification required | • Excellent communication and critical thinking skills"
"OR Nurse","St. Francis Hospital","Springfield, MA","nursing",87267,96321,"part-time",89,"2025-06-13","https://www.ziprecruiter.com/c/St.-Francis-Hospital/Jobs/496007","• Valid Connecticut RN license or ability to obtain | • BSN preferred, ASN required | • 1-3 years of nursing experience preferred | • BLS and ACLS certification required | • Excellent communication and critical thinking skills"
"OR Nurse","Connecticut Children's Medical Center","New Haven, CT","nursing",86692,96269,"per-diem",79,"2025-06-21","https://careers.connecticutchildrensmedicalcenter.net/opportunities/3333","• Valid Connecticut RN license or ability to obtain | • BSN preferred, ASN required | • 1-3 years of nursing experience preferred | • BLS and ACLS certification required | • Excellent communication and critical thinking skills"
"RN - Emergency Department","Stamford Hospital","Bridgeport, CT","nursing",71861,102325,"per-diem",93,"2025-06-18","https://healthcarejobs.com/ct/stamford-hospital/71229","• Valid Connecticut RN license or ability to obtain | • BSN preferred, ASN required | • 1-3 years of nursing experience preferred | • BLS and ACLS certification required | • Excellent communication and critical thinking skills"
"NICU Nurse","Griffin Hospital","Meriden, CT","nursing",83456,99082,"contract",95,"2025-06-09","https://jobs.griffinhospital.com/apply/30927","• Valid Connecticut RN license or ability to obtain | • BSN preferred, ASN required | • 1-3 years of nursing experience preferred | • BLS and ACLS certification required | • Excellent communication and critical thinking skills"
"Psychiatric Nurse","Stamford Hospital","Bristol, CT","nursing",88784,101954,"contract",93,"2025-06-18","https://healthcarejobs.com/ct/stamford-hospital/52700","• Valid Connecticut RN license or ability to obtain | • BSN preferred, ASN required | • 1-3 years of nursing experience preferred | • BLS and ACLS certification required | • Excellent communication and critical thinking skills"
"Nurse Manager","Bridgeport Hospital","Stamford, CT","nursing",74801,96126,"contract",91,"2025-06-16","https://www.indeed.com/viewjob?jk=1522426402626594","• Valid Connecticut RN license or ability to obtain | • BSN preferred, ASN required | • 1-3 years of nursing experience preferred | • BLS and ACLS certification required | • Excellent communication and critical thinking skills"
"NICU Nurse","Bridgeport Hospital","Bridgeport, CT","nursing",81142,91899,"contract",90,"2025-06-10","https://healthcarejobs.com/ct/bridgeport-hospital/73447","• Valid Connecticut RN license or ability to obtain | • BSN preferred, ASN required | • 1-3 years of nursing experience preferred | • BLS and ACLS certification required | • Excellent communication and critical thinking skills"
"Oncology Nurse","Prospect Medical Holdings","Bridgeport, CT","nursing",88181,99464,"part-time",84,"2025-06-20","https://careers.prospectmedicalholdings.net/opportunities/7850","• Valid Connecticut RN license or ability to obtain | • BSN preferred, ASN required | • 1-3 years of nursing experience preferred | • BLS and ACLS certification required | • Excellent communication and critical thinking skills"
"ICU Nurse","Yale New Haven Health System","Fairfield, CT","nursing",83553,94759,"per-diem",79,"2025-06-19","https://www.ziprecruiter.com/c/Yale-New-Haven-Health-System/Jobs/799801","• Valid Connecticut RN license or ability to obtain | • BSN preferred, ASN required | • 1-3 years of nursing experience preferred | • BLS and ACLS certification required | • Excellent communication and critical thinking skills"
"Float Pool Nurse","Stamford Hospital","Bristol, CT","nursing",91554,101201,"per-diem",91,"2025-06-17","https://jobs.stamfordhospital.com/apply/35391","• Valid Connecticut RN license or ability to obtain | • BSN preferred, ASN required | • 1-3 years of nursing experience preferred | • BLS and ACLS certification required | • Excellent communication and critical thinking skills"
"Cardiac Nurse","Stamford Hospital","White Plains, NY","nursing",78500,86455,"contract",83,"2025-06-17","https://www.indeed.com/viewjob?jk=8596909782968377","• Valid Connecticut RN license or ability to obtain | • BSN preferred, ASN required | • 1-3 years of nursing experience preferred | • BLS and ACLS certification required | • Excellent communication and critical thinking skills"
"Nurse Manager","St. Francis Hospital","Bristol, CT","nursing",88664,101594,"contract",88,"2025-06-12","https://www.ziprecruiter.com/c/St.-Francis-Hospital/Jobs/799450","• Valid Connecticut RN license or ability to obtain | • BSN preferred, ASN required | • 1-3 years of nursing experience preferred | • BLS and ACLS certification required | • Excellent communication and critical thinking skills"
"Cardiac Nurse","Day Kimball Hospital","West Haven, CT","nursing",87052,96631,"contract",79,"2025-06-14","https://careers.daykimballhospital.net/opportunities/3292","• Valid Connecticut RN license or ability to obtain | • BSN preferred, ASN required | • 1-3 years of nursing experience preferred | • BLS and ACLS certification required | • Excellent communication and critical thinking skills"
"NICU Nurse","St. Francis Hospital","New Haven, CT","nursing",72206,103570,"contract",92,"2025-06-15","https://careers.st.francishospital.net/opportunities/7793","• Valid Connecticut RN license or ability to obtain | • BSN preferred, ASN required | • 1-3 years of nursing experience preferred | • BLS and ACLS certification required | • Excellent communication and critical thinking skills"
"Float Pool Nurse","Prospect Medical Holdings","Stamford, CT","nursing",71949,80179,"part-time",83,"2025-06-17","https://www.indeed.com/viewjob?jk=3268804520718954","• Valid Connecticut RN license or ability to obtain | • BSN preferred, ASN required | • 1-3 years of nursing experience preferred | • BLS and ACLS certification required | • Excellent communication and critical thinking skills"
"ICU Nurse","Hospital of Central Connecticut","New Haven, CT","nursing",74162,101479,"contract",88,"2025-06-16","https://www.glassdoor.com/job-listing/icu-nurse-hospital-of-central-connecticut-JV_IC8659493.htm","• Valid Connecticut RN license or ability to obtain | • BSN preferred, ASN required | • 1-3 years of nursing experience preferred | • BLS and ACLS certification required | • Excellent communication and critical thinking skills"
"Pediatric Nurse","Day Kimball Hospital","Hartford, CT","nursing",70087,99459,"full-time",86,"2025-06-11","https://www.indeed.com/viewjob?jk=7217981748706842","• Valid Connecticut RN license or ability to obtain | • BSN preferred, ASN required | • 1-3 years of nursing experience preferred | • BLS and ACLS certification required | • Excellent communication and critical thinking skills"
"OR Nurse","Charlotte Hungerford Hospital","Norwalk, CT","nursing",88997,99285,"full-time",83,"2025-06-22","https://www.glassdoor.com/job-listing/or-nurse-charlotte-hungerford-hospital-JV_IC6890484.htm","• Valid Connecticut RN license or ability to obtain | • BSN preferred, ASN required | • 1-3 years of nursing experience preferred | • BLS and ACLS certification required | • Excellent communication and critical thinking skills"
"Pediatric Nurse","Connecticut Children's Medical Center","New Haven, CT","nursing",75580,88434,"part-time",94,"2025-06-17","https://jobs.connecticutchildrensmedicalcenter.com/apply/97349","• Valid Connecticut RN license or ability to obtain | • BSN preferred, ASN required | • 1-3 years of nursing experience preferred | • BLS and ACLS certification required | • Excellent communication and critical thinking skills"
"Labor & Delivery Nurse","Trinity Health","Yonkers, NY","nursing",94264,103624,"part-time",85,"2025-06-15","https://careers.trinityhealth.net/opportunities/8207","• Valid Connecticut RN license or ability to obtain | • BSN preferred, ASN required | • 1-3 years of nursing experience preferred | • BLS and ACLS certification required | • Excellent communication and critical thinking skills"
"ICU Nurse","Stamford Hospital","Fairfield, CT","nursing",88847,95873,"per-diem",87,"2025-06-22","https://jobs.stamfordhospital.com/apply/38488","• Valid Connecticut RN license or ability to obtain | • BSN preferred, ASN required | • 1-3 years of nursing experience preferred | • BLS and ACLS certification required | • Excellent communication and critical thinking skills"
"Psychiatric Nurse","Trinity Health","West Haven, CT","nursing",89762,100639,"per-diem",84,"2025-06-15","https://www.glassdoor.com/job-listing/psychiatric-nurse-trinity-health-JV_IC5386722.htm","• Valid Connecticut RN license or ability to obtain | • BSN preferred, ASN required | • 1-3 years of nursing experience preferred | • BLS and ACLS certification required | • Excellent communication and critical thinking skills"
"Pediatric Nurse","Yale New Haven Hospital","New Britain, CT","nursing",85197,102934,"per-diem",88,"2025-06-13","https://careers.yalenewhavenhospital.org/job/982200","• Valid Connecticut RN license or ability to obtain | • BSN preferred, ASN required | • 1-3 years of nursing experience preferred | • BLS and ACLS certification required | • Excellent communication and critical thinking skills"
"Staff Nurse - Med/Surg","Griffin Hospital","Waterbury, CT","nursing",93418,102587,"per-diem",81,"2025-06-15","https://careers.griffinhospital.org/job/320963","• Valid Connecticut RN license or ability to obtain | • BSN preferred, ASN required | • 1-3 years of nursing experience preferred | • BLS and ACLS certification required | • Excellent communication and critical thinking skills"
"Travel Nurse","Trinity Health","Hartford, CT","nursing",79286,90503,"per-diem",84,"2025-06-16","https://healthcarejobs.com/ct/trinity-health/79416","• Valid Connecticut RN license or ability to obtain | • BSN preferred, ASN required | • 1-3 years of nursing experience preferred | • BLS and ACLS certification required | • Excellent communication and critical thinking skills"
"NICU Nurse","St. Francis Hospital","Bristol, CT","nursing",87493,94643,"full-time",93,"2025-06-23","https://careers.st.francishospital.org/job/330757","• Valid Connecticut RN license or ability to obtain | • BSN preferred, ASN required | • 1-3 years of nursing experience preferred | • BLS and ACLS certification required | • Excellent communication and critical thinking skills"
"Charge Nurse","Yale New Haven Hospital","Bristol, CT","nursing",71225,98382,"per-diem",85,"2025-06-21","https://www.glassdoor.com/job-listing/charge-nurse-yale-new-haven-hospital-JV_IC7291780.htm","• Valid Connecticut RN license or ability to obtain | • BSN preferred, ASN required | • 1-3 years of nursing experience preferred | • BLS and ACLS certification required | • Excellent communication and critical thinking skills"
"Labor & Delivery Nurse","Yale New Haven Health System","Milford, CT","nursing",72335,80661,"per-diem",78,"2025-06-17","https://www.ziprecruiter.com/c/Yale-New-Haven-Health-System/Jobs/788852","• Valid Connecticut RN license or ability to obtain | • BSN preferred, ASN required | • 1-3 years of nursing experience preferred | • BLS and ACLS certification required | • Excellent communication and critical thinking skills"
"Clinical Nurse Specialist","Hartford HealthCare","Fairfield, CT","nursing",89265,103043,"per-diem",80,"2025-06-16","https://careers.hartfordhealthcare.net/opportunities/1254","• Valid Connecticut RN license or ability to obtain | • BSN preferred, ASN required | • 1-3 years of nursing experience preferred | • BLS and ACLS certification required | • Excellent communication and critical thinking skills"
"Nurse Manager","Charlotte Hungerford Hospital","Norwalk, CT","nursing",93635,99850,"full-time",95,"2025-06-10","https://jobs.charlottehungerfordhospital.com/apply/91286","• Valid Connecticut RN license or ability to obtain | • BSN preferred, ASN required | • 1-3 years of nursing experience preferred | • BLS and ACLS certification required | • Excellent communication and critical thinking skills"
"Oncology Nurse","Stamford Hospital","Yonkers, NY","nursing",85972,97908,"full-time",83,"2025-06-23","https://www.glassdoor.com/job-listing/oncology-nurse-stamford-hospital-JV_IC1589342.htm","• Valid Connecticut RN license or ability to obtain | • BSN preferred, ASN required | • 1-3 years of nursing experience preferred | • BLS and ACLS certification required | • Excellent communication and critical thinking skills"
"NICU Nurse","Norwalk Hospital","Springfield, MA","nursing",89592,95412,"contract",94,"2025-06-12","https://careers.norwalkhospital.org/job/530681","• Valid Connecticut RN license or ability to obtain | • BSN preferred, ASN required | • 1-3 years of nursing experience preferred | • BLS and ACLS certification required | • Excellent communication and critical thinking skills"
"ICU Nurse","Backus Hospital","Springfield, MA","nursing",72451,102615,"full-time",94,"2025-06-16","https://careers.backushospital.net/opportunities/5189","• Valid Connecticut RN license or ability to obtain | • BSN preferred, ASN required | • 1-3 years of nursing experience preferred | • BLS and ACLS certification required | • Excellent communication and critical thinking skills"
"Trauma Nurse","Stamford Hospital","Norwalk, CT","nursing",90400,96088,"part-time",81,"2025-06-15","https://www.ziprecruiter.com/c/Stamford-Hospital/Jobs/461221","• Valid Connecticut RN license or ability to obtain | • BSN preferred, ASN required | • 1-3 years of nursing experience preferred | • BLS and ACLS certification required | • Excellent communication and critical thinking skills"
"Registered Nurse - ICU","Day Kimball Hospital","Greenwich, CT","nursing",83069,104117,"contract",87,"2025-06-21","https://careers.daykimballhospital.net/opportunities/5411","• Valid Connecticut RN license or ability to obtain | • BSN preferred, ASN required | • 1-3 years of nursing experience preferred | • BLS and ACLS certification required | • Excellent communication and critical thinking skills"
"Clinical Nurse Specialist","Day Kimball Hospital","Hartford, CT","nursing",93398,104837,"per-diem",85,"2025-06-12","https://www.indeed.com/viewjob?jk=5365075369258566","• Valid Connecticut RN license or ability to obtain | • BSN preferred, ASN required | • 1-3 years of nursing experience preferred | • BLS and ACLS certification required | • Excellent communication and critical thinking skills"
"Clinical Nurse Specialist","Prospect Medical Holdings","Middletown, CT","nursing",77793,97032,"part-time",91,"2025-06-22","https://careers.prospectmedicalholdings.net/opportunities/6081","• Valid Connecticut RN license or ability to obtain | • BSN preferred, ASN required | • 1-3 years of nursing experience preferred | • BLS and ACLS certification required | • Excellent communication and critical thinking skills"
"Clinical Nurse Specialist","Charlotte Hungerford Hospital","Greenwich, CT","nursing",71948,96680,"full-time",88,"2025-06-14","https://careers.charlottehungerfordhospital.net/opportunities/1946","• Valid Connecticut RN license or ability to obtain | • BSN preferred, ASN required | • 1-3 years of nursing experience preferred | • BLS and ACLS certification required | • Excellent communication and critical thinking skills"
"Trauma Nurse","Stamford Hospital","White Plains, NY","nursing",89092,98577,"part-time",98,"2025-06-17","https://healthcarejobs.com/ct/stamford-hospital/62675","• Valid Connecticut RN license or ability to obtain | • BSN preferred, ASN required | • 1-3 years of nursing experience preferred | • BLS and ACLS certification required | • Excellent communication and critical thinking skills"
"Nurse Manager","Bridgeport Hospital","Bridgeport, CT","nursing",70861,97201,"full-time",92,"2025-06-22","https://careers.bridgeporthospital.org/job/163738","• Valid Connecticut RN license or ability to obtain | • BSN preferred, ASN required | • 1-3 years of nursing experience preferred | • BLS and ACLS certification required | • Excellent communication and critical thinking skills"
"ICU Nurse","Griffin Hospital","Milford, CT","nursing",76020,85210,"part-time",98,"2025-06-13","https://careers.griffinhospital.net/opportunities/1415","• Valid Connecticut RN license or ability to obtain | • BSN preferred, ASN required | • 1-3 years of nursing experience preferred | • BLS and ACLS certification required | • Excellent communication and critical thinking skills"
"Registered Nurse - ICU","Trinity Health","Norwalk, CT","nursing",82537,93808,"part-time",95,"2025-06-18","https://www.glassdoor.com/job-listing/registered-nurse---icu-trinity-health-JV_IC6285179.htm","• Valid Connecticut RN license or ability to obtain | • BSN preferred, ASN required | • 1-3 years of nursing experience preferred | • BLS and ACLS certification required | • Excellent communication and critical thinking skills"
"Nurse Manager","Yale New Haven Hospital","White Plains, NY","nursing",83452,90594,"full-time",96,"2025-06-22","https://jobs.yalenewhavenhospital.com/apply/24277","• Valid Connecticut RN license or ability to obtain | • BSN preferred, ASN required | • 1-3 years of nursing experience preferred | • BLS and ACLS certification required | • Excellent communication and critical thinking skills"
"Cardiac Nurse","Bridgeport Hospital","Waterbury, CT","nursing",88449,97617,"per-diem",87,"2025-06-10","https://www.ziprecruiter.com/c/Bridgeport-Hospital/Jobs/430151","• Valid Connecticut RN license or ability to obtain | • BSN preferred, ASN required | • 1-3 years of nursing experience preferred | • BLS and ACLS certification required | • Excellent communication and critical thinking skills"
"Charge Nurse","Prospect Medical Holdings","Meriden, CT","nursing",88313,96799,"contract",82,"2025-06-19","https://careers.prospectmedicalholdings.org/job/153537","• Valid Connecticut RN license or ability to obtain | • BSN preferred, ASN required | • 1-3 years of nursing experience preferred | • BLS and ACLS certification required | • Excellent communication and critical thinking skills"
"ICU Nurse","Backus Hospital","Bridgeport, CT","nursing",73380,100629,"full-time",78,"2025-06-10","https://careers.backushospital.org/job/645230","• Valid Connecticut RN license or ability to obtain | • BSN preferred, ASN required | • 1-3 years of nursing experience preferred | • BLS and ACLS certification required | • Excellent communication and critical thinking skills"
"Charge Nurse","Connecticut Children's Medical Center","Fairfield, CT","nursing",90469,95887,"part-time",82,"2025-06-14","https://www.glassdoor.com/job-listing/charge-nurse-connecticut-children's-medical-center-JV_IC3834627.htm","• Valid Connecticut RN license or ability to obtain | • BSN preferred, ASN required | • 1-3 years of nursing experience preferred | • BLS and ACLS certification required | • Excellent communication and critical thinking skills"
"ICU Nurse","Griffin Hospital","Fairfield, CT","nursing",96384,104842,"per-diem",93,"2025-06-13","https://healthcarejobs.com/ct/griffin-hospital/30837","• Valid Connecticut RN license or ability to obtain | • BSN preferred, ASN required | • 1-3 years of nursing experience preferred | • BLS and ACLS certification required | • Excellent communication and critical thinking skills"
"Travel Nurse","Danbury Hospital","Milford, CT","nursing",96210,101380,"full-time",87,"2025-06-21","https://www.ziprecruiter.com/c/Danbury-Hospital/Jobs/932501","• Valid Connecticut RN license or ability to obtain | • BSN preferred, ASN required | • 1-3 years of nursing experience preferred | • BLS and ACLS certification required | • Excellent communication and critical thinking skills"
"RN - Emergency Department","Hospital of Central Connecticut","Norwich, CT","nursing",80521,99370,"part-time",80,"2025-06-22","https://jobs.hospitalofcentralconnecticut.com/apply/75337","• Valid Connecticut RN license or ability to obtain | • BSN preferred, ASN required | • 1-3 years of nursing experience preferred | • BLS and ACLS certification required | • Excellent communication and critical thinking skills"
"Float Pool Nurse","Yale New Haven Hospital","Stamford, CT","nursing",71889,90135,"part-time",80,"2025-06-09","https://www.indeed.com/viewjob?jk=2923144007371651","• Valid Connecticut RN license or ability to obtain | • BSN preferred, ASN required | • 1-3 years of nursing experience preferred | • BLS and ACLS certification required | • Excellent communication and critical thinking skills"
"Clinical Nurse Specialist","Norwalk Hospital","Norwich, CT","nursing",83315,104553,"full-time",89,"2025-06-23","https://www.ziprecruiter.com/c/Norwalk-Hospital/Jobs/120023","• Valid Connecticut RN license or ability to obtain | • BSN preferred, ASN required | • 1-3 years of nursing experience preferred | • BLS and ACLS certification required | • Excellent communication and critical thinking skills"
"Labor & Delivery Nurse","Connecticut Children's Medical Center","Yonkers, NY","nursing",73603,95377,"contract",82,"2025-06-15","https://jobs.connecticutchildrensmedicalcenter.com/apply/54683","• Valid Connecticut RN license or ability to obtain | • BSN preferred, ASN required | • 1-3 years of nursing experience preferred | • BLS and ACLS certification required | • Excellent communication and critical thinking skills"
"RN - Emergency Department","Hartford HealthCare","Fairfield, CT","nursing",84067,93139,"contract",88,"2025-06-18","https://careers.hartfordhealthcare.org/job/127665","• Valid Connecticut RN license or ability to obtain | • BSN preferred, ASN required | • 1-3 years of nursing experience preferred | • BLS and ACLS certification required | • Excellent communication and critical thinking skills"
"Clinical Nurse Specialist","Stamford Hospital","Yonkers, NY","nursing",77692,94504,"contract",93,"2025-06-21","https://jobs.stamfordhospital.com/apply/98175","• Valid Connecticut RN license or ability to obtain | • BSN preferred, ASN required | • 1-3 years of nursing experience preferred | • BLS and ACLS certification required | • Excellent communication and critical thinking skills"
"OR Nurse","St. Francis Hospital","Fairfield, CT","nursing",73237,83625,"contract",81,"2025-06-16","https://healthcarejobs.com/ct/st.-francis-hospital/30737","• Valid Connecticut RN license or ability to obtain | • BSN preferred, ASN required | • 1-3 years of nursing experience preferred | • BLS and ACLS certification required | • Excellent communication and critical thinking skills"
"Float Pool Nurse","Griffin Hospital","Norwich, CT","nursing",85000,95534,"per-diem",81,"2025-06-13","https://www.ziprecruiter.com/c/Griffin-Hospital/Jobs/883781","• Valid Connecticut RN license or ability to obtain | • BSN preferred, ASN required | • 1-3 years of nursing experience preferred | • BLS and ACLS certification required | • Excellent communication and critical thinking skills"
"Nurse Manager","Stamford Hospital","Bristol, CT","nursing",78967,102994,"per-diem",87,"2025-06-10","https://www.indeed.com/viewjob?jk=1183086887580984","• Valid Connecticut RN license or ability to obtain | • BSN preferred, ASN required | • 1-3 years of nursing experience preferred | • BLS and ACLS certification required | • Excellent communication and critical thinking skills"
"ICU Nurse","St. Francis Hospital","Waterbury, CT","nursing",75586,90222,"per-diem",90,"2025-06-21","https://www.ziprecruiter.com/c/St.-Francis-Hospital/Jobs/912759","• Valid Connecticut RN license or ability to obtain | • BSN preferred, ASN required | • 1-3 years of nursing experience preferred | • BLS and ACLS certification required | • Excellent communication and critical thinking skills"
"Oncology Nurse","Trinity Health","New Britain, CT","nursing",84619,94934,"per-diem",78,"2025-06-19","https://www.glassdoor.com/job-listing/oncology-nurse-trinity-health-JV_IC9931230.htm","• Valid Connecticut RN license or ability to obtain | • BSN preferred, ASN required | • 1-3 years of nursing experience preferred | • BLS and ACLS certification required | • Excellent communication and critical thinking skills"
"Labor & Delivery Nurse","Trinity Health","New Britain, CT","nursing",89396,98819,"contract",88,"2025-06-20","https://careers.trinityhealth.net/opportunities/6066","• Valid Connecticut RN license or ability to obtain | • BSN preferred, ASN required | • 1-3 years of nursing experience preferred | • BLS and ACLS certification required | • Excellent communication and critical thinking skills"
"ICU Nurse","Yale New Haven Hospital","Springfield, MA","nursing",81539,102388,"per-diem",85,"2025-06-10","https://careers.yalenewhavenhospital.org/job/918579","• Valid Connecticut RN license or ability to obtain | • BSN preferred, ASN required | • 1-3 years of nursing experience preferred | • BLS and ACLS certification required | • Excellent communication and critical thinking skills"
"Pediatric Nurse","Norwalk Hospital","Providence, RI","nursing",80498,94742,"full-time",91,"2025-06-23","https://www.indeed.com/viewjob?jk=7909656571342108","• Valid Connecticut RN license or ability to obtain | • BSN preferred, ASN required | • 1-3 years of nursing experience preferred | • BLS and ACLS certification required | • Excellent communication and critical thinking skills"
"Cardiac Nurse","Yale New Haven Health System","Fairfield, CT","nursing",75854,89881,"per-diem",85,"2025-06-09","https://careers.yalenewhavenhealthsystem.org/job/176444","• Valid Connecticut RN license or ability to obtain | • BSN preferred, ASN required | • 1-3 years of nursing experience preferred | • BLS and ACLS certification required | • Excellent communication and critical thinking skills"
"Clinical Nurse Specialist","Bridgeport Hospital","Middletown, CT","nursing",75086,80429,"full-time",81,"2025-06-22","https://www.indeed.com/viewjob?jk=5843652653433464","• Valid Connecticut RN license or ability to obtain | • BSN preferred, ASN required | • 1-3 years of nursing experience preferred | • BLS and ACLS certification required | • Excellent communication and critical thinking skills"
"Oncology Nurse","St. Francis Hospital","Yonkers, NY","nursing",73908,100488,"part-time",97,"2025-06-23","https://healthcarejobs.com/ct/st.-francis-hospital/94297","• Valid Connecticut RN license or ability to obtain | • BSN preferred, ASN required | • 1-3 years of nursing experience preferred | • BLS and ACLS certification required | • Excellent communication and critical thinking skills"
"Staff Nurse - Med/Surg","Griffin Hospital","Yonkers, NY","nursing",96431,101778,"part-time",87,"2025-06-13","https://www.indeed.com/viewjob?jk=4566643952126272","• Valid Connecticut RN license or ability to obtain | • BSN preferred, ASN required | • 1-3 years of nursing experience preferred | • BLS and ACLS certification required | • Excellent communication and critical thinking skills"
"Psychiatric Nurse","Middlesex Hospital","Greenwich, CT","nursing",73551,78554,"contract",81,"2025-06-16","https://www.indeed.com/viewjob?jk=4349399011056205","• Valid Connecticut RN license or ability to obtain | • BSN preferred, ASN required | • 1-3 years of nursing experience preferred | • BLS and ACLS certification required | • Excellent communication and critical thinking skills"
"Nurse Manager","Yale New Haven Hospital","Providence, RI","nursing",77009,95313,"part-time",85,"2025-06-17","https://www.glassdoor.com/job-listing/nurse-manager-yale-new-haven-hospital-JV_IC6025740.htm","• Valid Connecticut RN license or ability to obtain | • BSN preferred, ASN required | • 1-3 years of nursing experience preferred | • BLS and ACLS certification required | • Excellent communication and critical thinking skills"
"OR Nurse","Trinity Health","Danbury, CT","nursing",85061,90338,"contract",91,"2025-06-13","https://careers.trinityhealth.org/job/797419","• Valid Connecticut RN license or ability to obtain | • BSN preferred, ASN required | • 1-3 years of nursing experience preferred | • BLS and ACLS certification required | • Excellent communication and critical thinking skills"
"Cardiac Nurse","Backus Hospital","Greenwich, CT","nursing",93919,98965,"contract",80,"2025-06-10","https://www.ziprecruiter.com/c/Backus-Hospital/Jobs/555322","• Valid Connecticut RN license or ability to obtain | • BSN preferred, ASN required | • 1-3 years of nursing experience preferred | • BLS and ACLS certification required | • Excellent communication and critical thinking skills"
"Nurse Manager","Bridgeport Hospital","Middletown, CT","nursing",76421,96458,"contract",80,"2025-06-16","https://careers.bridgeporthospital.org/job/539190","• Valid Connecticut RN license or ability to obtain | • BSN preferred, ASN required | • 1-3 years of nursing experience preferred | • BLS and ACLS certification required | • Excellent communication and critical thinking skills"
"Float Pool Nurse","Backus Hospital","Bridgeport, CT","nursing",92043,102520,"per-diem",93,"2025-06-19","https://jobs.backushospital.com/apply/23929","• Valid Connecticut RN license or ability to obtain | • BSN preferred, ASN required | • 1-3 years of nursing experience preferred | • BLS and ACLS certification required | • Excellent communication and critical thinking skills"
"Oncology Nurse","Backus Hospital","Stamford, CT","nursing",84929,104280,"full-time",84,"2025-06-19","https://healthcarejobs.com/ct/backus-hospital/86149","• Valid Connecticut RN license or ability to obtain | • BSN preferred, ASN required | • 1-3 years of nursing experience preferred | • BLS and ACLS certification required | • Excellent communication and critical thinking skills"
"Oncology Nurse","Connecticut Children's Medical Center","Danbury, CT","nursing",87894,97192,"part-time",80,"2025-06-13","https://jobs.connecticutchildrensmedicalcenter.com/apply/69344","• Valid Connecticut RN license or ability to obtain | • BSN preferred, ASN required | • 1-3 years of nursing experience preferred | • BLS and ACLS certification required | • Excellent communication and critical thinking skills"
"Oncology Nurse","Prospect Medical Holdings","Norwich, CT","nursing",71263,88460,"contract",89,"2025-06-15","https://www.indeed.com/viewjob?jk=3988798792431435","• Valid Connecticut RN license or ability to obtain | • BSN preferred, ASN required | • 1-3 years of nursing experience preferred | • BLS and ACLS certification required | • Excellent communication and critical thinking skills"
"Float Pool Nurse","Middlesex Hospital","Meriden, CT","nursing",80289,89325,"part-time",98,"2025-06-09","https://careers.middlesexhospital.org/job/374595","• Valid Connecticut RN license or ability to obtain | • BSN preferred, ASN required | • 1-3 years of nursing experience preferred | • BLS and ACLS certification required | • Excellent communication and critical thinking skills"
"RN - Emergency Department","Backus Hospital","Stamford, CT","nursing",85374,100127,"part-time",78,"2025-06-23","https://jobs.backushospital.com/apply/51260","• Valid Connecticut RN license or ability to obtain | • BSN preferred, ASN required | • 1-3 years of nursing experience preferred | • BLS and ACLS certification required | • Excellent communication and critical thinking skills"
"Psychiatric Nurse","Stamford Hospital","New Britain, CT","nursing",86288,96978,"full-time",85,"2025-06-14","https://careers.stamfordhospital.org/job/917724","• Valid Connecticut RN license or ability to obtain | • BSN preferred, ASN required | • 1-3 years of nursing experience preferred | • BLS and ACLS certification required | • Excellent communication and critical thinking skills"
"ICU Nurse","Hartford Hospital","Bridgeport, CT","nursing",90822,99425,"part-time",92,"2025-06-17","https://jobs.hartfordhospital.com/apply/71274","• Valid Connecticut RN license or ability to obtain | • BSN preferred, ASN required | • 1-3 years of nursing experience preferred | • BLS and ACLS certification required | • Excellent communication and critical thinking skills"
"Float Pool Nurse","Connecticut Children's Medical Center","New Haven, CT","nursing",73074,98294,"full-time",87,"2025-06-21","https://healthcarejobs.com/ct/connecticut-children's-medical-center/19986","• Valid Connecticut RN license or ability to obtain | • BSN preferred, ASN required | • 1-3 years of nursing experience preferred | • BLS and ACLS certification required | • Excellent communication and critical thinking skills"
"Nurse Manager","Norwalk Hospital","West Haven, CT","nursing",87355,103142,"contract",79,"2025-06-19","https://www.indeed.com/viewjob?jk=6687329680530640","• Valid Connecticut RN license or ability to obtain | • BSN preferred, ASN required | • 1-3 years of nursing experience preferred | • BLS and ACLS certification required | • Excellent communication and critical thinking skills"
"Oncology Nurse","Griffin Hospital","Meriden, CT","nursing",82110,100736,"contract",86,"2025-06-15","https://healthcarejobs.com/ct/griffin-hospital/62524","• Valid Connecticut RN license or ability to obtain | • BSN preferred, ASN required | • 1-3 years of nursing experience preferred | • BLS and ACLS certification required | • Excellent communication and critical thinking skills"
"Charge Nurse","Prospect Medical Holdings","Providence, RI","nursing",84456,94648,"per-diem",97,"2025-06-10","https://careers.prospectmedicalholdings.org/job/165633","• Valid Connecticut RN license or ability to obtain | • BSN preferred, ASN required | • 1-3 years of nursing experience preferred | • BLS and ACLS certification required | • Excellent communication and critical thinking skills"
"Charge Nurse","St. Francis Hospital","Meriden, CT","nursing",95085,104761,"per-diem",79,"2025-06-13","https://jobs.st.francishospital.com/apply/71895","• Valid Connecticut RN license or ability to obtain | • BSN preferred, ASN required | • 1-3 years of nursing experience preferred | • BLS and ACLS certification required | • Excellent communication and critical thinking skills"
"OR Nurse","Griffin Hospital","White Plains, NY","nursing",96993,102790,"full-time",82,"2025-06-22","https://www.ziprecruiter.com/c/Griffin-Hospital/Jobs/812488","• Valid Connecticut RN license or ability to obtain | • BSN preferred, ASN required | • 1-3 years of nursing experience preferred | • BLS and ACLS certification required | • Excellent communication and critical thinking skills"
"Float Pool Nurse","Yale New Haven Health System","New Britain, CT","nursing",74661,90186,"contract",95,"2025-06-22","https://careers.yalenewhavenhealthsystem.org/job/407630","• Valid Connecticut RN license or ability to obtain | • BSN preferred, ASN required | • 1-3 years of nursing experience preferred | • BLS and ACLS certification required | • Excellent communication and critical thinking skills"
"Trauma Nurse","Connecticut Children's Medical Center","Bristol, CT","nursing",73929,99188,"per-diem",98,"2025-06-21","https://careers.connecticutchildrensmedicalcenter.net/opportunities/5121","• Valid Connecticut RN license or ability to obtain | • BSN preferred, ASN required | • 1-3 years of nursing experience preferred | • BLS and ACLS certification required | • Excellent communication and critical thinking skills"
"ICU Nurse","Yale New Haven Health System","New Britain, CT","nursing",73748,79275,"contract",95,"2025-06-11","https://www.indeed.com/viewjob?jk=7113988361809604","• Valid Connecticut RN license or ability to obtain | • BSN preferred, ASN required | • 1-3 years of nursing experience preferred | • BLS and ACLS certification required | • Excellent communication and critical thinking skills"
"Staff Nurse - Med/Surg","Bridgeport Hospital","New Britain, CT","nursing",91168,97175,"part-time",92,"2025-06-22","https://careers.bridgeporthospital.net/opportunities/1047","• Valid Connecticut RN license or ability to obtain | • BSN preferred, ASN required | • 1-3 years of nursing experience preferred | • BLS and ACLS certification required | • Excellent communication and critical thinking skills"
"Clinical Nurse Specialist","Hospital of Central Connecticut","Springfield, MA","nursing",93597,100078,"part-time",96,"2025-06-12","https://healthcarejobs.com/ct/hospital-of-central-connecticut/86244","• Valid Connecticut RN license or ability to obtain | • BSN preferred, ASN required | • 1-3 years of nursing experience preferred | • BLS and ACLS certification required | • Excellent communication and critical thinking skills"
"Registered Nurse - ICU","Charlotte Hungerford Hospital","Fairfield, CT","nursing",92389,103193,"full-time",84,"2025-06-09","https://www.glassdoor.com/job-listing/registered-nurse---icu-charlotte-hungerford-hospital-JV_IC5453332.htm","• Valid Connecticut RN license or ability to obtain | • BSN preferred, ASN required | • 1-3 years of nursing experience preferred | • BLS and ACLS certification required | • Excellent communication and critical thinking skills"
"Cardiac Nurse","Day Kimball Hospital","Hartford, CT","nursing",91382,103858,"part-time",93,"2025-06-10","https://careers.daykimballhospital.net/opportunities/8078","• Valid Connecticut RN license or ability to obtain | • BSN preferred, ASN required | • 1-3 years of nursing experience preferred | • BLS and ACLS certification required | • Excellent communication and critical thinking skills"
"Oncology Nurse","Backus Hospital","Stamford, CT","nursing",74873,95394,"part-time",86,"2025-06-16","https://www.indeed.com/viewjob?jk=1074064931508301","• Valid Connecticut RN license or ability to obtain | • BSN preferred, ASN required | • 1-3 years of nursing experience preferred | • BLS and ACLS certification required | • Excellent communication and critical thinking skills"
"Trauma Nurse","Day Kimball Hospital","Hartford, CT","nursing",85436,98937,"contract",92,"2025-06-15","https://www.indeed.com/viewjob?jk=5403921097548948","• Valid Connecticut RN license or ability to obtain | • BSN preferred, ASN required | • 1-3 years of nursing experience preferred | • BLS and ACLS certification required | • Excellent communication and critical thinking skills"
"NICU Nurse","Norwalk Hospital","New Haven, CT","nursing",91421,101590,"full-time",87,"2025-06-09","https://careers.norwalkhospital.net/opportunities/3506","• Valid Connecticut RN license or ability to obtain | • BSN preferred, ASN required | • 1-3 years of nursing experience preferred | • BLS and ACLS certification required | • Excellent communication and critical thinking skills"
"NICU Nurse","Backus Hospital","Providence, RI","nursing",90524,98532,"full-time",94,"2025-06-16","https://www.glassdoor.com/job-listing/nicu-nurse-backus-hospital-JV_IC4959198.htm","• Valid Connecticut RN license or ability to obtain | • BSN preferred, ASN required | • 1-3 years of nursing experience preferred | • BLS and ACLS certification required | • Excellent communication and critical thinking skills"
"Cardiac Nurse","Hartford Hospital","Yonkers, NY","nursing",91197,104829,"full-time",93,"2025-06-16","https://careers.hartfordhospital.net/opportunities/9137","• Valid Connecticut RN license or ability to obtain | • BSN preferred, ASN required | • 1-3 years of nursing experience preferred | • BLS and ACLS certification required | • Excellent communication and critical thinking skills"
"Staff Nurse - Med/Surg","Hartford HealthCare","New Haven, CT","nursing",82766,98377,"part-time",83,"2025-06-13","https://www.ziprecruiter.com/c/Hartford-HealthCare/Jobs/220536","• Valid Connecticut RN license or ability to obtain | • BSN preferred, ASN required | • 1-3 years of nursing experience preferred | • BLS and ACLS certification required | • Excellent communication and critical thinking skills"
"Nurse Manager","Connecticut Children's Medical Center","Springfield, MA","nursing",91761,96969,"full-time",78,"2025-06-09","https://www.glassdoor.com/job-listing/nurse-manager-connecticut-children's-medical-center-JV_IC3675621.htm","• Valid Connecticut RN license or ability to obtain | • BSN preferred, ASN required | • 1-3 years of nursing experience preferred | • BLS and ACLS certification required | • Excellent communication and critical thinking skills"
"Registered Nurse - ICU","Stamford Hospital","Hartford, CT","nursing",85112,101567,"per-diem",83,"2025-06-18","https://careers.stamfordhospital.net/opportunities/8452","• Valid Connecticut RN license or ability to obtain | • BSN preferred, ASN required | • 1-3 years of nursing experience preferred | • BLS and ACLS certification required | • Excellent communication and critical thinking skills"
"Labor & Delivery Nurse","Day Kimball Hospital","Bristol, CT","nursing",88312,96439,"contract",82,"2025-06-11","https://www.indeed.com/viewjob?jk=3656278358902086","• Valid Connecticut RN license or ability to obtain | • BSN preferred, ASN required | • 1-3 years of nursing experience preferred | • BLS and ACLS certification required | • Excellent communication and critical thinking skills"
"Labor & Delivery Nurse","Day Kimball Hospital","West Haven, CT","nursing",81842,92144,"contract",78,"2025-06-11","https://www.ziprecruiter.com/c/Day-Kimball-Hospital/Jobs/228165","• Valid Connecticut RN license or ability to obtain | • BSN preferred, ASN required | • 1-3 years of nursing experience preferred | • BLS and ACLS certification required | • Excellent communication and critical thinking skills"
"Pediatric Nurse","Day Kimball Hospital","Bristol, CT","nursing",83767,90447,"full-time",98,"2025-06-22","https://healthcarejobs.com/ct/day-kimball-hospital/75676","• Valid Connecticut RN license or ability to obtain | • BSN preferred, ASN required | • 1-3 years of nursing experience preferred | • BLS and ACLS certification required | • Excellent communication and critical thinking skills"
"Travel Nurse","Danbury Hospital","Meriden, CT","nursing",90489,96702,"part-time",90,"2025-06-12","https://careers.danburyhospital.net/opportunities/6215","• Valid Connecticut RN license or ability to obtain | • BSN preferred, ASN required | • 1-3 years of nursing experience preferred | • BLS and ACLS certification required | • Excellent communication and critical thinking skills"
"RN - Emergency Department","Stamford Hospital","White Plains, NY","nursing",89696,99157,"per-diem",81,"2025-06-11","https://www.ziprecruiter.com/c/Stamford-Hospital/Jobs/354493","• Valid Connecticut RN license or ability to obtain | • BSN preferred, ASN required | • 1-3 years of nursing experience preferred | • BLS and ACLS certification required | • Excellent communication and critical thinking skills"
"Staff Nurse - Med/Surg","Hartford Hospital","Fairfield, CT","nursing",82003,91872,"full-time",79,"2025-06-12","https://www.glassdoor.com/job-listing/staff-nurse---med/surg-hartford-hospital-JV_IC1743791.htm","• Valid Connecticut RN license or ability to obtain | • BSN preferred, ASN required | • 1-3 years of nursing experience preferred | • BLS and ACLS certification required | • Excellent communication and critical thinking skills"
"Labor & Delivery Nurse","Connecticut Children's Medical Center","Middletown, CT","nursing",75096,93538,"part-time",97,"2025-06-17","https://www.ziprecruiter.com/c/Connecticut-Children's-Medical-Center/Jobs/107321","• Valid Connecticut RN license or ability to obtain | • BSN preferred, ASN required | • 1-3 years of nursing experience preferred | • BLS and ACLS certification required | • Excellent communication and critical thinking skills"
"NICU Nurse","Charlotte Hungerford Hospital","Springfield, MA","nursing",94522,101016,"full-time",92,"2025-06-12","https://www.glassdoor.com/job-listing/nicu-nurse-charlotte-hungerford-hospital-JV_IC4892417.htm","• Valid Connecticut RN license or ability to obtain | • BSN preferred, ASN required | • 1-3 years of nursing experience preferred | • BLS and ACLS certification required | • Excellent communication and critical thinking skills"
"Oncology Nurse","Trinity Health","Bridgeport, CT","nursing",77132,102440,"part-time",82,"2025-06-14","https://www.indeed.com/viewjob?jk=4640065795457235","• Valid Connecticut RN license or ability to obtain | • BSN preferred, ASN required | • 1-3 years of nursing experience preferred | • BLS and ACLS certification required | • Excellent communication and critical thinking skills"
"NICU Nurse","Hartford Hospital","Norwich, CT","nursing",80545,90407,"per-diem",91,"2025-06-17","https://www.indeed.com/viewjob?jk=5974117106264678","• Valid Connecticut RN license or ability to obtain | • BSN preferred, ASN required | • 1-3 years of nursing experience preferred | • BLS and ACLS certification required | • Excellent communication and critical thinking skills"
"Trauma Nurse","Bridgeport Hospital","Fairfield, CT","nursing",89589,101228,"full-time",94,"2025-06-19","https://www.ziprecruiter.com/c/Bridgeport-Hospital/Jobs/301900","• Valid Connecticut RN license or ability to obtain | • BSN preferred, ASN required | • 1-3 years of nursing experience preferred | • BLS and ACLS certification required | • Excellent communication and critical thinking skills"
"Clinical Nurse Specialist","Prospect Medical Holdings","Yonkers, NY","nursing",86374,104856,"full-time",83,"2025-06-17","https://www.indeed.com/viewjob?jk=2090349666779670","• Valid Connecticut RN license or ability to obtain | • BSN preferred, ASN required | • 1-3 years of nursing experience preferred | • BLS and ACLS certification required | • Excellent communication and critical thinking skills"
"Nurse Manager","Prospect Medical Holdings","Meriden, CT","nursing",92327,99351,"full-time",93,"2025-06-23","https://www.indeed.com/viewjob?jk=4145703030371050","• Valid Connecticut RN license or ability to obtain | • BSN preferred, ASN required | • 1-3 years of nursing experience preferred | • BLS and ACLS certification required | • Excellent communication and critical thinking skills"
"Charge Nurse","Hartford Hospital","Bridgeport, CT","nursing",79262,100344,"part-time",85,"2025-06-09","https://healthcarejobs.com/ct/hartford-hospital/43290","• Valid Connecticut RN license or ability to obtain | • BSN preferred, ASN required | • 1-3 years of nursing experience preferred | • BLS and ACLS certification required | • Excellent communication and critical thinking skills"
"ICU Nurse","Charlotte Hungerford Hospital","Milford, CT","nursing",77873,89017,"full-time",88,"2025-06-17","https://jobs.charlottehungerfordhospital.com/apply/80737","• Valid Connecticut RN license or ability to obtain | • BSN preferred, ASN required | • 1-3 years of nursing experience preferred | • BLS and ACLS certification required | • Excellent communication and critical thinking skills"
"Psychiatric Nurse","Danbury Hospital","New Britain, CT","nursing",76163,86245,"full-time",79,"2025-06-15","https://www.glassdoor.com/job-listing/psychiatric-nurse-danbury-hospital-JV_IC8971843.htm","• Valid Connecticut RN license or ability to obtain | • BSN preferred, ASN required | • 1-3 years of nursing experience preferred | • BLS and ACLS certification required | • Excellent communication and critical thinking skills"
"RN - Emergency Department","St. Francis Hospital","Bristol, CT","nursing",92755,100159,"part-time",95,"2025-06-17","https://www.indeed.com/viewjob?jk=6807832016518961","• Valid Connecticut RN license or ability to obtain | • BSN preferred, ASN required | • 1-3 years of nursing experience preferred | • BLS and ACLS certification required | • Excellent communication and critical thinking skills"
"Labor & Delivery Nurse","Backus Hospital","Springfield, MA","nursing",84262,93679,"per-diem",79,"2025-06-15","https://careers.backushospital.org/job/252204","• Valid Connecticut RN license or ability to obtain | • BSN preferred, ASN required | • 1-3 years of nursing experience preferred | • BLS and ACLS certification required | • Excellent communication and critical thinking skills"
"ICU Nurse","Prospect Medical Holdings","Waterbury, CT","nursing",92560,102506,"contract",89,"2025-06-11","https://www.indeed.com/viewjob?jk=6189089003615514","• Valid Connecticut RN license or ability to obtain | • BSN preferred, ASN required | • 1-3 years of nursing experience preferred | • BLS and ACLS certification required | • Excellent communication and critical thinking skills"
"OR Nurse","Connecticut Children's Medical Center","Bridgeport, CT","nursing",84639,93893,"full-time",90,"2025-06-20","https://www.indeed.com/viewjob?jk=5790504093372194","• Valid Connecticut RN license or ability to obtain | • BSN preferred, ASN required | • 1-3 years of nursing experience preferred | • BLS and ACLS certification required | • Excellent communication and critical thinking skills"
"Travel Nurse","Charlotte Hungerford Hospital","Fairfield, CT","nursing",80018,91257,"full-time",85,"2025-06-10","https://www.indeed.com/viewjob?jk=4211731983828784","• Valid Connecticut RN license or ability to obtain | • BSN preferred, ASN required | • 1-3 years of nursing experience preferred | • BLS and ACLS certification required | • Excellent communication and critical thinking skills"
"Labor & Delivery Nurse","Bridgeport Hospital","Hartford, CT","nursing",95628,101336,"full-time",93,"2025-06-21","https://www.ziprecruiter.com/c/Bridgeport-Hospital/Jobs/574086","• Valid Connecticut RN license or ability to obtain | • BSN preferred, ASN required | • 1-3 years of nursing experience preferred | • BLS and ACLS certification required | • Excellent communication and critical thinking skills"
"RN - Emergency Department","Backus Hospital","New Britain, CT","nursing",71404,83339,"full-time",97,"2025-06-19","https://careers.backushospital.org/job/602891","• Valid Connecticut RN license or ability to obtain | • BSN preferred, ASN required | • 1-3 years of nursing experience preferred | • BLS and ACLS certification required | • Excellent communication and critical thinking skills"
"Charge Nurse","Yale New Haven Health System","Providence, RI","nursing",82612,102634,"per-diem",90,"2025-06-10","https://www.indeed.com/viewjob?jk=7302771671746000","• Valid Connecticut RN license or ability to obtain | • BSN preferred, ASN required | • 1-3 years of nursing experience preferred | • BLS and ACLS certification required | • Excellent communication and critical thinking skills"
"Travel Nurse","Hartford HealthCare","Fairfield, CT","nursing",77333,84273,"contract",82,"2025-06-19","https://www.glassdoor.com/job-listing/travel-nurse-hartford-healthcare-JV_IC8515678.htm","• Valid Connecticut RN license or ability to obtain | • BSN preferred, ASN required | • 1-3 years of nursing experience preferred | • BLS and ACLS certification required | • Excellent communication and critical thinking skills"
"Oncology Nurse","Charlotte Hungerford Hospital","Providence, RI","nursing",73136,79786,"per-diem",92,"2025-06-22","https://careers.charlottehungerfordhospital.org/job/504158","• Valid Connecticut RN license or ability to obtain | • BSN preferred, ASN required | • 1-3 years of nursing experience preferred | • BLS and ACLS certification required | • Excellent communication and critical thinking skills"
"OR Nurse","Connecticut Children's Medical Center","Bridgeport, CT","nursing",90688,103442,"part-time",86,"2025-06-19","https://www.indeed.com/viewjob?jk=8412455080383421","• Valid Connecticut RN license or ability to obtain | • BSN preferred, ASN required | • 1-3 years of nursing experience preferred | • BLS and ACLS certification required | • Excellent communication and critical thinking skills"
"NICU Nurse","Norwalk Hospital","West Haven, CT","nursing",90565,95959,"full-time",93,"2025-06-18","https://careers.norwalkhospital.org/job/316316","• Valid Connecticut RN license or ability to obtain | • BSN preferred, ASN required | • 1-3 years of nursing experience preferred | • BLS and ACLS certification required | • Excellent communication and critical thinking skills"
"Oncology Nurse","Middlesex Hospital","Fairfield, CT","nursing",78482,89838,"part-time",87,"2025-06-23","https://www.indeed.com/viewjob?jk=2532704832318724","• Valid Connecticut RN license or ability to obtain | • BSN preferred, ASN required | • 1-3 years of nursing experience preferred | • BLS and ACLS certification required | • Excellent communication and critical thinking skills"
"Float Pool Nurse","Yale New Haven Hospital","Danbury, CT","nursing",94970,104488,"full-time",93,"2025-06-09","https://www.indeed.com/viewjob?jk=8005113238155458","• Valid Connecticut RN license or ability to obtain | • BSN preferred, ASN required | • 1-3 years of nursing experience preferred | • BLS and ACLS certification required | • Excellent communication and critical thinking skills"
"Travel Nurse","Prospect Medical Holdings","Milford, CT","nursing",86389,104167,"per-diem",93,"2025-06-15","https://jobs.prospectmedicalholdings.com/apply/91894","• Valid Connecticut RN license or ability to obtain | • BSN preferred, ASN required | • 1-3 years of nursing experience preferred | • BLS and ACLS certification required | • Excellent communication and critical thinking skills"
"Oncology Nurse","Hartford Hospital","Greenwich, CT","nursing",85226,93111,"part-time",80,"2025-06-17","https://www.glassdoor.com/job-listing/oncology-nurse-hartford-hospital-JV_IC4318227.htm","• Valid Connecticut RN license or ability to obtain | • BSN preferred, ASN required | • 1-3 years of nursing experience preferred | • BLS and ACLS certification required | • Excellent communication and critical thinking skills"
"NICU Nurse","Hospital of Central Connecticut","White Plains, NY","nursing",80130,98481,"part-time",94,"2025-06-18","https://www.ziprecruiter.com/c/Hospital-of-Central-Connecticut/Jobs/928325","• Valid Connecticut RN license or ability to obtain | • BSN preferred, ASN required | • 1-3 years of nursing experience preferred | • BLS and ACLS certification required | • Excellent communication and critical thinking skills"
"Oncology Nurse","Stamford Hospital","Greenwich, CT","nursing",95073,100531,"part-time",79,"2025-06-12","https://www.indeed.com/viewjob?jk=3561682739066051","• Valid Connecticut RN license or ability to obtain | • BSN preferred, ASN required | • 1-3 years of nursing experience preferred | • BLS and ACLS certification required | • Excellent communication and critical thinking skills"
"Travel Nurse","Griffin Hospital","Meriden, CT","nursing",77341,88103,"part-time",93,"2025-06-12","https://healthcarejobs.com/ct/griffin-hospital/70061","• Valid Connecticut RN license or ability to obtain | • BSN preferred, ASN required | • 1-3 years of nursing experience preferred | • BLS and ACLS certification required | • Excellent communication and critical thinking skills"
"NICU Nurse","Hospital of Central Connecticut","Middletown, CT","nursing",71849,96431,"part-time",92,"2025-06-23","https://www.ziprecruiter.com/c/Hospital-of-Central-Connecticut/Jobs/874224","• Valid Connecticut RN license or ability to obtain | • BSN preferred, ASN required | • 1-3 years of nursing experience preferred | • BLS and ACLS certification required | • Excellent communication and critical thinking skills"
"Float Pool Nurse","Danbury Hospital","Norwalk, CT","nursing",85697,99882,"part-time",90,"2025-06-15","https://www.indeed.com/viewjob?jk=1415434379741282","• Valid Connecticut RN license or ability to obtain | • BSN preferred, ASN required | • 1-3 years of nursing experience preferred | • BLS and ACLS certification required | • Excellent communication and critical thinking skills"
"NICU Nurse","Backus Hospital","Bristol, CT","nursing",83084,99303,"contract",88,"2025-06-13","https://jobs.backushospital.com/apply/73570","• Valid Connecticut RN license or ability to obtain | • BSN preferred, ASN required | • 1-3 years of nursing experience preferred | • BLS and ACLS certification required | • Excellent communication and critical thinking skills"
"Oncology Nurse","Backus Hospital","Stamford, CT","nursing",74230,97560,"contract",97,"2025-06-15","https://careers.backushospital.org/job/745698","• Valid Connecticut RN license or ability to obtain | • BSN preferred, ASN required | • 1-3 years of nursing experience preferred | • BLS and ACLS certification required | • Excellent communication and critical thinking skills"
"NICU Nurse","Griffin Hospital","Yonkers, NY","nursing",80277,97495,"part-time",92,"2025-06-21","https://www.ziprecruiter.com/c/Griffin-Hospital/Jobs/491623","• Valid Connecticut RN license or ability to obtain | • BSN preferred, ASN required | • 1-3 years of nursing experience preferred | • BLS and ACLS certification required | • Excellent communication and critical thinking skills"
"Nurse Manager","Hartford Hospital","Bridgeport, CT","nursing",94174,102847,"contract",89,"2025-06-12","https://careers.hartfordhospital.org/job/897930","• Valid Connecticut RN license or ability to obtain | • BSN preferred, ASN required | • 1-3 years of nursing experience preferred | • BLS and ACLS certification required | • Excellent communication and critical thinking skills"
"Charge Nurse","Charlotte Hungerford Hospital","New Haven, CT","nursing",71957,100495,"per-diem",83,"2025-06-23","https://www.indeed.com/viewjob?jk=4986984607989586","• Valid Connecticut RN license or ability to obtain | • BSN preferred, ASN required | • 1-3 years of nursing experience preferred | • BLS and ACLS certification required | • Excellent communication and critical thinking skills"
"Staff Nurse - Med/Surg","Yale New Haven Hospital","West Haven, CT","nursing",89937,98434,"part-time",89,"2025-06-22","https://www.ziprecruiter.com/c/Yale-New-Haven-Hospital/Jobs/417638","• Valid Connecticut RN license or ability to obtain | • BSN preferred, ASN required | • 1-3 years of nursing experience preferred | • BLS and ACLS certification required | • Excellent communication and critical thinking skills"
"Staff Nurse - Med/Surg","Connecticut Children's Medical Center","Danbury, CT","nursing",72328,86550,"per-diem",79,"2025-06-19","https://careers.connecticutchildrensmedicalcenter.net/opportunities/8465","• Valid Connecticut RN license or ability to obtain | • BSN preferred, ASN required | • 1-3 years of nursing experience preferred | • BLS and ACLS certification required | • Excellent communication and critical thinking skills"
"Psychiatric Nurse","Yale New Haven Health System","White Plains, NY","nursing",95417,102961,"per-diem",82,"2025-06-10","https://www.indeed.com/viewjob?jk=3814317331216894","• Valid Connecticut RN license or ability to obtain | • BSN preferred, ASN required | • 1-3 years of nursing experience preferred | • BLS and ACLS certification required | • Excellent communication and critical thinking skills"
"Float Pool Nurse","Backus Hospital","Danbury, CT","nursing",84064,96296,"full-time",95,"2025-06-10","https://www.glassdoor.com/job-listing/float-pool-nurse-backus-hospital-JV_IC7454181.htm","• Valid Connecticut RN license or ability to obtain | • BSN preferred, ASN required | • 1-3 years of nursing experience preferred | • BLS and ACLS certification required | • Excellent communication and critical thinking skills"
"Labor & Delivery Nurse","Hartford HealthCare","Meriden, CT","nursing",76003,93296,"part-time",89,"2025-06-20","https://www.glassdoor.com/job-listing/labor-&-delivery-nurse-hartford-healthcare-JV_IC3171442.htm","• Valid Connecticut RN license or ability to obtain | • BSN preferred, ASN required | • 1-3 years of nursing experience preferred | • BLS and ACLS certification required | • Excellent communication and critical thinking skills"
"Labor & Delivery Nurse","Trinity Health","New Britain, CT","nursing",79391,104630,"per-diem",96,"2025-06-18","https://careers.trinityhealth.org/job/652569","• Valid Connecticut RN license or ability to obtain | • BSN preferred, ASN required | • 1-3 years of nursing experience preferred | • BLS and ACLS certification required | • Excellent communication and critical thinking skills"
"Staff Nurse - Med/Surg","Danbury Hospital","Greenwich, CT","nursing",78090,91659,"contract",84,"2025-06-21","https://careers.danburyhospital.org/job/516827","• Valid Connecticut RN license or ability to obtain | • BSN preferred, ASN required | • 1-3 years of nursing experience preferred | • BLS and ACLS certification required | • Excellent communication and critical thinking skills"
"Float Pool Nurse","Bridgeport Hospital","Milford, CT","nursing",79060,91934,"part-time",97,"2025-06-16","https://www.glassdoor.com/job-listing/float-pool-nurse-bridgeport-hospital-JV_IC3020603.htm","• Valid Connecticut RN license or ability to obtain | • BSN preferred, ASN required | • 1-3 years of nursing experience preferred | • BLS and ACLS certification required | • Excellent communication and critical thinking skills"
"RN - Emergency Department","Bridgeport Hospital","Milford, CT","nursing",89201,98349,"full-time",81,"2025-06-23","https://careers.bridgeporthospital.org/job/467724","• Valid Connecticut RN license or ability to obtain | • BSN preferred, ASN required | • 1-3 years of nursing experience preferred | • BLS and ACLS certification required | • Excellent communication and critical thinking skills"
"Psychiatric Nurse","Hospital of Central Connecticut","Fairfield, CT","nursing",72439,79023,"contract",85,"2025-06-21","https://careers.hospitalofcentralconnecticut.net/opportunities/9973","• Valid Connecticut RN license or ability to obtain | • BSN preferred, ASN required | • 1-3 years of nursing experience preferred | • BLS and ACLS certification required | • Excellent communication and critical thinking skills"
"Float Pool Nurse","Bridgeport Hospital","New Haven, CT","nursing",92823,101820,"contract",78,"2025-06-10","https://jobs.bridgeporthospital.com/apply/36103","• Valid Connecticut RN license or ability to obtain | • BSN preferred, ASN required | • 1-3 years of nursing experience preferred | • BLS and ACLS certification required | • Excellent communication and critical thinking skills"
"Pediatric Nurse","Hospital of Central Connecticut","Stamford, CT","nursing",84460,98614,"per-diem",82,"2025-06-15","https://healthcarejobs.com/ct/hospital-of-central-connecticut/86375","• Valid Connecticut RN license or ability to obtain | • BSN preferred, ASN required | • 1-3 years of nursing experience preferred | • BLS and ACLS certification required | • Excellent communication and critical thinking skills"
"Pediatric Nurse","Griffin Hospital","Bristol, CT","nursing",79954,88600,"full-time",91,"2025-06-15","https://healthcarejobs.com/ct/griffin-hospital/45453","• Valid Connecticut RN license or ability to obtain | • BSN preferred, ASN required | • 1-3 years of nursing experience preferred | • BLS and ACLS certification required | • Excellent communication and critical thinking skills"
"NICU Nurse","Griffin Hospital","Springfield, MA","nursing",82524,88363,"full-time",84,"2025-06-22","https://jobs.griffinhospital.com/apply/41336","• Valid Connecticut RN license or ability to obtain | • BSN preferred, ASN required | • 1-3 years of nursing experience preferred | • BLS and ACLS certification required | • Excellent communication and critical thinking skills"
"Labor & Delivery Nurse","Charlotte Hungerford Hospital","Greenwich, CT","nursing",94763,101827,"full-time",82,"2025-06-15","https://careers.charlottehungerfordhospital.org/job/535241","• Valid Connecticut RN license or ability to obtain | • BSN preferred, ASN required | • 1-3 years of nursing experience preferred | • BLS and ACLS certification required | • Excellent communication and critical thinking skills"
"RN - Emergency Department","Yale New Haven Health System","Fairfield, CT","nursing",91691,104503,"full-time",83,"2025-06-19","https://www.glassdoor.com/job-listing/rn---emergency-department-yale-new-haven-health-system-JV_IC8343217.htm","• Valid Connecticut RN license or ability to obtain | • BSN preferred, ASN required | • 1-3 years of nursing experience preferred | • BLS and ACLS certification required | • Excellent communication and critical thinking skills"
"Pediatric Nurse","St. Francis Hospital","Fairfield, CT","nursing",81693,89217,"part-time",78,"2025-06-15","https://www.ziprecruiter.com/c/St.-Francis-Hospital/Jobs/735574","• Valid Connecticut RN license or ability to obtain | • BSN preferred, ASN required | • 1-3 years of nursing experience preferred | • BLS and ACLS certification required | • Excellent communication and critical thinking skills"
"Labor & Delivery Nurse","Bridgeport Hospital","West Haven, CT","nursing",89024,98916,"contract",91,"2025-06-10","https://healthcarejobs.com/ct/bridgeport-hospital/63166","• Valid Connecticut RN license or ability to obtain | • BSN preferred, ASN required | • 1-3 years of nursing experience preferred | • BLS and ACLS certification required | • Excellent communication and critical thinking skills"
"Psychiatric Nurse","Danbury Hospital","Meriden, CT","nursing",86260,99040,"contract",84,"2025-06-15","https://jobs.danburyhospital.com/apply/79932","• Valid Connecticut RN license or ability to obtain | • BSN preferred, ASN required | • 1-3 years of nursing experience preferred | • BLS and ACLS certification required | • Excellent communication and critical thinking skills"
"Clinical Nurse Specialist","Day Kimball Hospital","Bristol, CT","nursing",75250,97578,"full-time",83,"2025-06-22","https://www.glassdoor.com/job-listing/clinical-nurse-specialist-day-kimball-hospital-JV_IC7879799.htm","• Valid Connecticut RN license or ability to obtain | • BSN preferred, ASN required | • 1-3 years of nursing experience preferred | • BLS and ACLS certification required | • Excellent communication and critical thinking skills"
"Psychiatric Nurse","St. Francis Hospital","New Britain, CT","nursing",70656,82730,"full-time",84,"2025-06-22","https://careers.st.francishospital.org/job/758328","• Valid Connecticut RN license or ability to obtain | • BSN preferred, ASN required | • 1-3 years of nursing experience preferred | • BLS and ACLS certification required | • Excellent communication and critical thinking skills"
"Trauma Nurse","Griffin Hospital","New Haven, CT","nursing",85619,96701,"part-time",86,"2025-06-18","https://careers.griffinhospital.org/job/343730","• Valid Connecticut RN license or ability to obtain | • BSN preferred, ASN required | • 1-3 years of nursing experience preferred | • BLS and ACLS certification required | • Excellent communication and critical thinking skills"
"OR Nurse","Yale New Haven Health System","Bristol, CT","nursing",94954,100864,"per-diem",81,"2025-06-18","https://careers.yalenewhavenhealthsystem.net/opportunities/2704","• Valid Connecticut RN license or ability to obtain | • BSN preferred, ASN required | • 1-3 years of nursing experience preferred | • BLS and ACLS certification required | • Excellent communication and critical thinking skills"
"Staff Nurse - Med/Surg","Backus Hospital","Waterbury, CT","nursing",78619,83642,"per-diem",82,"2025-06-16","https://careers.backushospital.org/job/708892","• Valid Connecticut RN license or ability to obtain | • BSN preferred, ASN required | • 1-3 years of nursing experience preferred | • BLS and ACLS certification required | • Excellent communication and critical thinking skills"
"ICU Nurse","Hospital of Central Connecticut","Greenwich, CT","nursing",77320,94997,"per-diem",82,"2025-06-14","https://www.indeed.com/viewjob?jk=7383357464933768","• Valid Connecticut RN license or ability to obtain | • BSN preferred, ASN required | • 1-3 years of nursing experience preferred | • BLS and ACLS certification required | • Excellent communication and critical thinking skills"
"Registered Nurse - ICU","Norwalk Hospital","Meriden, CT","nursing",76542,97547,"per-diem",82,"2025-06-20","https://www.ziprecruiter.com/c/Norwalk-Hospital/Jobs/310817","• Valid Connecticut RN license or ability to obtain | • BSN preferred, ASN required | • 1-3 years of nursing experience preferred | • BLS and ACLS certification required | • Excellent communication and critical thinking skills"
"Labor & Delivery Nurse","Backus Hospital","Norwalk, CT","nursing",86325,97790,"full-time",90,"2025-06-21","https://careers.backushospital.net/opportunities/8061","• Valid Connecticut RN license or ability to obtain | • BSN preferred, ASN required | • 1-3 years of nursing experience preferred | • BLS and ACLS certification required | • Excellent communication and critical thinking skills"
"OR Nurse","Hartford Hospital","Springfield, MA","nursing",73413,95714,"part-time",91,"2025-06-15","https://www.glassdoor.com/job-listing/or-nurse-hartford-hospital-JV_IC3799680.htm","• Valid Connecticut RN license or ability to obtain | • BSN preferred, ASN required | • 1-3 years of nursing experience preferred | • BLS and ACLS certification required | • Excellent communication and critical thinking skills"
"ICU Nurse","Norwalk Hospital","West Haven, CT","nursing",81253,99679,"full-time",95,"2025-06-23","https://www.indeed.com/viewjob?jk=4044312978331808","• Valid Connecticut RN license or ability to obtain | • BSN preferred, ASN required | • 1-3 years of nursing experience preferred | • BLS and ACLS certification required | • Excellent communication and critical thinking skills"
"Trauma Nurse","Charlotte Hungerford Hospital","Bristol, CT","nursing",95867,104870,"per-diem",87,"2025-06-21","https://www.glassdoor.com/job-listing/trauma-nurse-charlotte-hungerford-hospital-JV_IC9448525.htm","• Valid Connecticut RN license or ability to obtain | • BSN preferred, ASN required | • 1-3 years of nursing experience preferred | • BLS and ACLS certification required | • Excellent communication and critical thinking skills"
"Staff Nurse - Med/Surg","Yale New Haven Health System","Greenwich, CT","nursing",71069,82694,"part-time",79,"2025-06-18","https://careers.yalenewhavenhealthsystem.org/job/574276","• Valid Connecticut RN license or ability to obtain | • BSN preferred, ASN required | • 1-3 years of nursing experience preferred | • BLS and ACLS certification required | • Excellent communication and critical thinking skills"
"Registered Nurse - ICU","Trinity Health","Stamford, CT","nursing",77233,99650,"part-time",89,"2025-06-16","https://www.ziprecruiter.com/c/Trinity-Health/Jobs/811684","• Valid Connecticut RN license or ability to obtain | • BSN preferred, ASN required | • 1-3 years of nursing experience preferred | • BLS and ACLS certification required | • Excellent communication and critical thinking skills"
"Travel Nurse","Hartford Hospital","Providence, RI","nursing",87635,104279,"full-time",98,"2025-06-20","https://jobs.hartfordhospital.com/apply/43214","• Valid Connecticut RN license or ability to obtain | • BSN preferred, ASN required | • 1-3 years of nursing experience preferred | • BLS and ACLS certification required | • Excellent communication and critical thinking skills"
"OR Nurse","Bridgeport Hospital","Waterbury, CT","nursing",96819,102050,"full-time",84,"2025-06-21","https://www.ziprecruiter.com/c/Bridgeport-Hospital/Jobs/295503","• Valid Connecticut RN license or ability to obtain | • BSN preferred, ASN required | • 1-3 years of nursing experience preferred | • BLS and ACLS certification required | • Excellent communication and critical thinking skills"
"Psychiatric Nurse","Prospect Medical Holdings","Greenwich, CT","nursing",88103,101202,"part-time",83,"2025-06-12","https://careers.prospectmedicalholdings.org/job/785776","• Valid Connecticut RN license or ability to obtain | • BSN preferred, ASN required | • 1-3 years of nursing experience preferred | • BLS and ACLS certification required | • Excellent communication and critical thinking skills"
"Registered Nurse - ICU","Trinity Health","New Britain, CT","nursing",92609,104879,"full-time",83,"2025-06-22","https://www.ziprecruiter.com/c/Trinity-Health/Jobs/822048","• Valid Connecticut RN license or ability to obtain | • BSN preferred, ASN required | • 1-3 years of nursing experience preferred | • BLS and ACLS certification required | • Excellent communication and critical thinking skills"
"OR Nurse","Griffin Hospital","Meriden, CT","nursing",94054,100775,"full-time",80,"2025-06-15","https://www.ziprecruiter.com/c/Griffin-Hospital/Jobs/746855","• Valid Connecticut RN license or ability to obtain | • BSN preferred, ASN required | • 1-3 years of nursing experience preferred | • BLS and ACLS certification required | • Excellent communication and critical thinking skills"
"RN - Emergency Department","Yale New Haven Hospital","Providence, RI","nursing",92570,101349,"full-time",96,"2025-06-11","https://careers.yalenewhavenhospital.net/opportunities/1181","• Valid Connecticut RN license or ability to obtain | • BSN preferred, ASN required | • 1-3 years of nursing experience preferred | • BLS and ACLS certification required | • Excellent communication and critical thinking skills"
"Travel Nurse","Charlotte Hungerford Hospital","Waterbury, CT","nursing",71653,97890,"part-time",83,"2025-06-23","https://careers.charlottehungerfordhospital.net/opportunities/1621","• Valid Connecticut RN license or ability to obtain | • BSN preferred, ASN required | • 1-3 years of nursing experience preferred | • BLS and ACLS certification required | • Excellent communication and critical thinking skills"
"NICU Nurse","Norwalk Hospital","Meriden, CT","nursing",96176,103563,"full-time",96,"2025-06-15","https://www.ziprecruiter.com/c/Norwalk-Hospital/Jobs/213075","• Valid Connecticut RN license or ability to obtain | • BSN preferred, ASN required | • 1-3 years of nursing experience preferred | • BLS and ACLS certification required | • Excellent communication and critical thinking skills"
"Float Pool Nurse","Trinity Health","Greenwich, CT","nursing",82404,90047,"full-time",89,"2025-06-18","https://careers.trinityhealth.net/opportunities/5597","• Valid Connecticut RN license or ability to obtain | • BSN preferred, ASN required | • 1-3 years of nursing experience preferred | • BLS and ACLS certification required | • Excellent communication and critical thinking skills"
"Travel Nurse","Trinity Health","White Plains, NY","nursing",71345,102480,"part-time",97,"2025-06-12","https://careers.trinityhealth.org/job/304350","• Valid Connecticut RN license or ability to obtain | • BSN preferred, ASN required | • 1-3 years of nursing experience preferred | • BLS and ACLS certification required | • Excellent communication and critical thinking skills"
"RN - Emergency Department","Charlotte Hungerford Hospital","Hartford, CT","nursing",75469,81218,"per-diem",81,"2025-06-23","https://jobs.charlottehungerfordhospital.com/apply/44976","• Valid Connecticut RN license or ability to obtain | • BSN preferred, ASN required | • 1-3 years of nursing experience preferred | • BLS and ACLS certification required | • Excellent communication and critical thinking skills"
"Pediatric Nurse","Day Kimball Hospital","Milford, CT","nursing",86409,96834,"full-time",89,"2025-06-15","https://www.glassdoor.com/job-listing/pediatric-nurse-day-kimball-hospital-JV_IC4295733.htm","• Valid Connecticut RN license or ability to obtain | • BSN preferred, ASN required | • 1-3 years of nursing experience preferred | • BLS and ACLS certification required | • Excellent communication and critical thinking skills"
"Clinical Nurse Specialist","St. Francis Hospital","Middletown, CT","nursing",88720,94295,"per-diem",85,"2025-06-13","https://careers.st.francishospital.org/job/458768","• Valid Connecticut RN license or ability to obtain | • BSN preferred, ASN required | • 1-3 years of nursing experience preferred | • BLS and ACLS certification required | • Excellent communication and critical thinking skills"
"ICU Nurse","Stamford Hospital","Hartford, CT","nursing",74215,93300,"part-time",86,"2025-06-15","https://www.ziprecruiter.com/c/Stamford-Hospital/Jobs/443430","• Valid Connecticut RN license or ability to obtain | • BSN preferred, ASN required | • 1-3 years of nursing experience preferred | • BLS and ACLS certification required | • Excellent communication and critical thinking skills"
"Travel Nurse","Danbury Hospital","Greenwich, CT","nursing",96404,102336,"part-time",79,"2025-06-13","https://www.glassdoor.com/job-listing/travel-nurse-danbury-hospital-JV_IC6946827.htm","• Valid Connecticut RN license or ability to obtain | • BSN preferred, ASN required | • 1-3 years of nursing experience preferred | • BLS and ACLS certification required | • Excellent communication and critical thinking skills"
"RN - Emergency Department","Hartford HealthCare","Fairfield, CT","nursing",95805,103110,"per-diem",85,"2025-06-21","https://careers.hartfordhealthcare.org/job/803555","• Valid Connecticut RN license or ability to obtain | • BSN preferred, ASN required | • 1-3 years of nursing experience preferred | • BLS and ACLS certification required | • Excellent communication and critical thinking skills"
"Clinical Nurse Specialist","Yale New Haven Health System","Bridgeport, CT","nursing",85937,99978,"full-time",93,"2025-06-22","https://www.ziprecruiter.com/c/Yale-New-Haven-Health-System/Jobs/639308","• Valid Connecticut RN license or ability to obtain | • BSN preferred, ASN required | • 1-3 years of nursing experience preferred | • BLS and ACLS certification required | • Excellent communication and critical thinking skills"
"Pediatric Nurse","Connecticut Children's Medical Center","West Haven, CT","nursing",81780,97815,"full-time",80,"2025-06-10","https://jobs.connecticutchildrensmedicalcenter.com/apply/86194","• Valid Connecticut RN license or ability to obtain | • BSN preferred, ASN required | • 1-3 years of nursing experience preferred | • BLS and ACLS certification required | • Excellent communication and critical thinking skills"
"Nurse Manager","Griffin Hospital","Hartford, CT","nursing",81908,87707,"part-time",80,"2025-06-09","https://jobs.griffinhospital.com/apply/48876","• Valid Connecticut RN license or ability to obtain | • BSN preferred, ASN required | • 1-3 years of nursing experience preferred | • BLS and ACLS certification required | • Excellent communication and critical thinking skills"
"Nurse Manager","Trinity Health","Danbury, CT","nursing",93270,99208,"full-time",98,"2025-06-20","https://careers.trinityhealth.net/opportunities/7641","• Valid Connecticut RN license or ability to obtain | • BSN preferred, ASN required | • 1-3 years of nursing experience preferred | • BLS and ACLS certification required | • Excellent communication and critical thinking skills"
"ICU Nurse","Connecticut Children's Medical Center","White Plains, NY","nursing",80770,103569,"per-diem",85,"2025-06-11","https://careers.connecticutchildrensmedicalcenter.net/opportunities/5399","• Valid Connecticut RN license or ability to obtain | • BSN preferred, ASN required | • 1-3 years of nursing experience preferred | • BLS and ACLS certification required | • Excellent communication and critical thinking skills"
"Cardiac Nurse","Hartford HealthCare","Yonkers, NY","nursing",84316,94555,"contract",88,"2025-06-23","https://www.ziprecruiter.com/c/Hartford-HealthCare/Jobs/336934","• Valid Connecticut RN license or ability to obtain | • BSN preferred, ASN required | • 1-3 years of nursing experience preferred | • BLS and ACLS certification required | • Excellent communication and critical thinking skills"
"Trauma Nurse","Middlesex Hospital","Providence, RI","nursing",81203,89059,"contract",78,"2025-06-19","https://careers.middlesexhospital.net/opportunities/4282","• Valid Connecticut RN license or ability to obtain | • BSN preferred, ASN required | • 1-3 years of nursing experience preferred | • BLS and ACLS certification required | • Excellent communication and critical thinking skills"
"Oncology Nurse","Charlotte Hungerford Hospital","New Haven, CT","nursing",72391,85887,"part-time",87,"2025-06-18","https://healthcarejobs.com/ct/charlotte-hungerford-hospital/93294","• Valid Connecticut RN license or ability to obtain | • BSN preferred, ASN required | • 1-3 years of nursing experience preferred | • BLS and ACLS certification required | • Excellent communication and critical thinking skills"
"Charge Nurse","St. Francis Hospital","Norwich, CT","nursing",73054,88025,"contract",98,"2025-06-09","https://www.glassdoor.com/job-listing/charge-nurse-st.-francis-hospital-JV_IC2705393.htm","• Valid Connecticut RN license or ability to obtain | • BSN preferred, ASN required | • 1-3 years of nursing experience preferred | • BLS and ACLS certification required | • Excellent communication and critical thinking skills"
"Registered Nurse - ICU","Griffin Hospital","Stamford, CT","nursing",94536,102523,"contract",88,"2025-06-09","https://careers.griffinhospital.org/job/310654","• Valid Connecticut RN license or ability to obtain | • BSN preferred, ASN required | • 1-3 years of nursing experience preferred | • BLS and ACLS certification required | • Excellent communication and critical thinking skills"
"Trauma Nurse","Backus Hospital","Middletown, CT","nursing",71205,102887,"part-time",78,"2025-06-16","https://jobs.backushospital.com/apply/44735","• Valid Connecticut RN license or ability to obtain | • BSN preferred, ASN required | • 1-3 years of nursing experience preferred | • BLS and ACLS certification required | • Excellent communication and critical thinking skills"
"Float Pool Nurse","Middlesex Hospital","Milford, CT","nursing",77887,101768,"part-time",78,"2025-06-21","https://healthcarejobs.com/ct/middlesex-hospital/16099","• Valid Connecticut RN license or ability to obtain | • BSN preferred, ASN required | • 1-3 years of nursing experience preferred | • BLS and ACLS certification required | • Excellent communication and critical thinking skills"
"Psychiatric Nurse","Day Kimball Hospital","Yonkers, NY","nursing",77354,99574,"per-diem",80,"2025-06-14","https://www.ziprecruiter.com/c/Day-Kimball-Hospital/Jobs/557954","• Valid Connecticut RN license or ability to obtain | • BSN preferred, ASN required | • 1-3 years of nursing experience preferred | • BLS and ACLS certification required | • Excellent communication and critical thinking skills"
"Oncology Nurse","Charlotte Hungerford Hospital","Norwalk, CT","nursing",84408,90917,"per-diem",84,"2025-06-23","https://careers.charlottehungerfordhospital.net/opportunities/4045","• Valid Connecticut RN license or ability to obtain | • BSN preferred, ASN required | • 1-3 years of nursing experience preferred | • BLS and ACLS certification required | • Excellent communication and critical thinking skills"
"Travel Nurse","Griffin Hospital","Bristol, CT","nursing",79172,97283,"per-diem",91,"2025-06-23","https://jobs.griffinhospital.com/apply/33036","• Valid Connecticut RN license or ability to obtain | • BSN preferred, ASN required | • 1-3 years of nursing experience preferred | • BLS and ACLS certification required | • Excellent communication and critical thinking skills"
"Nurse Manager","Danbury Hospital","Danbury, CT","nursing",70193,100488,"per-diem",83,"2025-06-11","https://www.ziprecruiter.com/c/Danbury-Hospital/Jobs/969495","• Valid Connecticut RN license or ability to obtain | • BSN preferred, ASN required | • 1-3 years of nursing experience preferred | • BLS and ACLS certification required | • Excellent communication and critical thinking skills"
"Nurse Manager","Middlesex Hospital","Stamford, CT","nursing",73341,101424,"part-time",85,"2025-06-22","https://careers.middlesexhospital.net/opportunities/1789","• Valid Connecticut RN license or ability to obtain | • BSN preferred, ASN required | • 1-3 years of nursing experience preferred | • BLS and ACLS certification required | • Excellent communication and critical thinking skills"
"Pediatric Nurse","Stamford Hospital","Middletown, CT","nursing",80121,98228,"part-time",79,"2025-06-19","https://www.indeed.com/viewjob?jk=9014842347179191","• Valid Connecticut RN license or ability to obtain | • BSN preferred, ASN required | • 1-3 years of nursing experience preferred | • BLS and ACLS certification required | • Excellent communication and critical thinking skills"
"Clinical Nurse Specialist","Backus Hospital","Fairfield, CT","nursing",82774,100274,"per-diem",85,"2025-06-10","https://jobs.backushospital.com/apply/35996","• Valid Connecticut RN license or ability to obtain | • BSN preferred, ASN required | • 1-3 years of nursing experience preferred | • BLS and ACLS certification required | • Excellent communication and critical thinking skills"
"Pediatric Nurse","Bridgeport Hospital","Fairfield, CT","nursing",92189,100632,"contract",82,"2025-06-12","https://jobs.bridgeporthospital.com/apply/12103","• Valid Connecticut RN license or ability to obtain | • BSN preferred, ASN required | • 1-3 years of nursing experience preferred | • BLS and ACLS certification required | • Excellent communication and critical thinking skills"
"Registered Nurse - ICU","Yale New Haven Hospital","Stamford, CT","nursing",94919,100679,"part-time",89,"2025-06-19","https://healthcarejobs.com/ct/yale-new-haven-hospital/22450","• Valid Connecticut RN license or ability to obtain | • BSN preferred, ASN required | • 1-3 years of nursing experience preferred | • BLS and ACLS certification required | • Excellent communication and critical thinking skills"
"RN - Emergency Department","Bridgeport Hospital","Danbury, CT","nursing",90526,95633,"full-time",86,"2025-06-14","https://jobs.bridgeporthospital.com/apply/54265","• Valid Connecticut RN license or ability to obtain | • BSN preferred, ASN required | • 1-3 years of nursing experience preferred | • BLS and ACLS certification required | • Excellent communication and critical thinking skills"
"Staff Nurse - Med/Surg","Danbury Hospital","Fairfield, CT","nursing",78239,87586,"part-time",84,"2025-06-17","https://jobs.danburyhospital.com/apply/84561","• Valid Connecticut RN license or ability to obtain | • BSN preferred, ASN required | • 1-3 years of nursing experience preferred | • BLS and ACLS certification required | • Excellent communication and critical thinking skills"
"Cardiac Nurse","Hospital of Central Connecticut","Norwich, CT","nursing",86283,93743,"part-time",83,"2025-06-19","https://www.ziprecruiter.com/c/Hospital-of-Central-Connecticut/Jobs/487368","• Valid Connecticut RN license or ability to obtain | • BSN preferred, ASN required | • 1-3 years of nursing experience preferred | • BLS and ACLS certification required | • Excellent communication and critical thinking skills"
"OR Nurse","St. Francis Hospital","Yonkers, NY","nursing",74117,98216,"part-time",78,"2025-06-14","https://careers.st.francishospital.net/opportunities/8321","• Valid Connecticut RN license or ability to obtain | • BSN preferred, ASN required | • 1-3 years of nursing experience preferred | • BLS and ACLS certification required | • Excellent communication and critical thinking skills"
"Psychiatric Nurse","Backus Hospital","Stamford, CT","nursing",94599,100163,"per-diem",90,"2025-06-21","https://www.glassdoor.com/job-listing/psychiatric-nurse-backus-hospital-JV_IC3834581.htm","• Valid Connecticut RN license or ability to obtain | • BSN preferred, ASN required | • 1-3 years of nursing experience preferred | • BLS and ACLS certification required | • Excellent communication and critical thinking skills"
"Pediatric Nurse","St. Francis Hospital","Providence, RI","nursing",88078,99696,"full-time",79,"2025-06-11","https://www.indeed.com/viewjob?jk=2446468218954576","• Valid Connecticut RN license or ability to obtain | • BSN preferred, ASN required | • 1-3 years of nursing experience preferred | • BLS and ACLS certification required | • Excellent communication and critical thinking skills"
"Nurse Manager","Prospect Medical Holdings","Fairfield, CT","nursing",83210,100031,"part-time",84,"2025-06-13","https://www.indeed.com/viewjob?jk=3642128736162250","• Valid Connecticut RN license or ability to obtain | • BSN preferred, ASN required | • 1-3 years of nursing experience preferred | • BLS and ACLS certification required | • Excellent communication and critical thinking skills"
"Float Pool Nurse","Yale New Haven Health System","New Haven, CT","nursing",82350,104127,"per-diem",91,"2025-06-18","https://www.ziprecruiter.com/c/Yale-New-Haven-Health-System/Jobs/401183","• Valid Connecticut RN license or ability to obtain | • BSN preferred, ASN required | • 1-3 years of nursing experience preferred | • BLS and ACLS certification required | • Excellent communication and critical thinking skills"
"Staff Nurse - Med/Surg","Danbury Hospital","Bridgeport, CT","nursing",78734,85356,"contract",85,"2025-06-14","https://www.indeed.com/viewjob?jk=8723958060298578","• Valid Connecticut RN license or ability to obtain | • BSN preferred, ASN required | • 1-3 years of nursing experience preferred | • BLS and ACLS certification required | • Excellent communication and critical thinking skills"
"NICU Nurse","Hartford HealthCare","Stamford, CT","nursing",86068,94381,"part-time",80,"2025-06-10","https://www.ziprecruiter.com/c/Hartford-HealthCare/Jobs/311593","• Valid Connecticut RN license or ability to obtain | • BSN preferred, ASN required | • 1-3 years of nursing experience preferred | • BLS and ACLS certification required | • Excellent communication and critical thinking skills"
"Oncology Nurse","Backus Hospital","Hartford, CT","nursing",93559,102099,"full-time",95,"2025-06-19","https://careers.backushospital.net/opportunities/1589","• Valid Connecticut RN license or ability to obtain | • BSN preferred, ASN required | • 1-3 years of nursing experience preferred | • BLS and ACLS certification required | • Excellent communication and critical thinking skills"
"Nurse Manager","Griffin Hospital","Norwich, CT","nursing",81203,96742,"contract",94,"2025-06-11","https://healthcarejobs.com/ct/griffin-hospital/25877","• Valid Connecticut RN license or ability to obtain | • BSN preferred, ASN required | • 1-3 years of nursing experience preferred | • BLS and ACLS certification required | • Excellent communication and critical thinking skills"
"Clinical Nurse Specialist","Hartford Hospital","Springfield, MA","nursing",70222,79949,"contract",79,"2025-06-18","https://careers.hartfordhospital.org/job/205552","• Valid Connecticut RN license or ability to obtain | • BSN preferred, ASN required | • 1-3 years of nursing experience preferred | • BLS and ACLS certification required | • Excellent communication and critical thinking skills"
"Nurse Manager","Yale New Haven Health System","Providence, RI","nursing",96316,102248,"part-time",83,"2025-06-19","https://careers.yalenewhavenhealthsystem.org/job/142192","• Valid Connecticut RN license or ability to obtain | • BSN preferred, ASN required | • 1-3 years of nursing experience preferred | • BLS and ACLS certification required | • Excellent communication and critical thinking skills"
"Labor & Delivery Nurse","Bridgeport Hospital","New Haven, CT","nursing",76516,85175,"full-time",86,"2025-06-18","https://healthcarejobs.com/ct/bridgeport-hospital/80203","• Valid Connecticut RN license or ability to obtain | • BSN preferred, ASN required | • 1-3 years of nursing experience preferred | • BLS and ACLS certification required | • Excellent communication and critical thinking skills"
"Clinical Nurse Specialist","St. Francis Hospital","Norwich, CT","nursing",85592,101760,"per-diem",84,"2025-06-17","https://www.ziprecruiter.com/c/St.-Francis-Hospital/Jobs/592560","• Valid Connecticut RN license or ability to obtain | • BSN preferred, ASN required | • 1-3 years of nursing experience preferred | • BLS and ACLS certification required | • Excellent communication and critical thinking skills"
"Travel Nurse","Connecticut Children's Medical Center","West Haven, CT","nursing",88283,99470,"per-diem",90,"2025-06-12","https://healthcarejobs.com/ct/connecticut-children's-medical-center/90000","• Valid Connecticut RN license or ability to obtain | • BSN preferred, ASN required | • 1-3 years of nursing experience preferred | • BLS and ACLS certification required | • Excellent communication and critical thinking skills"
"Clinical Nurse Specialist","Trinity Health","Norwich, CT","nursing",72448,97450,"per-diem",90,"2025-06-16","https://www.indeed.com/viewjob?jk=9645280101038129","• Valid Connecticut RN license or ability to obtain | • BSN preferred, ASN required | • 1-3 years of nursing experience preferred | • BLS and ACLS certification required | • Excellent communication and critical thinking skills"
"Trauma Nurse","Hartford HealthCare","Providence, RI","nursing",96713,104685,"contract",81,"2025-06-12","https://healthcarejobs.com/ct/hartford-healthcare/17222","• Valid Connecticut RN license or ability to obtain | • BSN preferred, ASN required | • 1-3 years of nursing experience preferred | • BLS and ACLS certification required | • Excellent communication and critical thinking skills"
"Nurse Manager","Day Kimball Hospital","Providence, RI","nursing",96360,103305,"contract",91,"2025-06-13","https://careers.daykimballhospital.org/job/578490","• Valid Connecticut RN license or ability to obtain | • BSN preferred, ASN required | • 1-3 years of nursing experience preferred | • BLS and ACLS certification required | • Excellent communication and critical thinking skills"
"ICU Nurse","Griffin Hospital","Meriden, CT","nursing",79168,102988,"part-time",87,"2025-06-21","https://www.ziprecruiter.com/c/Griffin-Hospital/Jobs/220529","• Valid Connecticut RN license or ability to obtain | • BSN preferred, ASN required | • 1-3 years of nursing experience preferred | • BLS and ACLS certification required | • Excellent communication and critical thinking skills"
"Staff Nurse - Med/Surg","Bridgeport Hospital","Fairfield, CT","nursing",96416,103230,"part-time",91,"2025-06-13","https://www.ziprecruiter.com/c/Bridgeport-Hospital/Jobs/555214","• Valid Connecticut RN license or ability to obtain | • BSN preferred, ASN required | • 1-3 years of nursing experience preferred | • BLS and ACLS certification required | • Excellent communication and critical thinking skills"
"Pediatric Nurse","Middlesex Hospital","Greenwich, CT","nursing",72826,93811,"per-diem",90,"2025-06-17","https://www.glassdoor.com/job-listing/pediatric-nurse-middlesex-hospital-JV_IC7585759.htm","• Valid Connecticut RN license or ability to obtain | • BSN preferred, ASN required | • 1-3 years of nursing experience preferred | • BLS and ACLS certification required | • Excellent communication and critical thinking skills"
"Registered Nurse - ICU","Hartford Hospital","Stamford, CT","nursing",73427,79378,"full-time",85,"2025-06-10","https://www.indeed.com/viewjob?jk=9663356834114674","• Valid Connecticut RN license or ability to obtain | • BSN preferred, ASN required | • 1-3 years of nursing experience preferred | • BLS and ACLS certification required | • Excellent communication and critical thinking skills"
"Trauma Nurse","Backus Hospital","West Haven, CT","nursing",90532,103043,"per-diem",97,"2025-06-15","https://healthcarejobs.com/ct/backus-hospital/61808","• Valid Connecticut RN license or ability to obtain | • BSN preferred, ASN required | • 1-3 years of nursing experience preferred | • BLS and ACLS certification required | • Excellent communication and critical thinking skills"
"OR Nurse","Bridgeport Hospital","Springfield, MA","nursing",76051,82483,"per-diem",95,"2025-06-14","https://www.glassdoor.com/job-listing/or-nurse-bridgeport-hospital-JV_IC4183510.htm","• Valid Connecticut RN license or ability to obtain | • BSN preferred, ASN required | • 1-3 years of nursing experience preferred | • BLS and ACLS certification required | • Excellent communication and critical thinking skills"
"Psychiatric Nurse","Charlotte Hungerford Hospital","White Plains, NY","nursing",88679,94779,"contract",98,"2025-06-22","https://healthcarejobs.com/ct/charlotte-hungerford-hospital/29865","• Valid Connecticut RN license or ability to obtain | • BSN preferred, ASN required | • 1-3 years of nursing experience preferred | • BLS and ACLS certification required | • Excellent communication and critical thinking skills"
"Float Pool Nurse","Yale New Haven Health System","Bridgeport, CT","nursing",95734,100890,"part-time",78,"2025-06-23","https://www.indeed.com/viewjob?jk=8429790015872396","• Valid Connecticut RN license or ability to obtain | • BSN preferred, ASN required | • 1-3 years of nursing experience preferred | • BLS and ACLS certification required | • Excellent communication and critical thinking skills"
"Nurse Manager","Prospect Medical Holdings","Fairfield, CT","nursing",87374,92871,"per-diem",97,"2025-06-14","https://careers.prospectmedicalholdings.org/job/416900","• Valid Connecticut RN license or ability to obtain | • BSN preferred, ASN required | • 1-3 years of nursing experience preferred | • BLS and ACLS certification required | • Excellent communication and critical thinking skills"
"Labor & Delivery Nurse","Danbury Hospital","Bridgeport, CT","nursing",71993,85489,"full-time",84,"2025-06-16","https://jobs.danburyhospital.com/apply/13161","• Valid Connecticut RN license or ability to obtain | • BSN preferred, ASN required | • 1-3 years of nursing experience preferred | • BLS and ACLS certification required | • Excellent communication and critical thinking skills"
"Travel Nurse","Connecticut Children's Medical Center","Norwalk, CT","nursing",95127,104507,"part-time",83,"2025-06-15","https://careers.connecticutchildrensmedicalcenter.org/job/898726","• Valid Connecticut RN license or ability to obtain | • BSN preferred, ASN required | • 1-3 years of nursing experience preferred | • BLS and ACLS certification required | • Excellent communication and critical thinking skills"
"Charge Nurse","Backus Hospital","White Plains, NY","nursing",84729,94883,"contract",82,"2025-06-17","https://jobs.backushospital.com/apply/84103","• Valid Connecticut RN license or ability to obtain | • BSN preferred, ASN required | • 1-3 years of nursing experience preferred | • BLS and ACLS certification required | • Excellent communication and critical thinking skills"
"Clinical Nurse Specialist","Stamford Hospital","Bridgeport, CT","nursing",73650,85962,"contract",81,"2025-06-23","https://jobs.stamfordhospital.com/apply/19578","• Valid Connecticut RN license or ability to obtain | • BSN preferred, ASN required | • 1-3 years of nursing experience preferred | • BLS and ACLS certification required | • Excellent communication and critical thinking skills"
"NICU Nurse","Yale New Haven Hospital","Norwalk, CT","nursing",71357,101001,"part-time",84,"2025-06-13","https://careers.yalenewhavenhospital.net/opportunities/8462","• Valid Connecticut RN license or ability to obtain | • BSN preferred, ASN required | • 1-3 years of nursing experience preferred | • BLS and ACLS certification required | • Excellent communication and critical thinking skills"
"RN - Emergency Department","Trinity Health","Stamford, CT","nursing",88404,100505,"contract",82,"2025-06-21","https://careers.trinityhealth.org/job/659617","• Valid Connecticut RN license or ability to obtain | • BSN preferred, ASN required | • 1-3 years of nursing experience preferred | • BLS and ACLS certification required | • Excellent communication and critical thinking skills"
"OR Nurse","Charlotte Hungerford Hospital","Meriden, CT","nursing",86475,92603,"per-diem",87,"2025-06-11","https://www.indeed.com/viewjob?jk=3482226467640096","• Valid Connecticut RN license or ability to obtain | • BSN preferred, ASN required | • 1-3 years of nursing experience preferred | • BLS and ACLS certification required | • Excellent communication and critical thinking skills"
"Clinical Nurse Specialist","Griffin Hospital","Greenwich, CT","nursing",90709,100335,"contract",80,"2025-06-20","https://healthcarejobs.com/ct/griffin-hospital/92690","• Valid Connecticut RN license or ability to obtain | • BSN preferred, ASN required | • 1-3 years of nursing experience preferred | • BLS and ACLS certification required | • Excellent communication and critical thinking skills"
"Float Pool Nurse","Day Kimball Hospital","Fairfield, CT","nursing",71474,77921,"full-time",86,"2025-06-15","https://www.glassdoor.com/job-listing/float-pool-nurse-day-kimball-hospital-JV_IC9489875.htm","• Valid Connecticut RN license or ability to obtain | • BSN preferred, ASN required | • 1-3 years of nursing experience preferred | • BLS and ACLS certification required | • Excellent communication and critical thinking skills"
"Psychiatric Nurse","Yale New Haven Health System","White Plains, NY","nursing",73416,101982,"full-time",95,"2025-06-21","https://healthcarejobs.com/ct/yale-new-haven-health-system/80736","• Valid Connecticut RN license or ability to obtain | • BSN preferred, ASN required | • 1-3 years of nursing experience preferred | • BLS and ACLS certification required | • Excellent communication and critical thinking skills"
"Registered Nurse - ICU","Backus Hospital","Middletown, CT","nursing",94541,101003,"contract",86,"2025-06-21","https://jobs.backushospital.com/apply/36374","• Valid Connecticut RN license or ability to obtain | • BSN preferred, ASN required | • 1-3 years of nursing experience preferred | • BLS and ACLS certification required | • Excellent communication and critical thinking skills"
"RN - Emergency Department","Connecticut Children's Medical Center","Greenwich, CT","nursing",79650,102421,"part-time",86,"2025-06-22","https://careers.connecticutchildrensmedicalcenter.org/job/322267","• Valid Connecticut RN license or ability to obtain | • BSN preferred, ASN required | • 1-3 years of nursing experience preferred | • BLS and ACLS certification required | • Excellent communication and critical thinking skills"
"NICU Nurse","Hospital of Central Connecticut","Greenwich, CT","nursing",93115,104788,"part-time",95,"2025-06-15","https://www.indeed.com/viewjob?jk=2358088466960681","• Valid Connecticut RN license or ability to obtain | • BSN preferred, ASN required | • 1-3 years of nursing experience preferred | • BLS and ACLS certification required | • Excellent communication and critical thinking skills"
"Staff Nurse - Med/Surg","Hartford Hospital","Springfield, MA","nursing",96623,102973,"part-time",80,"2025-06-19","https://jobs.hartfordhospital.com/apply/26715","• Valid Connecticut RN license or ability to obtain | • BSN preferred, ASN required | • 1-3 years of nursing experience preferred | • BLS and ACLS certification required | • Excellent communication and critical thinking skills"
"Cardiac Nurse","Hartford HealthCare","Bristol, CT","nursing",74714,95658,"part-time",88,"2025-06-17","https://careers.hartfordhealthcare.org/job/896525","• Valid Connecticut RN license or ability to obtain | • BSN preferred, ASN required | • 1-3 years of nursing experience preferred | • BLS and ACLS certification required | • Excellent communication and critical thinking skills"
"Pediatric Nurse","Charlotte Hungerford Hospital","Norwalk, CT","nursing",95407,100845,"per-diem",82,"2025-06-16","https://www.glassdoor.com/job-listing/pediatric-nurse-charlotte-hungerford-hospital-JV_IC2872013.htm","• Valid Connecticut RN license or ability to obtain | • BSN preferred, ASN required | • 1-3 years of nursing experience preferred | • BLS and ACLS certification required | • Excellent communication and critical thinking skills"
"Clinical Nurse Specialist","Norwalk Hospital","Milford, CT","nursing",90933,97533,"contract",93,"2025-06-17","https://careers.norwalkhospital.org/job/774139","• Valid Connecticut RN license or ability to obtain | • BSN preferred, ASN required | • 1-3 years of nursing experience preferred | • BLS and ACLS certification required | • Excellent communication and critical thinking skills"
"ICU Nurse","Yale New Haven Health System","Bridgeport, CT","nursing",95653,100705,"full-time",91,"2025-06-17","https://healthcarejobs.com/ct/yale-new-haven-health-system/62269","• Valid Connecticut RN license or ability to obtain | • BSN preferred, ASN required | • 1-3 years of nursing experience preferred | • BLS and ACLS certification required | • Excellent communication and critical thinking skills"
"OR Nurse","Stamford Hospital","Milford, CT","nursing",91408,98497,"full-time",91,"2025-06-16","https://www.glassdoor.com/job-listing/or-nurse-stamford-hospital-JV_IC3524727.htm","• Valid Connecticut RN license or ability to obtain | • BSN preferred, ASN required | • 1-3 years of nursing experience preferred | • BLS and ACLS certification required | • Excellent communication and critical thinking skills"
"Nurse Manager","St. Francis Hospital","Middletown, CT","nursing",86371,100394,"contract",93,"2025-06-13","https://healthcarejobs.com/ct/st.-francis-hospital/84299","• Valid Connecticut RN license or ability to obtain | • BSN preferred, ASN required | • 1-3 years of nursing experience preferred | • BLS and ACLS certification required | • Excellent communication and critical thinking skills"
"RN - Emergency Department","Middlesex Hospital","Norwalk, CT","nursing",87145,98690,"contract",81,"2025-06-23","https://healthcarejobs.com/ct/middlesex-hospital/88740","• Valid Connecticut RN license or ability to obtain | • BSN preferred, ASN required | • 1-3 years of nursing experience preferred | • BLS and ACLS certification required | • Excellent communication and critical thinking skills"
"Charge Nurse","Norwalk Hospital","White Plains, NY","nursing",72816,104591,"per-diem",88,"2025-06-13","https://jobs.norwalkhospital.com/apply/20811","• Valid Connecticut RN license or ability to obtain | • BSN preferred, ASN required | • 1-3 years of nursing experience preferred | • BLS and ACLS certification required | • Excellent communication and critical thinking skills"
"Travel Nurse","Stamford Hospital","Stamford, CT","nursing",86655,96271,"per-diem",95,"2025-06-20","https://healthcarejobs.com/ct/stamford-hospital/47926","• Valid Connecticut RN license or ability to obtain | • BSN preferred, ASN required | • 1-3 years of nursing experience preferred | • BLS and ACLS certification required | • Excellent communication and critical thinking skills"
"Pediatric Nurse","Hartford Hospital","West Haven, CT","nursing",85796,102399,"contract",90,"2025-06-15","https://jobs.hartfordhospital.com/apply/14024","• Valid Connecticut RN license or ability to obtain | • BSN preferred, ASN required | • 1-3 years of nursing experience preferred | • BLS and ACLS certification required | • Excellent communication and critical thinking skills"
"Charge Nurse","Norwalk Hospital","Bridgeport, CT","nursing",79737,85114,"part-time",83,"2025-06-20","https://www.indeed.com/viewjob?jk=4413403449811791","• Valid Connecticut RN license or ability to obtain | • BSN preferred, ASN required | • 1-3 years of nursing experience preferred | • BLS and ACLS certification required | • Excellent communication and critical thinking skills"
"Labor & Delivery Nurse","Hartford HealthCare","Providence, RI","nursing",80421,86907,"per-diem",81,"2025-06-17","https://jobs.hartfordhealthcare.com/apply/80327","• Valid Connecticut RN license or ability to obtain | • BSN preferred, ASN required | • 1-3 years of nursing experience preferred | • BLS and ACLS certification required | • Excellent communication and critical thinking skills"
"Trauma Nurse","Norwalk Hospital","New Haven, CT","nursing",78137,94020,"part-time",97,"2025-06-13","https://www.indeed.com/viewjob?jk=5410959525929634","• Valid Connecticut RN license or ability to obtain | • BSN preferred, ASN required | • 1-3 years of nursing experience preferred | • BLS and ACLS certification required | • Excellent communication and critical thinking skills"
"Charge Nurse","Backus Hospital","Meriden, CT","nursing",73701,98345,"full-time",89,"2025-06-14","https://healthcarejobs.com/ct/backus-hospital/45498","• Valid Connecticut RN license or ability to obtain | • BSN preferred, ASN required | • 1-3 years of nursing experience preferred | • BLS and ACLS certification required | • Excellent communication and critical thinking skills"
"Cardiac Nurse","St. Francis Hospital","Hartford, CT","nursing",72799,99060,"part-time",83,"2025-06-22","https://careers.st.francishospital.net/opportunities/4313","• Valid Connecticut RN license or ability to obtain | • BSN preferred, ASN required | • 1-3 years of nursing experience preferred | • BLS and ACLS certification required | • Excellent communication and critical thinking skills"
"Charge Nurse","St. Francis Hospital","Danbury, CT","nursing",70364,80678,"full-time",83,"2025-06-10","https://healthcarejobs.com/ct/st.-francis-hospital/43691","• Valid Connecticut RN license or ability to obtain | • BSN preferred, ASN required | • 1-3 years of nursing experience preferred | • BLS and ACLS certification required | • Excellent communication and critical thinking skills"
"Registered Nurse - ICU","Middlesex Hospital","Springfield, MA","nursing",94467,104369,"full-time",91,"2025-06-17","https://careers.middlesexhospital.org/job/984051","• Valid Connecticut RN license or ability to obtain | • BSN preferred, ASN required | • 1-3 years of nursing experience preferred | • BLS and ACLS certification required | • Excellent communication and critical thinking skills"
"Psychiatric Nurse","Bridgeport Hospital","Middletown, CT","nursing",78284,85530,"contract",98,"2025-06-19","https://jobs.bridgeporthospital.com/apply/88170","• Valid Connecticut RN license or ability to obtain | • BSN preferred, ASN required | • 1-3 years of nursing experience preferred | • BLS and ACLS certification required | • Excellent communication and critical thinking skills"
"OR Nurse","Yale New Haven Hospital","Norwich, CT","nursing",81258,104218,"contract",95,"2025-06-19","https://www.indeed.com/viewjob?jk=9698907480780687","• Valid Connecticut RN license or ability to obtain | • BSN preferred, ASN required | • 1-3 years of nursing experience preferred | • BLS and ACLS certification required | • Excellent communication and critical thinking skills"
"Psychiatric Nurse","Norwalk Hospital","New Britain, CT","nursing",85870,99098,"full-time",78,"2025-06-11","https://www.ziprecruiter.com/c/Norwalk-Hospital/Jobs/957776","• Valid Connecticut RN license or ability to obtain | • BSN preferred, ASN required | • 1-3 years of nursing experience preferred | • BLS and ACLS certification required | • Excellent communication and critical thinking skills"
"Nursing Assistant","Hartford Hospital","Danbury, CT","cna",43452,53067,"full-time",96,"2025-06-19","https://healthcarejobs.com/ct/hartford-hospital/91364","• Valid Connecticut CNA certification | • High school diploma or equivalent | • Previous healthcare experience preferred | • Strong interpersonal and communication skills | • Ability to work flexible schedules including weekends"
"Ward Clerk","Trinity Health","Meriden, CT","cna",40517,45815,"per-diem",94,"2025-06-11","https://jobs.trinityhealth.com/apply/26283","• Valid Connecticut CNA certification | • High school diploma or equivalent | • Previous healthcare experience preferred | • Strong interpersonal and communication skills | • Ability to work flexible schedules including weekends"
"Healthcare Assistant","Connecticut Children's Medical Center","Hartford, CT","cna",43341,51198,"part-time",87,"2025-06-17","https://www.glassdoor.com/job-listing/healthcare-assistant-connecticut-children's-medical-center-JV_IC2316501.htm","• Valid Connecticut CNA certification | • High school diploma or equivalent | • Previous healthcare experience preferred | • Strong interpersonal and communication skills | • Ability to work flexible schedules including weekends"
"Healthcare Assistant","St. Francis Hospital","New Haven, CT","cna",42054,52546,"part-time",92,"2025-06-23","https://healthcarejobs.com/ct/st.-francis-hospital/24947","• Valid Connecticut CNA certification | • High school diploma or equivalent | • Previous healthcare experience preferred | • Strong interpersonal and communication skills | • Ability to work flexible schedules including weekends"
"Medical Assistant","Hospital of Central Connecticut","Bristol, CT","cna",45121,53852,"per-diem",84,"2025-06-14","https://jobs.hospitalofcentralconnecticut.com/apply/22446","• Valid Connecticut CNA certification | • High school diploma or equivalent | • Previous healthcare experience preferred | • Strong interpersonal and communication skills | • Ability to work flexible schedules including weekends"
"Unit Secretary","Griffin Hospital","Norwalk, CT","cna",45507,54172,"contract",84,"2025-06-17","https://jobs.griffinhospital.com/apply/80733","• Valid Connecticut CNA certification | • High school diploma or equivalent | • Previous healthcare experience preferred | • Strong interpersonal and communication skills | • Ability to work flexible schedules including weekends"
"Clinical Assistant","Hospital of Central Connecticut","West Haven, CT","cna",38667,49621,"full-time",81,"2025-06-13","https://careers.hospitalofcentralconnecticut.org/job/840521","• Valid Connecticut CNA certification | • High school diploma or equivalent | • Previous healthcare experience preferred | • Strong interpersonal and communication skills | • Ability to work flexible schedules including weekends"
"Clinical Assistant","Hartford HealthCare","Hartford, CT","cna",38055,47161,"part-time",79,"2025-06-22","https://www.indeed.com/viewjob?jk=8429769726966407","• Valid Connecticut CNA certification | • High school diploma or equivalent | • Previous healthcare experience preferred | • Strong interpersonal and communication skills | • Ability to work flexible schedules including weekends"
"Healthcare Assistant","Charlotte Hungerford Hospital","Hartford, CT","cna",42410,48683,"full-time",87,"2025-06-19","https://careers.charlottehungerfordhospital.net/opportunities/8374","• Valid Connecticut CNA certification | • High school diploma or equivalent | • Previous healthcare experience preferred | • Strong interpersonal and communication skills | • Ability to work flexible schedules including weekends"
"CNA - Certified Nursing Assistant","Stamford Hospital","Norwich, CT","cna",44694,54604,"contract",78,"2025-06-19","https://jobs.stamfordhospital.com/apply/58294","• Valid Connecticut CNA certification | • High school diploma or equivalent | • Previous healthcare experience preferred | • Strong interpersonal and communication skills | • Ability to work flexible schedules including weekends"
"Unit Secretary","Yale New Haven Health System","West Haven, CT","cna",46827,53690,"part-time",86,"2025-06-19","https://www.ziprecruiter.com/c/Yale-New-Haven-Health-System/Jobs/770872","• Valid Connecticut CNA certification | • High school diploma or equivalent | • Previous healthcare experience preferred | • Strong interpersonal and communication skills | • Ability to work flexible schedules including weekends"
"Clinical Assistant","St. Francis Hospital","Hartford, CT","cna",45038,53327,"per-diem",79,"2025-06-14","https://jobs.st.francishospital.com/apply/69889","• Valid Connecticut CNA certification | • High school diploma or equivalent | • Previous healthcare experience preferred | • Strong interpersonal and communication skills | • Ability to work flexible schedules including weekends"
"Healthcare Assistant","Danbury Hospital","Yonkers, NY","cna",38496,44879,"full-time",85,"2025-06-17","https://jobs.danburyhospital.com/apply/50093","• Valid Connecticut CNA certification | • High school diploma or equivalent | • Previous healthcare experience preferred | • Strong interpersonal and communication skills | • Ability to work flexible schedules including weekends"
"CNA - Certified Nursing Assistant","Yale New Haven Hospital","Norwalk, CT","cna",38583,47351,"part-time",81,"2025-06-15","https://healthcarejobs.com/ct/yale-new-haven-hospital/83458","• Valid Connecticut CNA certification | • High school diploma or equivalent | • Previous healthcare experience preferred | • Strong interpersonal and communication skills | • Ability to work flexible schedules including weekends"
"CNA - Certified Nursing Assistant","Trinity Health","White Plains, NY","cna",46550,53595,"part-time",85,"2025-06-19","https://careers.trinityhealth.net/opportunities/3048","• Valid Connecticut CNA certification | • High school diploma or equivalent | • Previous healthcare experience preferred | • Strong interpersonal and communication skills | • Ability to work flexible schedules including weekends"
"Medical Assistant","Griffin Hospital","New Britain, CT","cna",43223,48830,"part-time",94,"2025-06-12","https://careers.griffinhospital.net/opportunities/3297","• Valid Connecticut CNA certification | • High school diploma or equivalent | • Previous healthcare experience preferred | • Strong interpersonal and communication skills | • Ability to work flexible schedules including weekends"
"Clinical Assistant","Connecticut Children's Medical Center","Bristol, CT","cna",45126,53505,"full-time",79,"2025-06-16","https://healthcarejobs.com/ct/connecticut-children's-medical-center/96714","• Valid Connecticut CNA certification | • High school diploma or equivalent | • Previous healthcare experience preferred | • Strong interpersonal and communication skills | • Ability to work flexible schedules including weekends"
"Ward Clerk","Yale New Haven Health System","New Britain, CT","cna",40319,46538,"contract",89,"2025-06-17","https://www.ziprecruiter.com/c/Yale-New-Haven-Health-System/Jobs/420574","• Valid Connecticut CNA certification | • High school diploma or equivalent | • Previous healthcare experience preferred | • Strong interpersonal and communication skills | • Ability to work flexible schedules including weekends"
"Unit Secretary","Charlotte Hungerford Hospital","Waterbury, CT","cna",40319,53599,"full-time",87,"2025-06-09","https://careers.charlottehungerfordhospital.net/opportunities/3055","• Valid Connecticut CNA certification | • High school diploma or equivalent | • Previous healthcare experience preferred | • Strong interpersonal and communication skills | • Ability to work flexible schedules including weekends"
"Healthcare Assistant","Hartford HealthCare","Yonkers, NY","cna",39754,53393,"full-time",82,"2025-06-17","https://jobs.hartfordhealthcare.com/apply/81460","• Valid Connecticut CNA certification | • High school diploma or equivalent | • Previous healthcare experience preferred | • Strong interpersonal and communication skills | • Ability to work flexible schedules including weekends"
"Nursing Assistant","Middlesex Hospital","Yonkers, NY","cna",43991,54545,"part-time",87,"2025-06-16","https://www.glassdoor.com/job-listing/nursing-assistant-middlesex-hospital-JV_IC3841593.htm","• Valid Connecticut CNA certification | • High school diploma or equivalent | • Previous healthcare experience preferred | • Strong interpersonal and communication skills | • Ability to work flexible schedules including weekends"
"CNA - Certified Nursing Assistant","St. Francis Hospital","New Haven, CT","cna",39211,50033,"full-time",92,"2025-06-10","https://healthcarejobs.com/ct/st.-francis-hospital/83459","• Valid Connecticut CNA certification | • High school diploma or equivalent | • Previous healthcare experience preferred | • Strong interpersonal and communication skills | • Ability to work flexible schedules including weekends"
"Patient Care Assistant","Prospect Medical Holdings","Danbury, CT","cna",38947,52701,"part-time",90,"2025-06-20","https://www.ziprecruiter.com/c/Prospect-Medical-Holdings/Jobs/888383","• Valid Connecticut CNA certification | • High school diploma or equivalent | • Previous healthcare experience preferred | • Strong interpersonal and communication skills | • Ability to work flexible schedules including weekends"
"Clinical Assistant","Hartford HealthCare","Milford, CT","cna",45621,52164,"full-time",88,"2025-06-20","https://www.ziprecruiter.com/c/Hartford-HealthCare/Jobs/799490","• Valid Connecticut CNA certification | • High school diploma or equivalent | • Previous healthcare experience preferred | • Strong interpersonal and communication skills | • Ability to work flexible schedules including weekends"
"Healthcare Assistant","Hartford HealthCare","Middletown, CT","cna",41370,47905,"per-diem",93,"2025-06-20","https://www.indeed.com/viewjob?jk=4067848004752418","• Valid Connecticut CNA certification | • High school diploma or equivalent | • Previous healthcare experience preferred | • Strong interpersonal and communication skills | • Ability to work flexible schedules including weekends"
"Healthcare Assistant","Danbury Hospital","Milford, CT","cna",41792,48629,"contract",83,"2025-06-22","https://jobs.danburyhospital.com/apply/84713","• Valid Connecticut CNA certification | • High school diploma or equivalent | • Previous healthcare experience preferred | • Strong interpersonal and communication skills | • Ability to work flexible schedules including weekends"
"Clinical Assistant","Charlotte Hungerford Hospital","New Britain, CT","cna",42074,51267,"contract",98,"2025-06-09","https://jobs.charlottehungerfordhospital.com/apply/96977","• Valid Connecticut CNA certification | • High school diploma or equivalent | • Previous healthcare experience preferred | • Strong interpersonal and communication skills | • Ability to work flexible schedules including weekends"
"Patient Care Technician","Yale New Haven Hospital","Yonkers, NY","cna",40063,52116,"contract",91,"2025-06-22","https://www.ziprecruiter.com/c/Yale-New-Haven-Hospital/Jobs/616640","• Valid Connecticut CNA certification | • High school diploma or equivalent | • Previous healthcare experience preferred | • Strong interpersonal and communication skills | • Ability to work flexible schedules including weekends"
"Medical Assistant","Danbury Hospital","Norwalk, CT","cna",42848,51262,"part-time",89,"2025-06-21","https://careers.danburyhospital.net/opportunities/6349","• Valid Connecticut CNA certification | • High school diploma or equivalent | • Previous healthcare experience preferred | • Strong interpersonal and communication skills | • Ability to work flexible schedules including weekends"
"Nursing Assistant","Bridgeport Hospital","Stamford, CT","cna",44679,53427,"contract",85,"2025-06-14","https://careers.bridgeporthospital.org/job/584835","• Valid Connecticut CNA certification | • High school diploma or equivalent | • Previous healthcare experience preferred | • Strong interpersonal and communication skills | • Ability to work flexible schedules including weekends"
"Clinical Assistant","Griffin Hospital","Middletown, CT","cna",42555,47985,"part-time",79,"2025-06-14","https://www.glassdoor.com/job-listing/clinical-assistant-griffin-hospital-JV_IC7502025.htm","• Valid Connecticut CNA certification | • High school diploma or equivalent | • Previous healthcare experience preferred | • Strong interpersonal and communication skills | • Ability to work flexible schedules including weekends"
"Unit Secretary","Hartford Hospital","Milford, CT","cna",39661,54989,"part-time",80,"2025-06-21","https://www.indeed.com/viewjob?jk=2843258339624974","• Valid Connecticut CNA certification | • High school diploma or equivalent | • Previous healthcare experience preferred | • Strong interpersonal and communication skills | • Ability to work flexible schedules including weekends"
"Unit Secretary","Hartford HealthCare","New Britain, CT","cna",44579,50999,"per-diem",86,"2025-06-19","https://careers.hartfordhealthcare.org/job/681279","• Valid Connecticut CNA certification | • High school diploma or equivalent | • Previous healthcare experience preferred | • Strong interpersonal and communication skills | • Ability to work flexible schedules including weekends"
"Patient Care Technician","Griffin Hospital","Stamford, CT","cna",42875,48824,"part-time",90,"2025-06-15","https://careers.griffinhospital.org/job/308171","• Valid Connecticut CNA certification | • High school diploma or equivalent | • Previous healthcare experience preferred | • Strong interpersonal and communication skills | • Ability to work flexible schedules including weekends"
"Nursing Assistant","Backus Hospital","Fairfield, CT","cna",44634,50753,"contract",91,"2025-06-14","https://www.glassdoor.com/job-listing/nursing-assistant-backus-hospital-JV_IC3026294.htm","• Valid Connecticut CNA certification | • High school diploma or equivalent | • Previous healthcare experience preferred | • Strong interpersonal and communication skills | • Ability to work flexible schedules including weekends"
"Patient Care Technician","Griffin Hospital","Yonkers, NY","cna",43635,50830,"contract",83,"2025-06-22","https://www.glassdoor.com/job-listing/patient-care-technician-griffin-hospital-JV_IC9604059.htm","• Valid Connecticut CNA certification | • High school diploma or equivalent | • Previous healthcare experience preferred | • Strong interpersonal and communication skills | • Ability to work flexible schedules including weekends"
"Nursing Assistant","Hartford Hospital","New Haven, CT","cna",38221,44086,"per-diem",89,"2025-06-16","https://www.indeed.com/viewjob?jk=7635950924452467","• Valid Connecticut CNA certification | • High school diploma or equivalent | • Previous healthcare experience preferred | • Strong interpersonal and communication skills | • Ability to work flexible schedules including weekends"
"Patient Care Assistant","Bridgeport Hospital","White Plains, NY","cna",41843,50512,"per-diem",90,"2025-06-21","https://careers.bridgeporthospital.net/opportunities/1970","• Valid Connecticut CNA certification | • High school diploma or equivalent | • Previous healthcare experience preferred | • Strong interpersonal and communication skills | • Ability to work flexible schedules including weekends"
"Unit Secretary","Connecticut Children's Medical Center","Waterbury, CT","cna",46736,52676,"per-diem",87,"2025-06-12","https://www.ziprecruiter.com/c/Connecticut-Children's-Medical-Center/Jobs/871326","• Valid Connecticut CNA certification | • High school diploma or equivalent | • Previous healthcare experience preferred | • Strong interpersonal and communication skills | • Ability to work flexible schedules including weekends"
"Unit Secretary","Norwalk Hospital","Greenwich, CT","cna",44843,52160,"full-time",93,"2025-06-23","https://careers.norwalkhospital.org/job/101444","• Valid Connecticut CNA certification | • High school diploma or equivalent | • Previous healthcare experience preferred | • Strong interpersonal and communication skills | • Ability to work flexible schedules including weekends"
"Unit Secretary","Backus Hospital","New Haven, CT","cna",40151,50628,"per-diem",83,"2025-06-22","https://www.indeed.com/viewjob?jk=8663902787529873","• Valid Connecticut CNA certification | • High school diploma or equivalent | • Previous healthcare experience preferred | • Strong interpersonal and communication skills | • Ability to work flexible schedules including weekends"
"Clinical Assistant","Hartford Hospital","Danbury, CT","cna",45869,52221,"contract",91,"2025-06-09","https://careers.hartfordhospital.net/opportunities/2356","• Valid Connecticut CNA certification | • High school diploma or equivalent | • Previous healthcare experience preferred | • Strong interpersonal and communication skills | • Ability to work flexible schedules including weekends"
"Patient Care Technician","Hartford Hospital","Norwich, CT","cna",40585,50717,"part-time",89,"2025-06-10","https://www.ziprecruiter.com/c/Hartford-Hospital/Jobs/566692","• Valid Connecticut CNA certification | • High school diploma or equivalent | • Previous healthcare experience preferred | • Strong interpersonal and communication skills | • Ability to work flexible schedules including weekends"
"Medical Assistant","Hartford Hospital","Norwalk, CT","cna",41633,53829,"contract",88,"2025-06-15","https://healthcarejobs.com/ct/hartford-hospital/79988","• Valid Connecticut CNA certification | • High school diploma or equivalent | • Previous healthcare experience preferred | • Strong interpersonal and communication skills | • Ability to work flexible schedules including weekends"
"Ward Clerk","St. Francis Hospital","Springfield, MA","cna",45898,52302,"per-diem",96,"2025-06-23","https://www.glassdoor.com/job-listing/ward-clerk-st.-francis-hospital-JV_IC5369973.htm","• Valid Connecticut CNA certification | • High school diploma or equivalent | • Previous healthcare experience preferred | • Strong interpersonal and communication skills | • Ability to work flexible schedules including weekends"
"Patient Care Assistant","Hospital of Central Connecticut","West Haven, CT","cna",45261,54892,"per-diem",85,"2025-06-22","https://careers.hospitalofcentralconnecticut.net/opportunities/2404","• Valid Connecticut CNA certification | • High school diploma or equivalent | • Previous healthcare experience preferred | • Strong interpersonal and communication skills | • Ability to work flexible schedules including weekends"
"Nursing Assistant","Hartford Hospital","Middletown, CT","cna",41940,53934,"part-time",82,"2025-06-09","https://careers.hartfordhospital.org/job/627994","• Valid Connecticut CNA certification | • High school diploma or equivalent | • Previous healthcare experience preferred | • Strong interpersonal and communication skills | • Ability to work flexible schedules including weekends"
"Healthcare Assistant","Griffin Hospital","Bridgeport, CT","cna",42898,50348,"per-diem",84,"2025-06-22","https://careers.griffinhospital.net/opportunities/5310","• Valid Connecticut CNA certification | • High school diploma or equivalent | • Previous healthcare experience preferred | • Strong interpersonal and communication skills | • Ability to work flexible schedules including weekends"
"Clinical Assistant","Backus Hospital","West Haven, CT","cna",39603,46472,"contract",81,"2025-06-12","https://www.glassdoor.com/job-listing/clinical-assistant-backus-hospital-JV_IC7398689.htm","• Valid Connecticut CNA certification | • High school diploma or equivalent | • Previous healthcare experience preferred | • Strong interpersonal and communication skills | • Ability to work flexible schedules including weekends"
"CNA - Certified Nursing Assistant","Middlesex Hospital","Middletown, CT","cna",39979,49505,"contract",98,"2025-06-09","https://careers.middlesexhospital.net/opportunities/8361","• Valid Connecticut CNA certification | • High school diploma or equivalent | • Previous healthcare experience preferred | • Strong interpersonal and communication skills | • Ability to work flexible schedules including weekends"
"Unit Secretary","Charlotte Hungerford Hospital","Meriden, CT","cna",38893,45776,"part-time",94,"2025-06-19","https://jobs.charlottehungerfordhospital.com/apply/12022","• Valid Connecticut CNA certification | • High school diploma or equivalent | • Previous healthcare experience preferred | • Strong interpersonal and communication skills | • Ability to work flexible schedules including weekends"
"Patient Care Assistant","Trinity Health","Middletown, CT","cna",40306,54344,"full-time",96,"2025-06-18","https://healthcarejobs.com/ct/trinity-health/54121","• Valid Connecticut CNA certification | • High school diploma or equivalent | • Previous healthcare experience preferred | • Strong interpersonal and communication skills | • Ability to work flexible schedules including weekends"
"Patient Care Assistant","Danbury Hospital","Fairfield, CT","cna",41338,46460,"full-time",84,"2025-06-19","https://www.ziprecruiter.com/c/Danbury-Hospital/Jobs/801022","• Valid Connecticut CNA certification | • High school diploma or equivalent | • Previous healthcare experience preferred | • Strong interpersonal and communication skills | • Ability to work flexible schedules including weekends"
"Patient Care Assistant","St. Francis Hospital","Waterbury, CT","cna",39059,45701,"contract",93,"2025-06-12","https://careers.st.francishospital.net/opportunities/1709","• Valid Connecticut CNA certification | • High school diploma or equivalent | • Previous healthcare experience preferred | • Strong interpersonal and communication skills | • Ability to work flexible schedules including weekends"
"Patient Care Assistant","Hospital of Central Connecticut","Bristol, CT","cna",40879,46761,"contract",91,"2025-06-18","https://www.indeed.com/viewjob?jk=8484912630023704","• Valid Connecticut CNA certification | • High school diploma or equivalent | • Previous healthcare experience preferred | • Strong interpersonal and communication skills | • Ability to work flexible schedules including weekends"
"Unit Secretary","Charlotte Hungerford Hospital","Bristol, CT","cna",44571,49746,"full-time",78,"2025-06-22","https://www.indeed.com/viewjob?jk=4133983684363959","• Valid Connecticut CNA certification | • High school diploma or equivalent | • Previous healthcare experience preferred | • Strong interpersonal and communication skills | • Ability to work flexible schedules including weekends"
"Clinical Assistant","Danbury Hospital","Fairfield, CT","cna",38834,45501,"full-time",95,"2025-06-20","https://careers.danburyhospital.net/opportunities/3900","• Valid Connecticut CNA certification | • High school diploma or equivalent | • Previous healthcare experience preferred | • Strong interpersonal and communication skills | • Ability to work flexible schedules including weekends"
"CNA - Certified Nursing Assistant","Hospital of Central Connecticut","Stamford, CT","cna",43573,49149,"contract",97,"2025-06-15","https://www.ziprecruiter.com/c/Hospital-of-Central-Connecticut/Jobs/222670","• Valid Connecticut CNA certification | • High school diploma or equivalent | • Previous healthcare experience preferred | • Strong interpersonal and communication skills | • Ability to work flexible schedules including weekends"
"Healthcare Assistant","Trinity Health","Stamford, CT","cna",39068,48362,"part-time",79,"2025-06-16","https://www.ziprecruiter.com/c/Trinity-Health/Jobs/999736","• Valid Connecticut CNA certification | • High school diploma or equivalent | • Previous healthcare experience preferred | • Strong interpersonal and communication skills | • Ability to work flexible schedules including weekends"
"Unit Secretary","Yale New Haven Health System","Bristol, CT","cna",42690,53954,"part-time",93,"2025-06-14","https://jobs.yalenewhavenhealthsystem.com/apply/61874","• Valid Connecticut CNA certification | • High school diploma or equivalent | • Previous healthcare experience preferred | • Strong interpersonal and communication skills | • Ability to work flexible schedules including weekends"
"Medical Assistant","Hartford Hospital","Bridgeport, CT","cna",38706,47957,"part-time",82,"2025-06-16","https://www.indeed.com/viewjob?jk=3913138618961822","• Valid Connecticut CNA certification | • High school diploma or equivalent | • Previous healthcare experience preferred | • Strong interpersonal and communication skills | • Ability to work flexible schedules including weekends"
"Patient Care Technician","Yale New Haven Health System","West Haven, CT","cna",43001,53693,"per-diem",90,"2025-06-09","https://www.ziprecruiter.com/c/Yale-New-Haven-Health-System/Jobs/937990","• Valid Connecticut CNA certification | • High school diploma or equivalent | • Previous healthcare experience preferred | • Strong interpersonal and communication skills | • Ability to work flexible schedules including weekends"
"Ward Clerk","Prospect Medical Holdings","Fairfield, CT","cna",45901,52847,"part-time",93,"2025-06-19","https://www.glassdoor.com/job-listing/ward-clerk-prospect-medical-holdings-JV_IC5664953.htm","• Valid Connecticut CNA certification | • High school diploma or equivalent | • Previous healthcare experience preferred | • Strong interpersonal and communication skills | • Ability to work flexible schedules including weekends"
"Ward Clerk","Norwalk Hospital","Greenwich, CT","cna",43116,50700,"contract",86,"2025-06-18","https://careers.norwalkhospital.org/job/613945","• Valid Connecticut CNA certification | • High school diploma or equivalent | • Previous healthcare experience preferred | • Strong interpersonal and communication skills | • Ability to work flexible schedules including weekends"
"CNA - Certified Nursing Assistant","Hartford Hospital","Fairfield, CT","cna",41161,47583,"contract",92,"2025-06-16","https://careers.hartfordhospital.org/job/235374","• Valid Connecticut CNA certification | • High school diploma or equivalent | • Previous healthcare experience preferred | • Strong interpersonal and communication skills | • Ability to work flexible schedules including weekends"
"Patient Care Assistant","Connecticut Children's Medical Center","Bristol, CT","cna",38740,45244,"part-time",82,"2025-06-15","https://healthcarejobs.com/ct/connecticut-children's-medical-center/85679","• Valid Connecticut CNA certification | • High school diploma or equivalent | • Previous healthcare experience preferred | • Strong interpersonal and communication skills | • Ability to work flexible schedules including weekends"
"Medical Assistant","Bridgeport Hospital","Stamford, CT","cna",41281,49776,"part-time",92,"2025-06-12","https://healthcarejobs.com/ct/bridgeport-hospital/73934","• Valid Connecticut CNA certification | • High school diploma or equivalent | • Previous healthcare experience preferred | • Strong interpersonal and communication skills | • Ability to work flexible schedules including weekends"
"Medical Assistant","Norwalk Hospital","Bristol, CT","cna",42017,54703,"full-time",98,"2025-06-17","https://www.indeed.com/viewjob?jk=7110621743250181","• Valid Connecticut CNA certification | • High school diploma or equivalent | • Previous healthcare experience preferred | • Strong interpersonal and communication skills | • Ability to work flexible schedules including weekends"
"Ward Clerk","Danbury Hospital","White Plains, NY","cna",42809,50325,"full-time",90,"2025-06-23","https://www.indeed.com/viewjob?jk=8152795126073884","• Valid Connecticut CNA certification | • High school diploma or equivalent | • Previous healthcare experience preferred | • Strong interpersonal and communication skills | • Ability to work flexible schedules including weekends"
"Healthcare Assistant","Yale New Haven Health System","New Haven, CT","cna",43379,51061,"contract",80,"2025-06-15","https://www.glassdoor.com/job-listing/healthcare-assistant-yale-new-haven-health-system-JV_IC7650947.htm","• Valid Connecticut CNA certification | • High school diploma or equivalent | • Previous healthcare experience preferred | • Strong interpersonal and communication skills | • Ability to work flexible schedules including weekends"
"Nursing Assistant","Middlesex Hospital","Meriden, CT","cna",46520,54455,"per-diem",95,"2025-06-14","https://www.ziprecruiter.com/c/Middlesex-Hospital/Jobs/712921","• Valid Connecticut CNA certification | • High school diploma or equivalent | • Previous healthcare experience preferred | • Strong interpersonal and communication skills | • Ability to work flexible schedules including weekends"
"Medical Assistant","Hartford HealthCare","White Plains, NY","cna",39484,54159,"part-time",91,"2025-06-22","https://healthcarejobs.com/ct/hartford-healthcare/37554","• Valid Connecticut CNA certification | • High school diploma or equivalent | • Previous healthcare experience preferred | • Strong interpersonal and communication skills | • Ability to work flexible schedules including weekends"
"Nursing Assistant","St. Francis Hospital","New Britain, CT","cna",46758,53930,"full-time",85,"2025-06-12","https://www.ziprecruiter.com/c/St.-Francis-Hospital/Jobs/671362","• Valid Connecticut CNA certification | • High school diploma or equivalent | • Previous healthcare experience preferred | • Strong interpersonal and communication skills | • Ability to work flexible schedules including weekends"
"Patient Care Assistant","Prospect Medical Holdings","Norwich, CT","cna",45444,54880,"contract",80,"2025-06-14","https://careers.prospectmedicalholdings.org/job/738432","• Valid Connecticut CNA certification | • High school diploma or equivalent | • Previous healthcare experience preferred | • Strong interpersonal and communication skills | • Ability to work flexible schedules including weekends"
"Ward Clerk","Prospect Medical Holdings","West Haven, CT","cna",41507,52286,"full-time",97,"2025-06-15","https://careers.prospectmedicalholdings.net/opportunities/4670","• Valid Connecticut CNA certification | • High school diploma or equivalent | • Previous healthcare experience preferred | • Strong interpersonal and communication skills | • Ability to work flexible schedules including weekends"
"Ward Clerk","Hartford Hospital","Bristol, CT","cna",46418,52923,"full-time",93,"2025-06-18","https://careers.hartfordhospital.org/job/662620","• Valid Connecticut CNA certification | • High school diploma or equivalent | • Previous healthcare experience preferred | • Strong interpersonal and communication skills | • Ability to work flexible schedules including weekends"
"Patient Care Technician","Yale New Haven Health System","Stamford, CT","cna",45209,54870,"part-time",83,"2025-06-22","https://careers.yalenewhavenhealthsystem.net/opportunities/3597","• Valid Connecticut CNA certification | • High school diploma or equivalent | • Previous healthcare experience preferred | • Strong interpersonal and communication skills | • Ability to work flexible schedules including weekends"
"Ward Clerk","Hospital of Central Connecticut","Providence, RI","cna",43080,50948,"contract",87,"2025-06-14","https://careers.hospitalofcentralconnecticut.org/job/986252","• Valid Connecticut CNA certification | • High school diploma or equivalent | • Previous healthcare experience preferred | • Strong interpersonal and communication skills | • Ability to work flexible schedules including weekends"
"CNA - Certified Nursing Assistant","Hartford HealthCare","Stamford, CT","cna",45053,54844,"per-diem",84,"2025-06-12","https://healthcarejobs.com/ct/hartford-healthcare/66884","• Valid Connecticut CNA certification | • High school diploma or equivalent | • Previous healthcare experience preferred | • Strong interpersonal and communication skills | • Ability to work flexible schedules including weekends"
"CNA - Certified Nursing Assistant","Yale New Haven Hospital","White Plains, NY","cna",38555,53443,"part-time",83,"2025-06-14","https://healthcarejobs.com/ct/yale-new-haven-hospital/86806","• Valid Connecticut CNA certification | • High school diploma or equivalent | • Previous healthcare experience preferred | • Strong interpersonal and communication skills | • Ability to work flexible schedules including weekends"
"Medical Assistant","Connecticut Children's Medical Center","Middletown, CT","cna",46179,54450,"contract",87,"2025-06-10","https://careers.connecticutchildrensmedicalcenter.org/job/701563","• Valid Connecticut CNA certification | • High school diploma or equivalent | • Previous healthcare experience preferred | • Strong interpersonal and communication skills | • Ability to work flexible schedules including weekends"
"Ward Clerk","Trinity Health","Fairfield, CT","cna",46179,51480,"part-time",89,"2025-06-10","https://www.glassdoor.com/job-listing/ward-clerk-trinity-health-JV_IC1872375.htm","• Valid Connecticut CNA certification | • High school diploma or equivalent | • Previous healthcare experience preferred | • Strong interpersonal and communication skills | • Ability to work flexible schedules including weekends"
"Nursing Assistant","Prospect Medical Holdings","Springfield, MA","cna",39709,46871,"contract",78,"2025-06-18","https://healthcarejobs.com/ct/prospect-medical-holdings/15618","• Valid Connecticut CNA certification | • High school diploma or equivalent | • Previous healthcare experience preferred | • Strong interpersonal and communication skills | • Ability to work flexible schedules including weekends"
"Ward Clerk","Griffin Hospital","Bristol, CT","cna",39913,48246,"part-time",85,"2025-06-12","https://jobs.griffinhospital.com/apply/29411","• Valid Connecticut CNA certification | • High school diploma or equivalent | • Previous healthcare experience preferred | • Strong interpersonal and communication skills | • Ability to work flexible schedules including weekends"
"Ward Clerk","Norwalk Hospital","Springfield, MA","cna",40043,48969,"part-time",91,"2025-06-17","https://careers.norwalkhospital.org/job/562209","• Valid Connecticut CNA certification | • High school diploma or equivalent | • Previous healthcare experience preferred | • Strong interpersonal and communication skills | • Ability to work flexible schedules including weekends"
"Patient Care Technician","Yale New Haven Hospital","New Britain, CT","cna",45082,51284,"contract",83,"2025-06-09","https://www.ziprecruiter.com/c/Yale-New-Haven-Hospital/Jobs/564205","• Valid Connecticut CNA certification | • High school diploma or equivalent | • Previous healthcare experience preferred | • Strong interpersonal and communication skills | • Ability to work flexible schedules including weekends"
"Patient Care Technician","Backus Hospital","Danbury, CT","cna",39232,53563,"contract",98,"2025-06-14","https://healthcarejobs.com/ct/backus-hospital/15955","• Valid Connecticut CNA certification | • High school diploma or equivalent | • Previous healthcare experience preferred | • Strong interpersonal and communication skills | • Ability to work flexible schedules including weekends"
"Healthcare Assistant","Norwalk Hospital","Providence, RI","cna",39808,50342,"full-time",79,"2025-06-12","https://www.ziprecruiter.com/c/Norwalk-Hospital/Jobs/987247","• Valid Connecticut CNA certification | • High school diploma or equivalent | • Previous healthcare experience preferred | • Strong interpersonal and communication skills | • Ability to work flexible schedules including weekends"
"Nursing Assistant","Backus Hospital","Hartford, CT","cna",40591,54503,"part-time",84,"2025-06-20","https://www.glassdoor.com/job-listing/nursing-assistant-backus-hospital-JV_IC4274426.htm","• Valid Connecticut CNA certification | • High school diploma or equivalent | • Previous healthcare experience preferred | • Strong interpersonal and communication skills | • Ability to work flexible schedules including weekends"
"CNA - Certified Nursing Assistant","Middlesex Hospital","Yonkers, NY","cna",39559,44958,"full-time",88,"2025-06-16","https://www.glassdoor.com/job-listing/cna---certified-nursing-assistant-middlesex-hospital-JV_IC5913029.htm","• Valid Connecticut CNA certification | • High school diploma or equivalent | • Previous healthcare experience preferred | • Strong interpersonal and communication skills | • Ability to work flexible schedules including weekends"
"Nursing Assistant","Norwalk Hospital","White Plains, NY","cna",45474,54204,"per-diem",88,"2025-06-23","https://www.indeed.com/viewjob?jk=2999543858302906","• Valid Connecticut CNA certification | • High school diploma or equivalent | • Previous healthcare experience preferred | • Strong interpersonal and communication skills | • Ability to work flexible schedules including weekends"
"Nursing Assistant","St. Francis Hospital","Providence, RI","cna",43505,50495,"full-time",94,"2025-06-12","https://healthcarejobs.com/ct/st.-francis-hospital/65399","• Valid Connecticut CNA certification | • High school diploma or equivalent | • Previous healthcare experience preferred | • Strong interpersonal and communication skills | • Ability to work flexible schedules including weekends"
"Patient Care Technician","Day Kimball Hospital","Meriden, CT","cna",38891,47650,"full-time",93,"2025-06-14","https://careers.daykimballhospital.net/opportunities/2477","• Valid Connecticut CNA certification | • High school diploma or equivalent | • Previous healthcare experience preferred | • Strong interpersonal and communication skills | • Ability to work flexible schedules including weekends"
"Ward Clerk","St. Francis Hospital","Hartford, CT","cna",43111,52262,"contract",89,"2025-06-17","https://careers.st.francishospital.net/opportunities/3021","• Valid Connecticut CNA certification | • High school diploma or equivalent | • Previous healthcare experience preferred | • Strong interpersonal and communication skills | • Ability to work flexible schedules including weekends"
"Nursing Assistant","Connecticut Children's Medical Center","Stamford, CT","cna",43925,53793,"part-time",91,"2025-06-14","https://www.ziprecruiter.com/c/Connecticut-Children's-Medical-Center/Jobs/132638","• Valid Connecticut CNA certification | • High school diploma or equivalent | • Previous healthcare experience preferred | • Strong interpersonal and communication skills | • Ability to work flexible schedules including weekends"
"Medical Assistant","Hospital of Central Connecticut","White Plains, NY","cna",41265,52853,"per-diem",93,"2025-06-16","https://www.glassdoor.com/job-listing/medical-assistant-hospital-of-central-connecticut-JV_IC8343363.htm","• Valid Connecticut CNA certification | • High school diploma or equivalent | • Previous healthcare experience preferred | • Strong interpersonal and communication skills | • Ability to work flexible schedules including weekends"
"Ward Clerk","Yale New Haven Health System","Danbury, CT","cna",41973,49606,"part-time",81,"2025-06-13","https://careers.yalenewhavenhealthsystem.org/job/808848","• Valid Connecticut CNA certification | • High school diploma or equivalent | • Previous healthcare experience preferred | • Strong interpersonal and communication skills | • Ability to work flexible schedules including weekends"
"Ward Clerk","Prospect Medical Holdings","West Haven, CT","cna",40669,47054,"full-time",78,"2025-06-15","https://healthcarejobs.com/ct/prospect-medical-holdings/51116","• Valid Connecticut CNA certification | • High school diploma or equivalent | • Previous healthcare experience preferred | • Strong interpersonal and communication skills | • Ability to work flexible schedules including weekends"
"Unit Secretary","Yale New Haven Health System","Danbury, CT","cna",45085,51745,"contract",90,"2025-06-12","https://careers.yalenewhavenhealthsystem.net/opportunities/6196","• Valid Connecticut CNA certification | • High school diploma or equivalent | • Previous healthcare experience preferred | • Strong interpersonal and communication skills | • Ability to work flexible schedules including weekends"
"Medical Assistant","Stamford Hospital","White Plains, NY","cna",38731,49301,"part-time",86,"2025-06-09","https://jobs.stamfordhospital.com/apply/66289","• Valid Connecticut CNA certification | • High school diploma or equivalent | • Previous healthcare experience preferred | • Strong interpersonal and communication skills | • Ability to work flexible schedules including weekends"
"Healthcare Assistant","Stamford Hospital","Providence, RI","cna",42572,54625,"part-time",98,"2025-06-21","https://healthcarejobs.com/ct/stamford-hospital/15333","• Valid Connecticut CNA certification | • High school diploma or equivalent | • Previous healthcare experience preferred | • Strong interpersonal and communication skills | • Ability to work flexible schedules including weekends"
"CNA - Certified Nursing Assistant","Charlotte Hungerford Hospital","Bristol, CT","cna",40903,47999,"full-time",94,"2025-06-10","https://www.ziprecruiter.com/c/Charlotte-Hungerford-Hospital/Jobs/952540","• Valid Connecticut CNA certification | • High school diploma or equivalent | • Previous healthcare experience preferred | • Strong interpersonal and communication skills | • Ability to work flexible schedules including weekends"
"Unit Secretary","Charlotte Hungerford Hospital","Greenwich, CT","cna",45439,53085,"contract",96,"2025-06-17","https://www.indeed.com/viewjob?jk=3917918111402785","• Valid Connecticut CNA certification | • High school diploma or equivalent | • Previous healthcare experience preferred | • Strong interpersonal and communication skills | • Ability to work flexible schedules including weekends"
"Clinical Assistant","Day Kimball Hospital","Springfield, MA","cna",43964,54603,"part-time",80,"2025-06-18","https://www.indeed.com/viewjob?jk=1415480496980156","• Valid Connecticut CNA certification | • High school diploma or equivalent | • Previous healthcare experience preferred | • Strong interpersonal and communication skills | • Ability to work flexible schedules including weekends"
"Ward Clerk","Trinity Health","Norwalk, CT","cna",42756,47959,"part-time",96,"2025-06-11","https://healthcarejobs.com/ct/trinity-health/13947","• Valid Connecticut CNA certification | • High school diploma or equivalent | • Previous healthcare experience preferred | • Strong interpersonal and communication skills | • Ability to work flexible schedules including weekends"
"CNA - Certified Nursing Assistant","Charlotte Hungerford Hospital","Stamford, CT","cna",43844,54789,"full-time",97,"2025-06-19","https://www.glassdoor.com/job-listing/cna---certified-nursing-assistant-charlotte-hungerford-hospital-JV_IC4432708.htm","• Valid Connecticut CNA certification | • High school diploma or equivalent | • Previous healthcare experience preferred | • Strong interpersonal and communication skills | • Ability to work flexible schedules including weekends"
"Patient Care Technician","Norwalk Hospital","Bridgeport, CT","cna",45897,52848,"full-time",96,"2025-06-19","https://careers.norwalkhospital.net/opportunities/5897","• Valid Connecticut CNA certification | • High school diploma or equivalent | • Previous healthcare experience preferred | • Strong interpersonal and communication skills | • Ability to work flexible schedules including weekends"
"Healthcare Assistant","St. Francis Hospital","West Haven, CT","cna",43327,49073,"contract",92,"2025-06-19","https://jobs.st.francishospital.com/apply/28167","• Valid Connecticut CNA certification | • High school diploma or equivalent | • Previous healthcare experience preferred | • Strong interpersonal and communication skills | • Ability to work flexible schedules including weekends"
"Ward Clerk","Hartford HealthCare","Bristol, CT","cna",45228,51157,"part-time",87,"2025-06-21","https://www.glassdoor.com/job-listing/ward-clerk-hartford-healthcare-JV_IC5576311.htm","• Valid Connecticut CNA certification | • High school diploma or equivalent | • Previous healthcare experience preferred | • Strong interpersonal and communication skills | • Ability to work flexible schedules including weekends"
"CNA - Certified Nursing Assistant","Day Kimball Hospital","White Plains, NY","cna",38503,44581,"part-time",98,"2025-06-17","https://jobs.daykimballhospital.com/apply/42892","• Valid Connecticut CNA certification | • High school diploma or equivalent | • Previous healthcare experience preferred | • Strong interpersonal and communication skills | • Ability to work flexible schedules including weekends"
"Healthcare Assistant","Hartford HealthCare","Norwich, CT","cna",38201,53527,"per-diem",88,"2025-06-20","https://www.indeed.com/viewjob?jk=5415922251630402","• Valid Connecticut CNA certification | • High school diploma or equivalent | • Previous healthcare experience preferred | • Strong interpersonal and communication skills | • Ability to work flexible schedules including weekends"
"Unit Secretary","Connecticut Children's Medical Center","Norwalk, CT","cna",40293,49201,"per-diem",81,"2025-06-23","https://www.glassdoor.com/job-listing/unit-secretary-connecticut-children's-medical-center-JV_IC3011893.htm","• Valid Connecticut CNA certification | • High school diploma or equivalent | • Previous healthcare experience preferred | • Strong interpersonal and communication skills | • Ability to work flexible schedules including weekends"
"Patient Care Technician","St. Francis Hospital","Waterbury, CT","cna",43653,52938,"part-time",91,"2025-06-14","https://www.glassdoor.com/job-listing/patient-care-technician-st.-francis-hospital-JV_IC5425882.htm","• Valid Connecticut CNA certification | • High school diploma or equivalent | • Previous healthcare experience preferred | • Strong interpersonal and communication skills | • Ability to work flexible schedules including weekends"
"Medical Assistant","Trinity Health","Providence, RI","cna",44862,54328,"full-time",92,"2025-06-17","https://careers.trinityhealth.org/job/825730","• Valid Connecticut CNA certification | • High school diploma or equivalent | • Previous healthcare experience preferred | • Strong interpersonal and communication skills | • Ability to work flexible schedules including weekends"
"Clinical Assistant","Middlesex Hospital","Milford, CT","cna",44069,51266,"per-diem",96,"2025-06-16","https://healthcarejobs.com/ct/middlesex-hospital/87397","• Valid Connecticut CNA certification | • High school diploma or equivalent | • Previous healthcare experience preferred | • Strong interpersonal and communication skills | • Ability to work flexible schedules including weekends"
"Clinical Assistant","Charlotte Hungerford Hospital","Greenwich, CT","cna",40562,49691,"full-time",90,"2025-06-18","https://www.glassdoor.com/job-listing/clinical-assistant-charlotte-hungerford-hospital-JV_IC4385341.htm","• Valid Connecticut CNA certification | • High school diploma or equivalent | • Previous healthcare experience preferred | • Strong interpersonal and communication skills | • Ability to work flexible schedules including weekends"
"CNA - Certified Nursing Assistant","Connecticut Children's Medical Center","Bristol, CT","cna",41349,48520,"contract",87,"2025-06-16","https://www.indeed.com/viewjob?jk=6567011044540179","• Valid Connecticut CNA certification | • High school diploma or equivalent | • Previous healthcare experience preferred | • Strong interpersonal and communication skills | • Ability to work flexible schedules including weekends"
"Healthcare Assistant","Trinity Health","Providence, RI","cna",39872,52937,"full-time",81,"2025-06-13","https://healthcarejobs.com/ct/trinity-health/60536","• Valid Connecticut CNA certification | • High school diploma or equivalent | • Previous healthcare experience preferred | • Strong interpersonal and communication skills | • Ability to work flexible schedules including weekends"
"Patient Care Assistant","Stamford Hospital","Bridgeport, CT","cna",41961,51603,"part-time",95,"2025-06-11","https://www.indeed.com/viewjob?jk=5344119340236732","• Valid Connecticut CNA certification | • High school diploma or equivalent | • Previous healthcare experience preferred | • Strong interpersonal and communication skills | • Ability to work flexible schedules including weekends"
"Ward Clerk","Hospital of Central Connecticut","Norwich, CT","cna",41097,48900,"full-time",87,"2025-06-15","https://careers.hospitalofcentralconnecticut.net/opportunities/4220","• Valid Connecticut CNA certification | • High school diploma or equivalent | • Previous healthcare experience preferred | • Strong interpersonal and communication skills | • Ability to work flexible schedules including weekends"
"Unit Secretary","Backus Hospital","New Britain, CT","cna",43499,50023,"part-time",95,"2025-06-22","https://www.glassdoor.com/job-listing/unit-secretary-backus-hospital-JV_IC5545440.htm","• Valid Connecticut CNA certification | • High school diploma or equivalent | • Previous healthcare experience preferred | • Strong interpersonal and communication skills | • Ability to work flexible schedules including weekends"
"Unit Secretary","Norwalk Hospital","New Britain, CT","cna",39189,54266,"contract",83,"2025-06-16","https://careers.norwalkhospital.org/job/198928","• Valid Connecticut CNA certification | • High school diploma or equivalent | • Previous healthcare experience preferred | • Strong interpersonal and communication skills | • Ability to work flexible schedules including weekends"
"CNA - Certified Nursing Assistant","Stamford Hospital","Fairfield, CT","cna",41241,47696,"full-time",98,"2025-06-13","https://www.ziprecruiter.com/c/Stamford-Hospital/Jobs/233828","• Valid Connecticut CNA certification | • High school diploma or equivalent | • Previous healthcare experience preferred | • Strong interpersonal and communication skills | • Ability to work flexible schedules including weekends"
"Ward Clerk","Hartford Hospital","Milford, CT","cna",46318,52399,"per-diem",84,"2025-06-18","https://careers.hartfordhospital.net/opportunities/9025","• Valid Connecticut CNA certification | • High school diploma or equivalent | • Previous healthcare experience preferred | • Strong interpersonal and communication skills | • Ability to work flexible schedules including weekends"
"Patient Care Technician","Charlotte Hungerford Hospital","Bridgeport, CT","cna",43828,53139,"full-time",82,"2025-06-23","https://www.ziprecruiter.com/c/Charlotte-Hungerford-Hospital/Jobs/774802","• Valid Connecticut CNA certification | • High school diploma or equivalent | • Previous healthcare experience preferred | • Strong interpersonal and communication skills | • Ability to work flexible schedules including weekends"
"Unit Secretary","Hartford HealthCare","Milford, CT","cna",38197,46256,"per-diem",90,"2025-06-15","https://www.glassdoor.com/job-listing/unit-secretary-hartford-healthcare-JV_IC8866305.htm","• Valid Connecticut CNA certification | • High school diploma or equivalent | • Previous healthcare experience preferred | • Strong interpersonal and communication skills | • Ability to work flexible schedules including weekends"
"CNA - Certified Nursing Assistant","St. Francis Hospital","Yonkers, NY","cna",41312,51335,"contract",84,"2025-06-15","https://careers.st.francishospital.net/opportunities/2615","• Valid Connecticut CNA certification | • High school diploma or equivalent | • Previous healthcare experience preferred | • Strong interpersonal and communication skills | • Ability to work flexible schedules including weekends"
"Clinical Assistant","Stamford Hospital","Middletown, CT","cna",39230,48510,"contract",90,"2025-06-14","https://www.ziprecruiter.com/c/Stamford-Hospital/Jobs/616116","• Valid Connecticut CNA certification | • High school diploma or equivalent | • Previous healthcare experience preferred | • Strong interpersonal and communication skills | • Ability to work flexible schedules including weekends"
"Patient Care Technician","Day Kimball Hospital","Milford, CT","cna",43838,54569,"per-diem",96,"2025-06-11","https://www.indeed.com/viewjob?jk=6527023627664938","• Valid Connecticut CNA certification | • High school diploma or equivalent | • Previous healthcare experience preferred | • Strong interpersonal and communication skills | • Ability to work flexible schedules including weekends"
"Patient Care Technician","Danbury Hospital","Bridgeport, CT","cna",43659,54736,"contract",92,"2025-06-23","https://www.indeed.com/viewjob?jk=5150819321892541","• Valid Connecticut CNA certification | • High school diploma or equivalent | • Previous healthcare experience preferred | • Strong interpersonal and communication skills | • Ability to work flexible schedules including weekends"
"Medical Assistant","Day Kimball Hospital","Stamford, CT","cna",46035,51737,"contract",86,"2025-06-14","https://www.glassdoor.com/job-listing/medical-assistant-day-kimball-hospital-JV_IC3956876.htm","• Valid Connecticut CNA certification | • High school diploma or equivalent | • Previous healthcare experience preferred | • Strong interpersonal and communication skills | • Ability to work flexible schedules including weekends"
"CNA - Certified Nursing Assistant","Day Kimball Hospital","Bristol, CT","cna",41221,53192,"contract",98,"2025-06-17","https://www.indeed.com/viewjob?jk=5672058433795614","• Valid Connecticut CNA certification | • High school diploma or equivalent | • Previous healthcare experience preferred | • Strong interpersonal and communication skills | • Ability to work flexible schedules including weekends"
"Medical Assistant","Norwalk Hospital","Norwalk, CT","cna",46930,52252,"part-time",91,"2025-06-13","https://www.ziprecruiter.com/c/Norwalk-Hospital/Jobs/329718","• Valid Connecticut CNA certification | • High school diploma or equivalent | • Previous healthcare experience preferred | • Strong interpersonal and communication skills | • Ability to work flexible schedules including weekends"
"Ward Clerk","Yale New Haven Hospital","Bristol, CT","cna",43920,54869,"full-time",95,"2025-06-11","https://www.glassdoor.com/job-listing/ward-clerk-yale-new-haven-hospital-JV_IC8705637.htm","• Valid Connecticut CNA certification | • High school diploma or equivalent | • Previous healthcare experience preferred | • Strong interpersonal and communication skills | • Ability to work flexible schedules including weekends"
"Patient Care Assistant","Stamford Hospital","Danbury, CT","cna",46949,54628,"per-diem",94,"2025-06-09","https://www.ziprecruiter.com/c/Stamford-Hospital/Jobs/949748","• Valid Connecticut CNA certification | • High school diploma or equivalent | • Previous healthcare experience preferred | • Strong interpersonal and communication skills | • Ability to work flexible schedules including weekends"
"Patient Care Technician","Danbury Hospital","Stamford, CT","cna",40759,50890,"part-time",86,"2025-06-21","https://www.ziprecruiter.com/c/Danbury-Hospital/Jobs/176372","• Valid Connecticut CNA certification | • High school diploma or equivalent | • Previous healthcare experience preferred | • Strong interpersonal and communication skills | • Ability to work flexible schedules including weekends"
"Medical Assistant","Yale New Haven Hospital","Stamford, CT","cna",39362,47716,"full-time",88,"2025-06-16","https://www.indeed.com/viewjob?jk=4917434217202842","• Valid Connecticut CNA certification | • High school diploma or equivalent | • Previous healthcare experience preferred | • Strong interpersonal and communication skills | • Ability to work flexible schedules including weekends"
"Healthcare Assistant","Trinity Health","Providence, RI","cna",44824,50315,"per-diem",78,"2025-06-19","https://www.indeed.com/viewjob?jk=9001857165402819","• Valid Connecticut CNA certification | • High school diploma or equivalent | • Previous healthcare experience preferred | • Strong interpersonal and communication skills | • Ability to work flexible schedules including weekends"
"Nursing Assistant","Norwalk Hospital","White Plains, NY","cna",39198,49767,"per-diem",91,"2025-06-17","https://careers.norwalkhospital.org/job/138691","• Valid Connecticut CNA certification | • High school diploma or equivalent | • Previous healthcare experience preferred | • Strong interpersonal and communication skills | • Ability to work flexible schedules including weekends"
"Nursing Assistant","Hartford Hospital","Stamford, CT","cna",41967,47186,"part-time",81,"2025-06-18","https://jobs.hartfordhospital.com/apply/43782","• Valid Connecticut CNA certification | • High school diploma or equivalent | • Previous healthcare experience preferred | • Strong interpersonal and communication skills | • Ability to work flexible schedules including weekends"
"Medical Assistant","Norwalk Hospital","Waterbury, CT","cna",43097,52745,"full-time",97,"2025-06-23","https://healthcarejobs.com/ct/norwalk-hospital/30746","• Valid Connecticut CNA certification | • High school diploma or equivalent | • Previous healthcare experience preferred | • Strong interpersonal and communication skills | • Ability to work flexible schedules including weekends"
"Patient Care Technician","Stamford Hospital","West Haven, CT","cna",39315,44546,"full-time",92,"2025-06-13","https://jobs.stamfordhospital.com/apply/16850","• Valid Connecticut CNA certification | • High school diploma or equivalent | • Previous healthcare experience preferred | • Strong interpersonal and communication skills | • Ability to work flexible schedules including weekends"
"Nursing Assistant","Middlesex Hospital","Bristol, CT","cna",46121,52924,"per-diem",89,"2025-06-20","https://careers.middlesexhospital.net/opportunities/6030","• Valid Connecticut CNA certification | • High school diploma or equivalent | • Previous healthcare experience preferred | • Strong interpersonal and communication skills | • Ability to work flexible schedules including weekends"
"Patient Care Technician","Middlesex Hospital","Fairfield, CT","cna",40626,45880,"per-diem",94,"2025-06-19","https://careers.middlesexhospital.org/job/455835","• Valid Connecticut CNA certification | • High school diploma or equivalent | • Previous healthcare experience preferred | • Strong interpersonal and communication skills | • Ability to work flexible schedules including weekends"
"Unit Secretary","Danbury Hospital","Norwich, CT","cna",41338,50802,"per-diem",93,"2025-06-18","https://healthcarejobs.com/ct/danbury-hospital/58027","• Valid Connecticut CNA certification | • High school diploma or equivalent | • Previous healthcare experience preferred | • Strong interpersonal and communication skills | • Ability to work flexible schedules including weekends"
"Clinical Assistant","Griffin Hospital","New Haven, CT","cna",42129,51510,"part-time",90,"2025-06-20","https://www.glassdoor.com/job-listing/clinical-assistant-griffin-hospital-JV_IC5003777.htm","• Valid Connecticut CNA certification | • High school diploma or equivalent | • Previous healthcare experience preferred | • Strong interpersonal and communication skills | • Ability to work flexible schedules including weekends"
"Patient Care Technician","Trinity Health","Meriden, CT","cna",41626,51537,"contract",90,"2025-06-23","https://careers.trinityhealth.net/opportunities/4390","• Valid Connecticut CNA certification | • High school diploma or equivalent | • Previous healthcare experience preferred | • Strong interpersonal and communication skills | • Ability to work flexible schedules including weekends"
"Medical Assistant","Stamford Hospital","New Britain, CT","cna",46578,52087,"per-diem",85,"2025-06-11","https://www.ziprecruiter.com/c/Stamford-Hospital/Jobs/448542","• Valid Connecticut CNA certification | • High school diploma or equivalent | • Previous healthcare experience preferred | • Strong interpersonal and communication skills | • Ability to work flexible schedules including weekends"
"Medical Assistant","Hospital of Central Connecticut","Middletown, CT","cna",45278,53628,"per-diem",97,"2025-06-12","https://healthcarejobs.com/ct/hospital-of-central-connecticut/46988","• Valid Connecticut CNA certification | • High school diploma or equivalent | • Previous healthcare experience preferred | • Strong interpersonal and communication skills | • Ability to work flexible schedules including weekends"
"Ward Clerk","Day Kimball Hospital","Meriden, CT","cna",40851,53214,"full-time",90,"2025-06-21","https://www.ziprecruiter.com/c/Day-Kimball-Hospital/Jobs/528011","• Valid Connecticut CNA certification | • High school diploma or equivalent | • Previous healthcare experience preferred | • Strong interpersonal and communication skills | • Ability to work flexible schedules including weekends"
"Patient Care Assistant","Hartford Hospital","Bridgeport, CT","cna",38244,52514,"part-time",84,"2025-06-21","https://careers.hartfordhospital.net/opportunities/2147","• Valid Connecticut CNA certification | • High school diploma or equivalent | • Previous healthcare experience preferred | • Strong interpersonal and communication skills | • Ability to work flexible schedules including weekends"
"Healthcare Assistant","Norwalk Hospital","Bristol, CT","cna",39143,48388,"contract",82,"2025-06-20","https://www.indeed.com/viewjob?jk=3090049019877478","• Valid Connecticut CNA certification | • High school diploma or equivalent | • Previous healthcare experience preferred | • Strong interpersonal and communication skills | • Ability to work flexible schedules including weekends"
"Medical Assistant","Charlotte Hungerford Hospital","Meriden, CT","cna",41139,53481,"per-diem",83,"2025-06-12","https://www.ziprecruiter.com/c/Charlotte-Hungerford-Hospital/Jobs/495412","• Valid Connecticut CNA certification | • High school diploma or equivalent | • Previous healthcare experience preferred | • Strong interpersonal and communication skills | • Ability to work flexible schedules including weekends"
"Patient Care Technician","Trinity Health","Fairfield, CT","cna",44947,52976,"per-diem",90,"2025-06-19","https://jobs.trinityhealth.com/apply/46720","• Valid Connecticut CNA certification | • High school diploma or equivalent | • Previous healthcare experience preferred | • Strong interpersonal and communication skills | • Ability to work flexible schedules including weekends"
"Healthcare Assistant","Danbury Hospital","Stamford, CT","cna",43064,53672,"full-time",95,"2025-06-18","https://careers.danburyhospital.net/opportunities/4012","• Valid Connecticut CNA certification | • High school diploma or equivalent | • Previous healthcare experience preferred | • Strong interpersonal and communication skills | • Ability to work flexible schedules including weekends"
"Healthcare Assistant","Prospect Medical Holdings","Waterbury, CT","cna",45599,50739,"full-time",84,"2025-06-09","https://jobs.prospectmedicalholdings.com/apply/31317","• Valid Connecticut CNA certification | • High school diploma or equivalent | • Previous healthcare experience preferred | • Strong interpersonal and communication skills | • Ability to work flexible schedules including weekends"
"CNA - Certified Nursing Assistant","Norwalk Hospital","Hartford, CT","cna",41809,52039,"part-time",92,"2025-06-17","https://healthcarejobs.com/ct/norwalk-hospital/35784","• Valid Connecticut CNA certification | • High school diploma or equivalent | • Previous healthcare experience preferred | • Strong interpersonal and communication skills | • Ability to work flexible schedules including weekends"
"Healthcare Assistant","Day Kimball Hospital","Meriden, CT","cna",46617,53954,"full-time",79,"2025-06-10","https://careers.daykimballhospital.net/opportunities/8746","• Valid Connecticut CNA certification | • High school diploma or equivalent | • Previous healthcare experience preferred | • Strong interpersonal and communication skills | • Ability to work flexible schedules including weekends"
"Nursing Assistant","Yale New Haven Hospital","Meriden, CT","cna",44321,52957,"contract",81,"2025-06-13","https://careers.yalenewhavenhospital.org/job/115986","• Valid Connecticut CNA certification | • High school diploma or equivalent | • Previous healthcare experience preferred | • Strong interpersonal and communication skills | • Ability to work flexible schedules including weekends"
"Clinical Assistant","Day Kimball Hospital","White Plains, NY","cna",41355,50236,"per-diem",96,"2025-06-12","https://www.glassdoor.com/job-listing/clinical-assistant-day-kimball-hospital-JV_IC2735959.htm","• Valid Connecticut CNA certification | • High school diploma or equivalent | • Previous healthcare experience preferred | • Strong interpersonal and communication skills | • Ability to work flexible schedules including weekends"
"Patient Care Technician","Danbury Hospital","Milford, CT","cna",43093,50820,"per-diem",93,"2025-06-17","https://healthcarejobs.com/ct/danbury-hospital/72935","• Valid Connecticut CNA certification | • High school diploma or equivalent | • Previous healthcare experience preferred | • Strong interpersonal and communication skills | • Ability to work flexible schedules including weekends"
"Medical Assistant","Danbury Hospital","Fairfield, CT","cna",40156,50179,"full-time",89,"2025-06-20","https://www.ziprecruiter.com/c/Danbury-Hospital/Jobs/380811","• Valid Connecticut CNA certification | • High school diploma or equivalent | • Previous healthcare experience preferred | • Strong interpersonal and communication skills | • Ability to work flexible schedules including weekends"
"Patient Care Assistant","Trinity Health","New Britain, CT","cna",42938,49744,"per-diem",81,"2025-06-09","https://www.ziprecruiter.com/c/Trinity-Health/Jobs/255415","• Valid Connecticut CNA certification | • High school diploma or equivalent | • Previous healthcare experience preferred | • Strong interpersonal and communication skills | • Ability to work flexible schedules including weekends"
"Patient Care Assistant","Middlesex Hospital","Yonkers, NY","cna",38313,49653,"full-time",78,"2025-06-18","https://www.indeed.com/viewjob?jk=8777577345764501","• Valid Connecticut CNA certification | • High school diploma or equivalent | • Previous healthcare experience preferred | • Strong interpersonal and communication skills | • Ability to work flexible schedules including weekends"
"CNA - Certified Nursing Assistant","Bridgeport Hospital","Stamford, CT","cna",45917,53744,"contract",90,"2025-06-19","https://careers.bridgeporthospital.net/opportunities/3981","• Valid Connecticut CNA certification | • High school diploma or equivalent | • Previous healthcare experience preferred | • Strong interpersonal and communication skills | • Ability to work flexible schedules including weekends"
"Medical Assistant","Griffin Hospital","Middletown, CT","cna",45899,54995,"per-diem",91,"2025-06-16","https://jobs.griffinhospital.com/apply/96373","• Valid Connecticut CNA certification | • High school diploma or equivalent | • Previous healthcare experience preferred | • Strong interpersonal and communication skills | • Ability to work flexible schedules including weekends"
"Nursing Assistant","Griffin Hospital","Norwich, CT","cna",41966,48167,"part-time",85,"2025-06-14","https://jobs.griffinhospital.com/apply/69780","• Valid Connecticut CNA certification | • High school diploma or equivalent | • Previous healthcare experience preferred | • Strong interpersonal and communication skills | • Ability to work flexible schedules including weekends"
"Ward Clerk","Bridgeport Hospital","Providence, RI","cna",42384,52860,"contract",81,"2025-06-20","https://www.indeed.com/viewjob?jk=3230255287440608","• Valid Connecticut CNA certification | • High school diploma or equivalent | • Previous healthcare experience preferred | • Strong interpersonal and communication skills | • Ability to work flexible schedules including weekends"
"Clinical Assistant","Backus Hospital","Bristol, CT","cna",46092,53218,"per-diem",81,"2025-06-11","https://healthcarejobs.com/ct/backus-hospital/69445","• Valid Connecticut CNA certification | • High school diploma or equivalent | • Previous healthcare experience preferred | • Strong interpersonal and communication skills | • Ability to work flexible schedules including weekends"
"Medical Assistant","Connecticut Children's Medical Center","West Haven, CT","cna",41887,52903,"per-diem",90,"2025-06-17","https://jobs.connecticutchildrensmedicalcenter.com/apply/98344","• Valid Connecticut CNA certification | • High school diploma or equivalent | • Previous healthcare experience preferred | • Strong interpersonal and communication skills | • Ability to work flexible schedules including weekends"
"Patient Care Assistant","Hartford Hospital","Danbury, CT","cna",40228,47715,"per-diem",86,"2025-06-11","https://careers.hartfordhospital.org/job/941473","• Valid Connecticut CNA certification | • High school diploma or equivalent | • Previous healthcare experience preferred | • Strong interpersonal and communication skills | • Ability to work flexible schedules including weekends"
"Patient Care Technician","Middlesex Hospital","Milford, CT","cna",38605,54865,"per-diem",90,"2025-06-20","https://www.ziprecruiter.com/c/Middlesex-Hospital/Jobs/366578","• Valid Connecticut CNA certification | • High school diploma or equivalent | • Previous healthcare experience preferred | • Strong interpersonal and communication skills | • Ability to work flexible schedules including weekends"
"Patient Care Technician","St. Francis Hospital","Meriden, CT","cna",39449,45643,"contract",98,"2025-06-11","https://careers.st.francishospital.org/job/982490","• Valid Connecticut CNA certification | • High school diploma or equivalent | • Previous healthcare experience preferred | • Strong interpersonal and communication skills | • Ability to work flexible schedules including weekends"
"Nursing Assistant","Charlotte Hungerford Hospital","Providence, RI","cna",44373,54849,"part-time",86,"2025-06-21","https://healthcarejobs.com/ct/charlotte-hungerford-hospital/90096","• Valid Connecticut CNA certification | • High school diploma or equivalent | • Previous healthcare experience preferred | • Strong interpersonal and communication skills | • Ability to work flexible schedules including weekends"
"Unit Secretary","Hospital of Central Connecticut","Middletown, CT","cna",44785,53194,"part-time",96,"2025-06-15","https://www.indeed.com/viewjob?jk=3925498585483663","• Valid Connecticut CNA certification | • High school diploma or equivalent | • Previous healthcare experience preferred | • Strong interpersonal and communication skills | • Ability to work flexible schedules including weekends"
"Patient Care Technician","Danbury Hospital","Danbury, CT","cna",38578,51124,"contract",89,"2025-06-16","https://healthcarejobs.com/ct/danbury-hospital/32717","• Valid Connecticut CNA certification | • High school diploma or equivalent | • Previous healthcare experience preferred | • Strong interpersonal and communication skills | • Ability to work flexible schedules including weekends"
"Patient Care Assistant","Hospital of Central Connecticut","Bristol, CT","cna",46799,54070,"contract",89,"2025-06-09","https://www.ziprecruiter.com/c/Hospital-of-Central-Connecticut/Jobs/726651","• Valid Connecticut CNA certification | • High school diploma or equivalent | • Previous healthcare experience preferred | • Strong interpersonal and communication skills | • Ability to work flexible schedules including weekends"
"Nursing Assistant","Hospital of Central Connecticut","Norwich, CT","cna",43156,50690,"contract",78,"2025-06-13","https://www.glassdoor.com/job-listing/nursing-assistant-hospital-of-central-connecticut-JV_IC6207686.htm","• Valid Connecticut CNA certification | • High school diploma or equivalent | • Previous healthcare experience preferred | • Strong interpersonal and communication skills | • Ability to work flexible schedules including weekends"
"Medical Assistant","Day Kimball Hospital","White Plains, NY","cna",44149,50357,"contract",96,"2025-06-11","https://jobs.daykimballhospital.com/apply/41762","• Valid Connecticut CNA certification | • High school diploma or equivalent | • Previous healthcare experience preferred | • Strong interpersonal and communication skills | • Ability to work flexible schedules including weekends"
"Healthcare Assistant","Norwalk Hospital","Stamford, CT","cna",44352,53461,"contract",85,"2025-06-10","https://careers.norwalkhospital.org/job/644443","• Valid Connecticut CNA certification | • High school diploma or equivalent | • Previous healthcare experience preferred | • Strong interpersonal and communication skills | • Ability to work flexible schedules including weekends"
"CNA - Certified Nursing Assistant","Danbury Hospital","Milford, CT","cna",40489,52610,"full-time",96,"2025-06-19","https://careers.danburyhospital.net/opportunities/2717","• Valid Connecticut CNA certification | • High school diploma or equivalent | • Previous healthcare experience preferred | • Strong interpersonal and communication skills | • Ability to work flexible schedules including weekends"
"CNA - Certified Nursing Assistant","Danbury Hospital","Providence, RI","cna",45963,51525,"per-diem",86,"2025-06-10","https://careers.danburyhospital.net/opportunities/1295","• Valid Connecticut CNA certification | • High school diploma or equivalent | • Previous healthcare experience preferred | • Strong interpersonal and communication skills | • Ability to work flexible schedules including weekends"
"Patient Care Assistant","Hospital of Central Connecticut","Yonkers, NY","cna",40611,50092,"contract",87,"2025-06-20","https://healthcarejobs.com/ct/hospital-of-central-connecticut/92948","• Valid Connecticut CNA certification | • High school diploma or equivalent | • Previous healthcare experience preferred | • Strong interpersonal and communication skills | • Ability to work flexible schedules including weekends"
"Nursing Assistant","Connecticut Children's Medical Center","Yonkers, NY","cna",40366,49682,"contract",87,"2025-06-19","https://careers.connecticutchildrensmedicalcenter.org/job/750741","• Valid Connecticut CNA certification | • High school diploma or equivalent | • Previous healthcare experience preferred | • Strong interpersonal and communication skills | • Ability to work flexible schedules including weekends"
"CNA - Certified Nursing Assistant","Stamford Hospital","New Britain, CT","cna",45372,50444,"per-diem",86,"2025-06-11","https://careers.stamfordhospital.net/opportunities/4695","• Valid Connecticut CNA certification | • High school diploma or equivalent | • Previous healthcare experience preferred | • Strong interpersonal and communication skills | • Ability to work flexible schedules including weekends"
"Nursing Assistant","Backus Hospital","New Britain, CT","cna",41716,50453,"per-diem",90,"2025-06-11","https://www.indeed.com/viewjob?jk=4786529206350515","• Valid Connecticut CNA certification | • High school diploma or equivalent | • Previous healthcare experience preferred | • Strong interpersonal and communication skills | • Ability to work flexible schedules including weekends"
"CNA - Certified Nursing Assistant","Connecticut Children's Medical Center","White Plains, NY","cna",39062,54975,"full-time",94,"2025-06-14","https://careers.connecticutchildrensmedicalcenter.org/job/642493","• Valid Connecticut CNA certification | • High school diploma or equivalent | • Previous healthcare experience preferred | • Strong interpersonal and communication skills | • Ability to work flexible schedules including weekends"
"Patient Care Technician","Stamford Hospital","Bristol, CT","cna",43221,50023,"full-time",94,"2025-06-13","https://careers.stamfordhospital.org/job/462573","• Valid Connecticut CNA certification | • High school diploma or equivalent | • Previous healthcare experience preferred | • Strong interpersonal and communication skills | • Ability to work flexible schedules including weekends"
"CNA - Certified Nursing Assistant","Stamford Hospital","Norwich, CT","cna",44564,51139,"full-time",96,"2025-06-12","https://www.ziprecruiter.com/c/Stamford-Hospital/Jobs/436498","• Valid Connecticut CNA certification | • High school diploma or equivalent | • Previous healthcare experience preferred | • Strong interpersonal and communication skills | • Ability to work flexible schedules including weekends"
"Healthcare Assistant","Connecticut Children's Medical Center","Norwalk, CT","cna",43991,49434,"per-diem",93,"2025-06-22","https://careers.connecticutchildrensmedicalcenter.org/job/711373","• Valid Connecticut CNA certification | • High school diploma or equivalent | • Previous healthcare experience preferred | • Strong interpersonal and communication skills | • Ability to work flexible schedules including weekends"
"Patient Care Assistant","Yale New Haven Hospital","West Haven, CT","cna",39055,47807,"contract",95,"2025-06-20","https://healthcarejobs.com/ct/yale-new-haven-hospital/20505","• Valid Connecticut CNA certification | • High school diploma or equivalent | • Previous healthcare experience preferred | • Strong interpersonal and communication skills | • Ability to work flexible schedules including weekends"
"Nursing Assistant","Yale New Haven Health System","New Britain, CT","cna",40864,46528,"contract",84,"2025-06-20","https://jobs.yalenewhavenhealthsystem.com/apply/78599","• Valid Connecticut CNA certification | • High school diploma or equivalent | • Previous healthcare experience preferred | • Strong interpersonal and communication skills | • Ability to work flexible schedules including weekends"
"Clinical Assistant","Yale New Haven Hospital","Stamford, CT","cna",44588,51912,"contract",83,"2025-06-10","https://careers.yalenewhavenhospital.net/opportunities/5456","• Valid Connecticut CNA certification | • High school diploma or equivalent | • Previous healthcare experience preferred | • Strong interpersonal and communication skills | • Ability to work flexible schedules including weekends"
"Medical Assistant","Backus Hospital","Stamford, CT","cna",39898,45090,"contract",96,"2025-06-13","https://www.indeed.com/viewjob?jk=5311108375571446","• Valid Connecticut CNA certification | • High school diploma or equivalent | • Previous healthcare experience preferred | • Strong interpersonal and communication skills | • Ability to work flexible schedules including weekends"
"Medical Assistant","Danbury Hospital","Stamford, CT","cna",44038,52246,"per-diem",89,"2025-06-17","https://careers.danburyhospital.org/job/394497","• Valid Connecticut CNA certification | • High school diploma or equivalent | • Previous healthcare experience preferred | • Strong interpersonal and communication skills | • Ability to work flexible schedules including weekends"
"Nursing Assistant","Griffin Hospital","New Britain, CT","cna",39001,51868,"contract",98,"2025-06-20","https://healthcarejobs.com/ct/griffin-hospital/69830","• Valid Connecticut CNA certification | • High school diploma or equivalent | • Previous healthcare experience preferred | • Strong interpersonal and communication skills | • Ability to work flexible schedules including weekends"
"Healthcare Assistant","Connecticut Children's Medical Center","Yonkers, NY","cna",38237,48737,"part-time",80,"2025-06-15","https://www.indeed.com/viewjob?jk=1617392446757930","• Valid Connecticut CNA certification | • High school diploma or equivalent | • Previous healthcare experience preferred | • Strong interpersonal and communication skills | • Ability to work flexible schedules including weekends"
"Patient Care Technician","St. Francis Hospital","Bridgeport, CT","cna",44993,51965,"per-diem",88,"2025-06-10","https://healthcarejobs.com/ct/st.-francis-hospital/14563","• Valid Connecticut CNA certification | • High school diploma or equivalent | • Previous healthcare experience preferred | • Strong interpersonal and communication skills | • Ability to work flexible schedules including weekends"
"Clinical Assistant","Hospital of Central Connecticut","Hartford, CT","cna",44448,53369,"part-time",79,"2025-06-17","https://careers.hospitalofcentralconnecticut.org/job/745114","• Valid Connecticut CNA certification | • High school diploma or equivalent | • Previous healthcare experience preferred | • Strong interpersonal and communication skills | • Ability to work flexible schedules including weekends"
"Medical Assistant","Yale New Haven Health System","Fairfield, CT","cna",41129,52267,"full-time",89,"2025-06-23","https://www.ziprecruiter.com/c/Yale-New-Haven-Health-System/Jobs/389135","• Valid Connecticut CNA certification | • High school diploma or equivalent | • Previous healthcare experience preferred | • Strong interpersonal and communication skills | • Ability to work flexible schedules including weekends"
"CNA - Certified Nursing Assistant","Griffin Hospital","New Haven, CT","cna",44727,49961,"full-time",82,"2025-06-14","https://www.ziprecruiter.com/c/Griffin-Hospital/Jobs/672259","• Valid Connecticut CNA certification | • High school diploma or equivalent | • Previous healthcare experience preferred | • Strong interpersonal and communication skills | • Ability to work flexible schedules including weekends"
"Patient Care Assistant","St. Francis Hospital","New Haven, CT","cna",41076,53112,"full-time",88,"2025-06-20","https://healthcarejobs.com/ct/st.-francis-hospital/41205","• Valid Connecticut CNA certification | • High school diploma or equivalent | • Previous healthcare experience preferred | • Strong interpersonal and communication skills | • Ability to work flexible schedules including weekends"
"Medical Assistant","Trinity Health","Greenwich, CT","cna",41002,51488,"per-diem",91,"2025-06-12","https://www.ziprecruiter.com/c/Trinity-Health/Jobs/395563","• Valid Connecticut CNA certification | • High school diploma or equivalent | • Previous healthcare experience preferred | • Strong interpersonal and communication skills | • Ability to work flexible schedules including weekends"
"CNA - Certified Nursing Assistant","Yale New Haven Health System","Providence, RI","cna",41454,49306,"full-time",81,"2025-06-22","https://healthcarejobs.com/ct/yale-new-haven-health-system/84166","• Valid Connecticut CNA certification | • High school diploma or equivalent | • Previous healthcare experience preferred | • Strong interpersonal and communication skills | • Ability to work flexible schedules including weekends"
"Ward Clerk","Hartford Hospital","Hartford, CT","cna",39082,47483,"part-time",93,"2025-06-15","https://www.indeed.com/viewjob?jk=3229088755835415","• Valid Connecticut CNA certification | • High school diploma or equivalent | • Previous healthcare experience preferred | • Strong interpersonal and communication skills | • Ability to work flexible schedules including weekends"
"Unit Secretary","Connecticut Children's Medical Center","Meriden, CT","cna",43531,48860,"per-diem",91,"2025-06-22","https://healthcarejobs.com/ct/connecticut-children's-medical-center/89422","• Valid Connecticut CNA certification | • High school diploma or equivalent | • Previous healthcare experience preferred | • Strong interpersonal and communication skills | • Ability to work flexible schedules including weekends"
"CNA - Certified Nursing Assistant","St. Francis Hospital","Hartford, CT","cna",43421,53949,"contract",80,"2025-06-09","https://careers.st.francishospital.org/job/712692","• Valid Connecticut CNA certification | • High school diploma or equivalent | • Previous healthcare experience preferred | • Strong interpersonal and communication skills | • Ability to work flexible schedules including weekends"
"Clinical Assistant","Yale New Haven Hospital","Hartford, CT","cna",38036,44833,"per-diem",86,"2025-06-13","https://www.glassdoor.com/job-listing/clinical-assistant-yale-new-haven-hospital-JV_IC2784776.htm","• Valid Connecticut CNA certification | • High school diploma or equivalent | • Previous healthcare experience preferred | • Strong interpersonal and communication skills | • Ability to work flexible schedules including weekends"
"Clinical Assistant","Griffin Hospital","White Plains, NY","cna",46943,53155,"part-time",81,"2025-06-21","https://jobs.griffinhospital.com/apply/80459","• Valid Connecticut CNA certification | • High school diploma or equivalent | • Previous healthcare experience preferred | • Strong interpersonal and communication skills | • Ability to work flexible schedules including weekends"
"Nursing Assistant","Connecticut Children's Medical Center","West Haven, CT","cna",43133,51638,"per-diem",97,"2025-06-10","https://careers.connecticutchildrensmedicalcenter.org/job/889914","• Valid Connecticut CNA certification | • High school diploma or equivalent | • Previous healthcare experience preferred | • Strong interpersonal and communication skills | • Ability to work flexible schedules including weekends"
"Medical Assistant","St. Francis Hospital","Bristol, CT","cna",38938,53889,"part-time",96,"2025-06-09","https://jobs.st.francishospital.com/apply/41651","• Valid Connecticut CNA certification | • High school diploma or equivalent | • Previous healthcare experience preferred | • Strong interpersonal and communication skills | • Ability to work flexible schedules including weekends"
"Healthcare Assistant","Hospital of Central Connecticut","Norwalk, CT","cna",42606,49248,"full-time",82,"2025-06-20","https://jobs.hospitalofcentralconnecticut.com/apply/73275","• Valid Connecticut CNA certification | • High school diploma or equivalent | • Previous healthcare experience preferred | • Strong interpersonal and communication skills | • Ability to work flexible schedules including weekends"
"Unit Secretary","Hartford Hospital","New Haven, CT","cna",45368,53435,"full-time",85,"2025-06-17","https://www.indeed.com/viewjob?jk=6672050637505701","• Valid Connecticut CNA certification | • High school diploma or equivalent | • Previous healthcare experience preferred | • Strong interpersonal and communication skills | • Ability to work flexible schedules including weekends"
"CNA - Certified Nursing Assistant","Yale New Haven Hospital","White Plains, NY","cna",41354,51257,"per-diem",91,"2025-06-23","https://www.glassdoor.com/job-listing/cna---certified-nursing-assistant-yale-new-haven-hospital-JV_IC1226094.htm","• Valid Connecticut CNA certification | • High school diploma or equivalent | • Previous healthcare experience preferred | • Strong interpersonal and communication skills | • Ability to work flexible schedules including weekends"
"Unit Secretary","Hospital of Central Connecticut","Norwalk, CT","cna",44657,52861,"per-diem",93,"2025-06-23","https://www.ziprecruiter.com/c/Hospital-of-Central-Connecticut/Jobs/532201","• Valid Connecticut CNA certification | • High school diploma or equivalent | • Previous healthcare experience preferred | • Strong interpersonal and communication skills | • Ability to work flexible schedules including weekends"
"Ward Clerk","Prospect Medical Holdings","Norwalk, CT","cna",42118,47680,"per-diem",83,"2025-06-10","https://www.indeed.com/viewjob?jk=3681540124983436","• Valid Connecticut CNA certification | • High school diploma or equivalent | • Previous healthcare experience preferred | • Strong interpersonal and communication skills | • Ability to work flexible schedules including weekends"
"Patient Care Assistant","Yale New Haven Health System","West Haven, CT","cna",46612,53559,"part-time",98,"2025-06-21","https://www.glassdoor.com/job-listing/patient-care-assistant-yale-new-haven-health-system-JV_IC1872785.htm","• Valid Connecticut CNA certification | • High school diploma or equivalent | • Previous healthcare experience preferred | • Strong interpersonal and communication skills | • Ability to work flexible schedules including weekends"
"Ward Clerk","Stamford Hospital","Bridgeport, CT","cna",45099,52874,"part-time",78,"2025-06-09","https://www.ziprecruiter.com/c/Stamford-Hospital/Jobs/608349","• Valid Connecticut CNA certification | • High school diploma or equivalent | • Previous healthcare experience preferred | • Strong interpersonal and communication skills | • Ability to work flexible schedules including weekends"
"Nursing Assistant","Trinity Health","New Haven, CT","cna",40700,50900,"contract",93,"2025-06-19","https://www.glassdoor.com/job-listing/nursing-assistant-trinity-health-JV_IC7742825.htm","• Valid Connecticut CNA certification | • High school diploma or equivalent | • Previous healthcare experience preferred | • Strong interpersonal and communication skills | • Ability to work flexible schedules including weekends"
"Unit Secretary","Yale New Haven Health System","Norwich, CT","cna",43660,53658,"per-diem",83,"2025-06-11","https://www.glassdoor.com/job-listing/unit-secretary-yale-new-haven-health-system-JV_IC7839061.htm","• Valid Connecticut CNA certification | • High school diploma or equivalent | • Previous healthcare experience preferred | • Strong interpersonal and communication skills | • Ability to work flexible schedules including weekends"
"CNA - Certified Nursing Assistant","Bridgeport Hospital","Fairfield, CT","cna",46164,53939,"per-diem",84,"2025-06-12","https://healthcarejobs.com/ct/bridgeport-hospital/99666","• Valid Connecticut CNA certification | • High school diploma or equivalent | • Previous healthcare experience preferred | • Strong interpersonal and communication skills | • Ability to work flexible schedules including weekends"
"Medical Assistant","Hartford Hospital","Bridgeport, CT","cna",40653,45922,"per-diem",85,"2025-06-14","https://careers.hartfordhospital.org/job/716788","• Valid Connecticut CNA certification | • High school diploma or equivalent | • Previous healthcare experience preferred | • Strong interpersonal and communication skills | • Ability to work flexible schedules including weekends"
"Unit Secretary","Griffin Hospital","Waterbury, CT","cna",42818,51645,"full-time",81,"2025-06-22","https://www.indeed.com/viewjob?jk=5051495401921815","• Valid Connecticut CNA certification | • High school diploma or equivalent | • Previous healthcare experience preferred | • Strong interpersonal and communication skills | • Ability to work flexible schedules including weekends"
"Unit Secretary","Yale New Haven Health System","Danbury, CT","cna",41340,46513,"full-time",95,"2025-06-15","https://careers.yalenewhavenhealthsystem.net/opportunities/6607","• Valid Connecticut CNA certification | • High school diploma or equivalent | • Previous healthcare experience preferred | • Strong interpersonal and communication skills | • Ability to work flexible schedules including weekends"
"Medical Assistant","Middlesex Hospital","Milford, CT","cna",39735,44883,"per-diem",94,"2025-06-10","https://careers.middlesexhospital.org/job/403567","• Valid Connecticut CNA certification | • High school diploma or equivalent | • Previous healthcare experience preferred | • Strong interpersonal and communication skills | • Ability to work flexible schedules including weekends"
"Patient Care Assistant","Hartford Hospital","Greenwich, CT","cna",40409,50966,"contract",88,"2025-06-12","https://www.ziprecruiter.com/c/Hartford-Hospital/Jobs/135480","• Valid Connecticut CNA certification | • High school diploma or equivalent | • Previous healthcare experience preferred | • Strong interpersonal and communication skills | • Ability to work flexible schedules including weekends"
"Unit Secretary","Danbury Hospital","Bristol, CT","cna",46302,54330,"part-time",79,"2025-06-13","https://www.indeed.com/viewjob?jk=6367476869985474","• Valid Connecticut CNA certification | • High school diploma or equivalent | • Previous healthcare experience preferred | • Strong interpersonal and communication skills | • Ability to work flexible schedules including weekends"
"CNA - Certified Nursing Assistant","Hartford Hospital","Greenwich, CT","cna",44716,53997,"part-time",95,"2025-06-23","https://www.indeed.com/viewjob?jk=2555263805995315","• Valid Connecticut CNA certification | • High school diploma or equivalent | • Previous healthcare experience preferred | • Strong interpersonal and communication skills | • Ability to work flexible schedules including weekends"
"Clinical Assistant","Hartford Hospital","West Haven, CT","cna",46274,51321,"full-time",79,"2025-06-22","https://healthcarejobs.com/ct/hartford-hospital/66783","• Valid Connecticut CNA certification | • High school diploma or equivalent | • Previous healthcare experience preferred | • Strong interpersonal and communication skills | • Ability to work flexible schedules including weekends"
"Unit Secretary","Middlesex Hospital","Springfield, MA","cna",42586,48927,"per-diem",85,"2025-06-10","https://healthcarejobs.com/ct/middlesex-hospital/61545","• Valid Connecticut CNA certification | • High school diploma or equivalent | • Previous healthcare experience preferred | • Strong interpersonal and communication skills | • Ability to work flexible schedules including weekends"
"Patient Care Assistant","Connecticut Children's Medical Center","Norwich, CT","cna",39700,54211,"part-time",79,"2025-06-12","https://careers.connecticutchildrensmedicalcenter.org/job/970087","• Valid Connecticut CNA certification | • High school diploma or equivalent | • Previous healthcare experience preferred | • Strong interpersonal and communication skills | • Ability to work flexible schedules including weekends"
"CNA - Certified Nursing Assistant","Day Kimball Hospital","Hartford, CT","cna",38488,54922,"part-time",92,"2025-06-20","https://www.ziprecruiter.com/c/Day-Kimball-Hospital/Jobs/380978","• Valid Connecticut CNA certification | • High school diploma or equivalent | • Previous healthcare experience preferred | • Strong interpersonal and communication skills | • Ability to work flexible schedules including weekends"
"Nursing Assistant","Yale New Haven Hospital","Hartford, CT","cna",42570,50373,"part-time",96,"2025-06-15","https://jobs.yalenewhavenhospital.com/apply/13912","• Valid Connecticut CNA certification | • High school diploma or equivalent | • Previous healthcare experience preferred | • Strong interpersonal and communication skills | • Ability to work flexible schedules including weekends"
"Ward Clerk","Stamford Hospital","Bridgeport, CT","cna",46053,52139,"part-time",82,"2025-06-13","https://careers.stamfordhospital.net/opportunities/9378","• Valid Connecticut CNA certification | • High school diploma or equivalent | • Previous healthcare experience preferred | • Strong interpersonal and communication skills | • Ability to work flexible schedules including weekends"
"Patient Care Assistant","Middlesex Hospital","Milford, CT","cna",40421,53240,"contract",84,"2025-06-17","https://healthcarejobs.com/ct/middlesex-hospital/48668","• Valid Connecticut CNA certification | • High school diploma or equivalent | • Previous healthcare experience preferred | • Strong interpersonal and communication skills | • Ability to work flexible schedules including weekends"
"Nursing Assistant","Charlotte Hungerford Hospital","Milford, CT","cna",43392,54551,"contract",91,"2025-06-18","https://healthcarejobs.com/ct/charlotte-hungerford-hospital/42312","• Valid Connecticut CNA certification | • High school diploma or equivalent | • Previous healthcare experience preferred | • Strong interpersonal and communication skills | • Ability to work flexible schedules including weekends"
"Patient Care Assistant","Prospect Medical Holdings","New Haven, CT","cna",45366,54024,"part-time",82,"2025-06-17","https://jobs.prospectmedicalholdings.com/apply/95165","• Valid Connecticut CNA certification | • High school diploma or equivalent | • Previous healthcare experience preferred | • Strong interpersonal and communication skills | • Ability to work flexible schedules including weekends"
"Medical Assistant","Trinity Health","White Plains, NY","cna",39923,46722,"per-diem",83,"2025-06-14","https://www.ziprecruiter.com/c/Trinity-Health/Jobs/253839","• Valid Connecticut CNA certification | • High school diploma or equivalent | • Previous healthcare experience preferred | • Strong interpersonal and communication skills | • Ability to work flexible schedules including weekends"
"Unit Secretary","Griffin Hospital","Danbury, CT","cna",44908,50947,"contract",86,"2025-06-19","https://healthcarejobs.com/ct/griffin-hospital/71862","• Valid Connecticut CNA certification | • High school diploma or equivalent | • Previous healthcare experience preferred | • Strong interpersonal and communication skills | • Ability to work flexible schedules including weekends"
"Ward Clerk","Middlesex Hospital","Stamford, CT","cna",43395,54968,"contract",84,"2025-06-15","https://www.indeed.com/viewjob?jk=6029017043067972","• Valid Connecticut CNA certification | • High school diploma or equivalent | • Previous healthcare experience preferred | • Strong interpersonal and communication skills | • Ability to work flexible schedules including weekends"
"Patient Care Technician","Backus Hospital","Bristol, CT","cna",40865,47231,"per-diem",98,"2025-06-09","https://healthcarejobs.com/ct/backus-hospital/59460","• Valid Connecticut CNA certification | • High school diploma or equivalent | • Previous healthcare experience preferred | • Strong interpersonal and communication skills | • Ability to work flexible schedules including weekends"
"CNA - Certified Nursing Assistant","Stamford Hospital","Fairfield, CT","cna",38056,48156,"per-diem",87,"2025-06-10","https://www.indeed.com/viewjob?jk=3379454570638411","• Valid Connecticut CNA certification | • High school diploma or equivalent | • Previous healthcare experience preferred | • Strong interpersonal and communication skills | • Ability to work flexible schedules including weekends"
"Medical Assistant","Backus Hospital","Bristol, CT","cna",45996,53481,"full-time",98,"2025-06-19","https://careers.backushospital.net/opportunities/7787","• Valid Connecticut CNA certification | • High school diploma or equivalent | • Previous healthcare experience preferred | • Strong interpersonal and communication skills | • Ability to work flexible schedules including weekends"
"Healthcare Assistant","Prospect Medical Holdings","Norwich, CT","cna",40412,51371,"contract",83,"2025-06-19","https://www.glassdoor.com/job-listing/healthcare-assistant-prospect-medical-holdings-JV_IC4594092.htm","• Valid Connecticut CNA certification | • High school diploma or equivalent | • Previous healthcare experience preferred | • Strong interpersonal and communication skills | • Ability to work flexible schedules including weekends"
"Unit Secretary","Hospital of Central Connecticut","Fairfield, CT","cna",46652,54685,"contract",79,"2025-06-12","https://careers.hospitalofcentralconnecticut.net/opportunities/9015","• Valid Connecticut CNA certification | • High school diploma or equivalent | • Previous healthcare experience preferred | • Strong interpersonal and communication skills | • Ability to work flexible schedules including weekends"
"Patient Care Assistant","Prospect Medical Holdings","Stamford, CT","cna",39571,54090,"per-diem",80,"2025-06-11","https://www.indeed.com/viewjob?jk=9600474174836382","• Valid Connecticut CNA certification | • High school diploma or equivalent | • Previous healthcare experience preferred | • Strong interpersonal and communication skills | • Ability to work flexible schedules including weekends"
"Medical Assistant","Middlesex Hospital","Meriden, CT","cna",39609,50335,"full-time",83,"2025-06-16","https://www.indeed.com/viewjob?jk=4482570102238102","• Valid Connecticut CNA certification | • High school diploma or equivalent | • Previous healthcare experience preferred | • Strong interpersonal and communication skills | • Ability to work flexible schedules including weekends"
"Clinical Assistant","Connecticut Children's Medical Center","Middletown, CT","cna",42289,49136,"full-time",96,"2025-06-14","https://www.ziprecruiter.com/c/Connecticut-Children's-Medical-Center/Jobs/398410","• Valid Connecticut CNA certification | • High school diploma or equivalent | • Previous healthcare experience preferred | • Strong interpersonal and communication skills | • Ability to work flexible schedules including weekends"
"Healthcare Assistant","Hartford Hospital","Greenwich, CT","cna",44157,49897,"per-diem",81,"2025-06-17","https://www.indeed.com/viewjob?jk=4437180668105169","• Valid Connecticut CNA certification | • High school diploma or equivalent | • Previous healthcare experience preferred | • Strong interpersonal and communication skills | • Ability to work flexible schedules including weekends"
"Medical Assistant","Trinity Health","Stamford, CT","cna",46987,52130,"contract",84,"2025-06-19","https://healthcarejobs.com/ct/trinity-health/67701","• Valid Connecticut CNA certification | • High school diploma or equivalent | • Previous healthcare experience preferred | • Strong interpersonal and communication skills | • Ability to work flexible schedules including weekends"
"Phlebotomist","Middlesex Hospital","Fairfield, CT","medical_assistant",44980,62732,"contract",86,"2025-06-10","https://www.glassdoor.com/job-listing/phlebotomist-middlesex-hospital-JV_IC2097905.htm","• Medical Assistant certification or equivalent experience | • High school diploma required, associate degree preferred | • Previous clinical experience preferred | • Proficiency in electronic health records | • Strong organizational and multitasking abilities"
"Medical Receptionist","Middlesex Hospital","Danbury, CT","medical_assistant",55370,62679,"per-diem",96,"2025-06-13","https://www.ziprecruiter.com/c/Middlesex-Hospital/Jobs/372156","• Medical Assistant certification or equivalent experience | • High school diploma required, associate degree preferred | • Previous clinical experience preferred | • Proficiency in electronic health records | • Strong organizational and multitasking abilities"
"Physical Therapist","Danbury Hospital","West Haven, CT","medical_assistant",49209,64559,"full-time",78,"2025-06-17","https://www.indeed.com/viewjob?jk=6611042459817930","• Medical Assistant certification or equivalent experience | • High school diploma required, associate degree preferred | • Previous clinical experience preferred | • Proficiency in electronic health records | • Strong organizational and multitasking abilities"
"Phlebotomist","Norwalk Hospital","Stamford, CT","medical_assistant",52462,63154,"full-time",82,"2025-06-20","https://www.indeed.com/viewjob?jk=4240989648564582","• Medical Assistant certification or equivalent experience | • High school diploma required, associate degree preferred | • Previous clinical experience preferred | • Proficiency in electronic health records | • Strong organizational and multitasking abilities"
"Medical Scribe","Griffin Hospital","White Plains, NY","medical_assistant",43212,54579,"full-time",82,"2025-06-11","https://careers.griffinhospital.net/opportunities/4203","• Medical Assistant certification or equivalent experience | • High school diploma required, associate degree preferred | • Previous clinical experience preferred | • Proficiency in electronic health records | • Strong organizational and multitasking abilities"
"Occupational Therapist","Trinity Health","Meriden, CT","medical_assistant",48632,60753,"part-time",89,"2025-06-10","https://www.indeed.com/viewjob?jk=9368877554596658","• Medical Assistant certification or equivalent experience | • High school diploma required, associate degree preferred | • Previous clinical experience preferred | • Proficiency in electronic health records | • Strong organizational and multitasking abilities"
"Respiratory Therapist","Prospect Medical Holdings","Norwich, CT","medical_assistant",56655,64697,"part-time",94,"2025-06-09","https://careers.prospectmedicalholdings.net/opportunities/2535","• Medical Assistant certification or equivalent experience | • High school diploma required, associate degree preferred | • Previous clinical experience preferred | • Proficiency in electronic health records | • Strong organizational and multitasking abilities"
"Clinical Assistant","Prospect Medical Holdings","White Plains, NY","medical_assistant",51203,60909,"part-time",88,"2025-06-09","https://careers.prospectmedicalholdings.org/job/944788","• Medical Assistant certification or equivalent experience | • High school diploma required, associate degree preferred | • Previous clinical experience preferred | • Proficiency in electronic health records | • Strong organizational and multitasking abilities"
"Medical Scribe","Prospect Medical Holdings","Danbury, CT","medical_assistant",50481,60443,"per-diem",94,"2025-06-17","https://careers.prospectmedicalholdings.net/opportunities/9185","• Medical Assistant certification or equivalent experience | • High school diploma required, associate degree preferred | • Previous clinical experience preferred | • Proficiency in electronic health records | • Strong organizational and multitasking abilities"
"EKG Technician","Danbury Hospital","Meriden, CT","medical_assistant",55117,61297,"contract",94,"2025-06-23","https://healthcarejobs.com/ct/danbury-hospital/90757","• Medical Assistant certification or equivalent experience | • High school diploma required, associate degree preferred | • Previous clinical experience preferred | • Proficiency in electronic health records | • Strong organizational and multitasking abilities"
"Physical Therapist","Bridgeport Hospital","Danbury, CT","medical_assistant",43343,48367,"part-time",93,"2025-06-20","https://www.ziprecruiter.com/c/Bridgeport-Hospital/Jobs/989682","• Medical Assistant certification or equivalent experience | • High school diploma required, associate degree preferred | • Previous clinical experience preferred | • Proficiency in electronic health records | • Strong organizational and multitasking abilities"
"Lab Technician","Prospect Medical Holdings","Hartford, CT","medical_assistant",51000,64564,"part-time",87,"2025-06-15","https://jobs.prospectmedicalholdings.com/apply/49510","• Medical Assistant certification or equivalent experience | • High school diploma required, associate degree preferred | • Previous clinical experience preferred | • Proficiency in electronic health records | • Strong organizational and multitasking abilities"
"Phlebotomist","Norwalk Hospital","Greenwich, CT","medical_assistant",46544,52136,"part-time",78,"2025-06-13","https://www.glassdoor.com/job-listing/phlebotomist-norwalk-hospital-JV_IC8665283.htm","• Medical Assistant certification or equivalent experience | • High school diploma required, associate degree preferred | • Previous clinical experience preferred | • Proficiency in electronic health records | • Strong organizational and multitasking abilities"
"Medical Receptionist","Hartford HealthCare","Bridgeport, CT","medical_assistant",53080,61785,"part-time",82,"2025-06-12","https://careers.hartfordhealthcare.org/job/748716","• Medical Assistant certification or equivalent experience | • High school diploma required, associate degree preferred | • Previous clinical experience preferred | • Proficiency in electronic health records | • Strong organizational and multitasking abilities"
"Physical Therapist","Prospect Medical Holdings","Stamford, CT","medical_assistant",44438,60076,"part-time",90,"2025-06-14","https://careers.prospectmedicalholdings.net/opportunities/5274","• Medical Assistant certification or equivalent experience | • High school diploma required, associate degree preferred | • Previous clinical experience preferred | • Proficiency in electronic health records | • Strong organizational and multitasking abilities"
"Occupational Therapist","Connecticut Children's Medical Center","Danbury, CT","medical_assistant",43779,55287,"part-time",86,"2025-06-12","https://careers.connecticutchildrensmedicalcenter.net/opportunities/8264","• Medical Assistant certification or equivalent experience | • High school diploma required, associate degree preferred | • Previous clinical experience preferred | • Proficiency in electronic health records | • Strong organizational and multitasking abilities"
"Physical Therapist","Charlotte Hungerford Hospital","Fairfield, CT","medical_assistant",45620,64184,"per-diem",86,"2025-06-14","https://www.ziprecruiter.com/c/Charlotte-Hungerford-Hospital/Jobs/280341","• Medical Assistant certification or equivalent experience | • High school diploma required, associate degree preferred | • Previous clinical experience preferred | • Proficiency in electronic health records | • Strong organizational and multitasking abilities"
"Respiratory Therapist","Prospect Medical Holdings","Fairfield, CT","medical_assistant",45295,61268,"contract",84,"2025-06-13","https://www.glassdoor.com/job-listing/respiratory-therapist-prospect-medical-holdings-JV_IC6207178.htm","• Medical Assistant certification or equivalent experience | • High school diploma required, associate degree preferred | • Previous clinical experience preferred | • Proficiency in electronic health records | • Strong organizational and multitasking abilities"
"Pharmacy Technician","Yale New Haven Hospital","Yonkers, NY","medical_assistant",44161,56301,"per-diem",78,"2025-06-11","https://jobs.yalenewhavenhospital.com/apply/42832","• Medical Assistant certification or equivalent experience | • High school diploma required, associate degree preferred | • Previous clinical experience preferred | • Proficiency in electronic health records | • Strong organizational and multitasking abilities"
"EKG Technician","Norwalk Hospital","Waterbury, CT","medical_assistant",54932,61072,"per-diem",88,"2025-06-16","https://www.ziprecruiter.com/c/Norwalk-Hospital/Jobs/717354","• Medical Assistant certification or equivalent experience | • High school diploma required, associate degree preferred | • Previous clinical experience preferred | • Proficiency in electronic health records | • Strong organizational and multitasking abilities"
"Clinical Assistant","Charlotte Hungerford Hospital","Bridgeport, CT","medical_assistant",47251,53638,"contract",91,"2025-06-09","https://www.indeed.com/viewjob?jk=5201091143635214","• Medical Assistant certification or equivalent experience | • High school diploma required, associate degree preferred | • Previous clinical experience preferred | • Proficiency in electronic health records | • Strong organizational and multitasking abilities"
"Medical Assistant","Yale New Haven Hospital","Norwalk, CT","medical_assistant",42045,50310,"contract",95,"2025-06-10","https://careers.yalenewhavenhospital.net/opportunities/9652","• Medical Assistant certification or equivalent experience | • High school diploma required, associate degree preferred | • Previous clinical experience preferred | • Proficiency in electronic health records | • Strong organizational and multitasking abilities"
"Occupational Therapist","Stamford Hospital","Yonkers, NY","medical_assistant",49954,61504,"full-time",94,"2025-06-15","https://careers.stamfordhospital.net/opportunities/6726","• Medical Assistant certification or equivalent experience | • High school diploma required, associate degree preferred | • Previous clinical experience preferred | • Proficiency in electronic health records | • Strong organizational and multitasking abilities"
"Radiology Technician","Yale New Haven Health System","Milford, CT","medical_assistant",42985,53279,"part-time",83,"2025-06-22","https://www.ziprecruiter.com/c/Yale-New-Haven-Health-System/Jobs/549372","• Medical Assistant certification or equivalent experience | • High school diploma required, associate degree preferred | • Previous clinical experience preferred | • Proficiency in electronic health records | • Strong organizational and multitasking abilities"
"Radiology Technician","Hartford HealthCare","Springfield, MA","medical_assistant",56250,62828,"part-time",82,"2025-06-20","https://jobs.hartfordhealthcare.com/apply/72423","• Medical Assistant certification or equivalent experience | • High school diploma required, associate degree preferred | • Previous clinical experience preferred | • Proficiency in electronic health records | • Strong organizational and multitasking abilities"
"Medical Receptionist","Stamford Hospital","Middletown, CT","medical_assistant",45460,57906,"contract",86,"2025-06-20","https://jobs.stamfordhospital.com/apply/15265","• Medical Assistant certification or equivalent experience | • High school diploma required, associate degree preferred | • Previous clinical experience preferred | • Proficiency in electronic health records | • Strong organizational and multitasking abilities"
"Pharmacy Technician","Norwalk Hospital","Hartford, CT","medical_assistant",55738,61008,"part-time",92,"2025-06-10","https://jobs.norwalkhospital.com/apply/75701","• Medical Assistant certification or equivalent experience | • High school diploma required, associate degree preferred | • Previous clinical experience preferred | • Proficiency in electronic health records | • Strong organizational and multitasking abilities"
"Medical Receptionist","Norwalk Hospital","West Haven, CT","medical_assistant",46664,54525,"full-time",96,"2025-06-19","https://jobs.norwalkhospital.com/apply/47660","• Medical Assistant certification or equivalent experience | • High school diploma required, associate degree preferred | • Previous clinical experience preferred | • Proficiency in electronic health records | • Strong organizational and multitasking abilities"
"Physical Therapist","Prospect Medical Holdings","Hartford, CT","medical_assistant",44434,61634,"per-diem",96,"2025-06-17","https://www.ziprecruiter.com/c/Prospect-Medical-Holdings/Jobs/455854","• Medical Assistant certification or equivalent experience | • High school diploma required, associate degree preferred | • Previous clinical experience preferred | • Proficiency in electronic health records | • Strong organizational and multitasking abilities"
"EKG Technician","St. Francis Hospital","Norwalk, CT","medical_assistant",49535,56441,"part-time",96,"2025-06-21","https://www.indeed.com/viewjob?jk=3144843229439662","• Medical Assistant certification or equivalent experience | • High school diploma required, associate degree preferred | • Previous clinical experience preferred | • Proficiency in electronic health records | • Strong organizational and multitasking abilities"
"Radiology Technician","Trinity Health","Hartford, CT","medical_assistant",47815,58279,"per-diem",80,"2025-06-10","https://jobs.trinityhealth.com/apply/53430","• Medical Assistant certification or equivalent experience | • High school diploma required, associate degree preferred | • Previous clinical experience preferred | • Proficiency in electronic health records | • Strong organizational and multitasking abilities"
"Lab Technician","Day Kimball Hospital","Danbury, CT","medical_assistant",50296,57303,"per-diem",97,"2025-06-22","https://jobs.daykimballhospital.com/apply/55728","• Medical Assistant certification or equivalent experience | • High school diploma required, associate degree preferred | • Previous clinical experience preferred | • Proficiency in electronic health records | • Strong organizational and multitasking abilities"
"Respiratory Therapist","Norwalk Hospital","Fairfield, CT","medical_assistant",45992,57022,"part-time",94,"2025-06-12","https://www.ziprecruiter.com/c/Norwalk-Hospital/Jobs/499641","• Medical Assistant certification or equivalent experience | • High school diploma required, associate degree preferred | • Previous clinical experience preferred | • Proficiency in electronic health records | • Strong organizational and multitasking abilities"
"Lab Technician","Hartford HealthCare","Waterbury, CT","medical_assistant",43082,64762,"contract",81,"2025-06-13","https://www.ziprecruiter.com/c/Hartford-HealthCare/Jobs/321837","• Medical Assistant certification or equivalent experience | • High school diploma required, associate degree preferred | • Previous clinical experience preferred | • Proficiency in electronic health records | • Strong organizational and multitasking abilities"
"Medical Receptionist","Stamford Hospital","Waterbury, CT","medical_assistant",53184,59784,"full-time",87,"2025-06-18","https://careers.stamfordhospital.org/job/920553","• Medical Assistant certification or equivalent experience | • High school diploma required, associate degree preferred | • Previous clinical experience preferred | • Proficiency in electronic health records | • Strong organizational and multitasking abilities"
"Medical Assistant","Backus Hospital","Norwalk, CT","medical_assistant",44746,55110,"full-time",97,"2025-06-16","https://jobs.backushospital.com/apply/74893","• Medical Assistant certification or equivalent experience | • High school diploma required, associate degree preferred | • Previous clinical experience preferred | • Proficiency in electronic health records | • Strong organizational and multitasking abilities"
"EKG Technician","Hospital of Central Connecticut","Bristol, CT","medical_assistant",45266,52167,"part-time",90,"2025-06-10","https://jobs.hospitalofcentralconnecticut.com/apply/46143","• Medical Assistant certification or equivalent experience | • High school diploma required, associate degree preferred | • Previous clinical experience preferred | • Proficiency in electronic health records | • Strong organizational and multitasking abilities"
"Clinical Assistant","St. Francis Hospital","Meriden, CT","medical_assistant",54878,64345,"part-time",80,"2025-06-11","https://www.glassdoor.com/job-listing/clinical-assistant-st.-francis-hospital-JV_IC2747017.htm","• Medical Assistant certification or equivalent experience | • High school diploma required, associate degree preferred | • Previous clinical experience preferred | • Proficiency in electronic health records | • Strong organizational and multitasking abilities"
"Medical Scribe","Connecticut Children's Medical Center","Milford, CT","medical_assistant",44583,54567,"contract",91,"2025-06-09","https://www.ziprecruiter.com/c/Connecticut-Children's-Medical-Center/Jobs/501177","• Medical Assistant certification or equivalent experience | • High school diploma required, associate degree preferred | • Previous clinical experience preferred | • Proficiency in electronic health records | • Strong organizational and multitasking abilities"
"Medical Assistant","Danbury Hospital","Norwich, CT","medical_assistant",43866,61951,"contract",83,"2025-06-12","https://jobs.danburyhospital.com/apply/67297","• Medical Assistant certification or equivalent experience | • High school diploma required, associate degree preferred | • Previous clinical experience preferred | • Proficiency in electronic health records | • Strong organizational and multitasking abilities"
"Clinical Assistant","Prospect Medical Holdings","Stamford, CT","medical_assistant",45037,50250,"part-time",88,"2025-06-15","https://jobs.prospectmedicalholdings.com/apply/39173","• Medical Assistant certification or equivalent experience | • High school diploma required, associate degree preferred | • Previous clinical experience preferred | • Proficiency in electronic health records | • Strong organizational and multitasking abilities"
"Radiology Technician","St. Francis Hospital","Bristol, CT","medical_assistant",50924,60511,"contract",89,"2025-06-17","https://www.ziprecruiter.com/c/St.-Francis-Hospital/Jobs/475816","• Medical Assistant certification or equivalent experience | • High school diploma required, associate degree preferred | • Previous clinical experience preferred | • Proficiency in electronic health records | • Strong organizational and multitasking abilities"
"Medical Scribe","Middlesex Hospital","Norwalk, CT","medical_assistant",50678,57750,"contract",89,"2025-06-13","https://www.indeed.com/viewjob?jk=8730764178026366","• Medical Assistant certification or equivalent experience | • High school diploma required, associate degree preferred | • Previous clinical experience preferred | • Proficiency in electronic health records | • Strong organizational and multitasking abilities"
"Radiology Technician","Connecticut Children's Medical Center","Yonkers, NY","medical_assistant",45594,52926,"part-time",87,"2025-06-10","https://www.ziprecruiter.com/c/Connecticut-Children's-Medical-Center/Jobs/999584","• Medical Assistant certification or equivalent experience | • High school diploma required, associate degree preferred | • Previous clinical experience preferred | • Proficiency in electronic health records | • Strong organizational and multitasking abilities"
"Phlebotomist","Hartford HealthCare","New Haven, CT","medical_assistant",42019,57242,"per-diem",82,"2025-06-11","https://www.indeed.com/viewjob?jk=7210870342211437","• Medical Assistant certification or equivalent experience | • High school diploma required, associate degree preferred | • Previous clinical experience preferred | • Proficiency in electronic health records | • Strong organizational and multitasking abilities"
"Lab Technician","Griffin Hospital","Waterbury, CT","medical_assistant",56998,62194,"part-time",95,"2025-06-15","https://www.indeed.com/viewjob?jk=4763641916357418","• Medical Assistant certification or equivalent experience | • High school diploma required, associate degree preferred | • Previous clinical experience preferred | • Proficiency in electronic health records | • Strong organizational and multitasking abilities"
"Medical Assistant","Stamford Hospital","Providence, RI","medical_assistant",54066,64188,"full-time",80,"2025-06-10","https://careers.stamfordhospital.org/job/167936","• Medical Assistant certification or equivalent experience | • High school diploma required, associate degree preferred | • Previous clinical experience preferred | • Proficiency in electronic health records | • Strong organizational and multitasking abilities"
"Pharmacy Technician","Charlotte Hungerford Hospital","Providence, RI","medical_assistant",53795,63789,"part-time",92,"2025-06-13","https://careers.charlottehungerfordhospital.org/job/516784","• Medical Assistant certification or equivalent experience | • High school diploma required, associate degree preferred | • Previous clinical experience preferred | • Proficiency in electronic health records | • Strong organizational and multitasking abilities"
"EKG Technician","Middlesex Hospital","Hartford, CT","medical_assistant",50388,64652,"full-time",90,"2025-06-12","https://www.ziprecruiter.com/c/Middlesex-Hospital/Jobs/631254","• Medical Assistant certification or equivalent experience | • High school diploma required, associate degree preferred | • Previous clinical experience preferred | • Proficiency in electronic health records | • Strong organizational and multitasking abilities"
"EKG Technician","Norwalk Hospital","Hartford, CT","medical_assistant",55816,64947,"full-time",81,"2025-06-20","https://www.indeed.com/viewjob?jk=5290200058329401","• Medical Assistant certification or equivalent experience | • High school diploma required, associate degree preferred | • Previous clinical experience preferred | • Proficiency in electronic health records | • Strong organizational and multitasking abilities"
"Physical Therapist","Hospital of Central Connecticut","Fairfield, CT","medical_assistant",44408,63191,"full-time",89,"2025-06-11","https://www.ziprecruiter.com/c/Hospital-of-Central-Connecticut/Jobs/309820","• Medical Assistant certification or equivalent experience | • High school diploma required, associate degree preferred | • Previous clinical experience preferred | • Proficiency in electronic health records | • Strong organizational and multitasking abilities"
"Medical Assistant","Griffin Hospital","Danbury, CT","medical_assistant",42009,52447,"contract",88,"2025-06-19","https://careers.griffinhospital.net/opportunities/3265","• Medical Assistant certification or equivalent experience | • High school diploma required, associate degree preferred | • Previous clinical experience preferred | • Proficiency in electronic health records | • Strong organizational and multitasking abilities"
"Medical Receptionist","Norwalk Hospital","Norwich, CT","medical_assistant",42839,61129,"part-time",83,"2025-06-16","https://www.glassdoor.com/job-listing/medical-receptionist-norwalk-hospital-JV_IC5483876.htm","• Medical Assistant certification or equivalent experience | • High school diploma required, associate degree preferred | • Previous clinical experience preferred | • Proficiency in electronic health records | • Strong organizational and multitasking abilities"
"Phlebotomist","Yale New Haven Health System","Springfield, MA","medical_assistant",42851,49646,"part-time",91,"2025-06-12","https://www.glassdoor.com/job-listing/phlebotomist-yale-new-haven-health-system-JV_IC6123023.htm","• Medical Assistant certification or equivalent experience | • High school diploma required, associate degree preferred | • Previous clinical experience preferred | • Proficiency in electronic health records | • Strong organizational and multitasking abilities"
"Radiology Technician","Hospital of Central Connecticut","Fairfield, CT","medical_assistant",53662,60483,"contract",89,"2025-06-20","https://healthcarejobs.com/ct/hospital-of-central-connecticut/41881","• Medical Assistant certification or equivalent experience | • High school diploma required, associate degree preferred | • Previous clinical experience preferred | • Proficiency in electronic health records | • Strong organizational and multitasking abilities"
"Physical Therapist","Stamford Hospital","Providence, RI","medical_assistant",43197,63714,"full-time",92,"2025-06-20","https://careers.stamfordhospital.net/opportunities/2078","• Medical Assistant certification or equivalent experience | • High school diploma required, associate degree preferred | • Previous clinical experience preferred | • Proficiency in electronic health records | • Strong organizational and multitasking abilities"
"Medical Scribe","Yale New Haven Hospital","New Britain, CT","medical_assistant",52938,59162,"part-time",78,"2025-06-17","https://careers.yalenewhavenhospital.org/job/548439","• Medical Assistant certification or equivalent experience | • High school diploma required, associate degree preferred | • Previous clinical experience preferred | • Proficiency in electronic health records | • Strong organizational and multitasking abilities"
"Medical Assistant","Danbury Hospital","New Haven, CT","medical_assistant",48591,57184,"per-diem",84,"2025-06-15","https://www.indeed.com/viewjob?jk=3152455526604515","• Medical Assistant certification or equivalent experience | • High school diploma required, associate degree preferred | • Previous clinical experience preferred | • Proficiency in electronic health records | • Strong organizational and multitasking abilities"
"Pharmacy Technician","Hartford HealthCare","Middletown, CT","medical_assistant",50108,56426,"full-time",87,"2025-06-22","https://careers.hartfordhealthcare.net/opportunities/5235","• Medical Assistant certification or equivalent experience | • High school diploma required, associate degree preferred | • Previous clinical experience preferred | • Proficiency in electronic health records | • Strong organizational and multitasking abilities"
"Medical Scribe","Hospital of Central Connecticut","Waterbury, CT","medical_assistant",47896,56908,"per-diem",81,"2025-06-17","https://careers.hospitalofcentralconnecticut.net/opportunities/4773","• Medical Assistant certification or equivalent experience | • High school diploma required, associate degree preferred | • Previous clinical experience preferred | • Proficiency in electronic health records | • Strong organizational and multitasking abilities"
"Phlebotomist","Yale New Haven Hospital","Stamford, CT","medical_assistant",44325,56421,"part-time",91,"2025-06-20","https://careers.yalenewhavenhospital.net/opportunities/8289","• Medical Assistant certification or equivalent experience | • High school diploma required, associate degree preferred | • Previous clinical experience preferred | • Proficiency in electronic health records | • Strong organizational and multitasking abilities"
"Respiratory Therapist","Hartford HealthCare","Middletown, CT","medical_assistant",42422,60928,"part-time",98,"2025-06-14","https://www.glassdoor.com/job-listing/respiratory-therapist-hartford-healthcare-JV_IC8557915.htm","• Medical Assistant certification or equivalent experience | • High school diploma required, associate degree preferred | • Previous clinical experience preferred | • Proficiency in electronic health records | • Strong organizational and multitasking abilities"
"Clinical Assistant","Trinity Health","New Haven, CT","medical_assistant",42722,60045,"full-time",97,"2025-06-09","https://www.indeed.com/viewjob?jk=2289466196899218","• Medical Assistant certification or equivalent experience | • High school diploma required, associate degree preferred | • Previous clinical experience preferred | • Proficiency in electronic health records | • Strong organizational and multitasking abilities"
"Clinical Assistant","Charlotte Hungerford Hospital","Bridgeport, CT","medical_assistant",44313,55385,"full-time",79,"2025-06-16","https://www.indeed.com/viewjob?jk=9273795834432210","• Medical Assistant certification or equivalent experience | • High school diploma required, associate degree preferred | • Previous clinical experience preferred | • Proficiency in electronic health records | • Strong organizational and multitasking abilities"
"Clinical Assistant","Backus Hospital","Meriden, CT","medical_assistant",52962,64008,"part-time",94,"2025-06-22","https://healthcarejobs.com/ct/backus-hospital/68274","• Medical Assistant certification or equivalent experience | • High school diploma required, associate degree preferred | • Previous clinical experience preferred | • Proficiency in electronic health records | • Strong organizational and multitasking abilities"
"Medical Scribe","Danbury Hospital","Greenwich, CT","medical_assistant",52117,59161,"per-diem",94,"2025-06-20","https://jobs.danburyhospital.com/apply/20418","• Medical Assistant certification or equivalent experience | • High school diploma required, associate degree preferred | • Previous clinical experience preferred | • Proficiency in electronic health records | • Strong organizational and multitasking abilities"
"Medical Assistant","Griffin Hospital","Danbury, CT","medical_assistant",50979,61768,"full-time",90,"2025-06-22","https://www.glassdoor.com/job-listing/medical-assistant-griffin-hospital-JV_IC1479613.htm","• Medical Assistant certification or equivalent experience | • High school diploma required, associate degree preferred | • Previous clinical experience preferred | • Proficiency in electronic health records | • Strong organizational and multitasking abilities"
"Respiratory Therapist","St. Francis Hospital","Norwalk, CT","medical_assistant",42047,51828,"full-time",95,"2025-06-18","https://careers.st.francishospital.net/opportunities/2654","• Medical Assistant certification or equivalent experience | • High school diploma required, associate degree preferred | • Previous clinical experience preferred | • Proficiency in electronic health records | • Strong organizational and multitasking abilities"
"Respiratory Therapist","Yale New Haven Hospital","Yonkers, NY","medical_assistant",47063,55391,"part-time",87,"2025-06-18","https://jobs.yalenewhavenhospital.com/apply/17147","• Medical Assistant certification or equivalent experience | • High school diploma required, associate degree preferred | • Previous clinical experience preferred | • Proficiency in electronic health records | • Strong organizational and multitasking abilities"
"EKG Technician","Trinity Health","Stamford, CT","medical_assistant",46883,58227,"full-time",83,"2025-06-21","https://healthcarejobs.com/ct/trinity-health/70745","• Medical Assistant certification or equivalent experience | • High school diploma required, associate degree preferred | • Previous clinical experience preferred | • Proficiency in electronic health records | • Strong organizational and multitasking abilities"
"Pharmacy Technician","Prospect Medical Holdings","Danbury, CT","medical_assistant",51230,58004,"part-time",86,"2025-06-17","https://jobs.prospectmedicalholdings.com/apply/41132","• Medical Assistant certification or equivalent experience | • High school diploma required, associate degree preferred | • Previous clinical experience preferred | • Proficiency in electronic health records | • Strong organizational and multitasking abilities"
"Lab Technician","Bridgeport Hospital","Fairfield, CT","medical_assistant",51267,61817,"part-time",85,"2025-06-23","https://www.glassdoor.com/job-listing/lab-technician-bridgeport-hospital-JV_IC2266431.htm","• Medical Assistant certification or equivalent experience | • High school diploma required, associate degree preferred | • Previous clinical experience preferred | • Proficiency in electronic health records | • Strong organizational and multitasking abilities"
"EKG Technician","Trinity Health","Danbury, CT","medical_assistant",49326,60912,"contract",93,"2025-06-23","https://careers.trinityhealth.org/job/365509","• Medical Assistant certification or equivalent experience | • High school diploma required, associate degree preferred | • Previous clinical experience preferred | • Proficiency in electronic health records | • Strong organizational and multitasking abilities"
"Medical Assistant","Backus Hospital","Norwalk, CT","medical_assistant",45603,59282,"full-time",78,"2025-06-21","https://www.indeed.com/viewjob?jk=7838714888613093","• Medical Assistant certification or equivalent experience | • High school diploma required, associate degree preferred | • Previous clinical experience preferred | • Proficiency in electronic health records | • Strong organizational and multitasking abilities"
"Occupational Therapist","St. Francis Hospital","Bridgeport, CT","medical_assistant",54423,61389,"contract",86,"2025-06-18","https://careers.st.francishospital.org/job/863743","• Medical Assistant certification or equivalent experience | • High school diploma required, associate degree preferred | • Previous clinical experience preferred | • Proficiency in electronic health records | • Strong organizational and multitasking abilities"
"Pharmacy Technician","Griffin Hospital","Norwich, CT","medical_assistant",48791,55331,"per-diem",86,"2025-06-15","https://careers.griffinhospital.net/opportunities/4519","• Medical Assistant certification or equivalent experience | • High school diploma required, associate degree preferred | • Previous clinical experience preferred | • Proficiency in electronic health records | • Strong organizational and multitasking abilities"
"Radiology Technician","Yale New Haven Hospital","Meriden, CT","medical_assistant",47062,62498,"contract",85,"2025-06-19","https://careers.yalenewhavenhospital.org/job/569377","• Medical Assistant certification or equivalent experience | • High school diploma required, associate degree preferred | • Previous clinical experience preferred | • Proficiency in electronic health records | • Strong organizational and multitasking abilities"
"Phlebotomist","Hartford Hospital","Norwich, CT","medical_assistant",53341,63106,"full-time",84,"2025-06-20","https://healthcarejobs.com/ct/hartford-hospital/80946","• Medical Assistant certification or equivalent experience | • High school diploma required, associate degree preferred | • Previous clinical experience preferred | • Proficiency in electronic health records | • Strong organizational and multitasking abilities"
"Occupational Therapist","Day Kimball Hospital","Norwich, CT","medical_assistant",53139,63617,"per-diem",82,"2025-06-11","https://careers.daykimballhospital.net/opportunities/2052","• Medical Assistant certification or equivalent experience | • High school diploma required, associate degree preferred | • Previous clinical experience preferred | • Proficiency in electronic health records | • Strong organizational and multitasking abilities"
"Lab Technician","Yale New Haven Health System","Stamford, CT","medical_assistant",50458,61695,"full-time",96,"2025-06-11","https://healthcarejobs.com/ct/yale-new-haven-health-system/29547","• Medical Assistant certification or equivalent experience | • High school diploma required, associate degree preferred | • Previous clinical experience preferred | • Proficiency in electronic health records | • Strong organizational and multitasking abilities"
"EKG Technician","Yale New Haven Hospital","Norwalk, CT","medical_assistant",51393,60740,"part-time",98,"2025-06-22","https://careers.yalenewhavenhospital.net/opportunities/4745","• Medical Assistant certification or equivalent experience | • High school diploma required, associate degree preferred | • Previous clinical experience preferred | • Proficiency in electronic health records | • Strong organizational and multitasking abilities"
"Pharmacy Technician","Connecticut Children's Medical Center","Yonkers, NY","medical_assistant",55809,62563,"full-time",88,"2025-06-09","https://jobs.connecticutchildrensmedicalcenter.com/apply/42471","• Medical Assistant certification or equivalent experience | • High school diploma required, associate degree preferred | • Previous clinical experience preferred | • Proficiency in electronic health records | • Strong organizational and multitasking abilities"
"Clinical Assistant","Connecticut Children's Medical Center","Bridgeport, CT","medical_assistant",50660,58216,"contract",95,"2025-06-18","https://careers.connecticutchildrensmedicalcenter.net/opportunities/2689","• Medical Assistant certification or equivalent experience | • High school diploma required, associate degree preferred | • Previous clinical experience preferred | • Proficiency in electronic health records | • Strong organizational and multitasking abilities"
"Medical Assistant","Middlesex Hospital","Yonkers, NY","medical_assistant",54261,61608,"contract",79,"2025-06-14","https://jobs.middlesexhospital.com/apply/59819","• Medical Assistant certification or equivalent experience | • High school diploma required, associate degree preferred | • Previous clinical experience preferred | • Proficiency in electronic health records | • Strong organizational and multitasking abilities"
"Clinical Assistant","Griffin Hospital","New Britain, CT","medical_assistant",48683,56481,"full-time",83,"2025-06-21","https://careers.griffinhospital.org/job/399320","• Medical Assistant certification or equivalent experience | • High school diploma required, associate degree preferred | • Previous clinical experience preferred | • Proficiency in electronic health records | • Strong organizational and multitasking abilities"
"Radiology Technician","Hospital of Central Connecticut","Bristol, CT","medical_assistant",54416,61263,"part-time",78,"2025-06-23","https://www.indeed.com/viewjob?jk=7703937617008215","• Medical Assistant certification or equivalent experience | • High school diploma required, associate degree preferred | • Previous clinical experience preferred | • Proficiency in electronic health records | • Strong organizational and multitasking abilities"
"Medical Scribe","Yale New Haven Health System","Yonkers, NY","medical_assistant",52841,59999,"full-time",94,"2025-06-09","https://careers.yalenewhavenhealthsystem.net/opportunities/7913","• Medical Assistant certification or equivalent experience | • High school diploma required, associate degree preferred | • Previous clinical experience preferred | • Proficiency in electronic health records | • Strong organizational and multitasking abilities"
"Physical Therapist","Trinity Health","Greenwich, CT","medical_assistant",52079,61789,"contract",85,"2025-06-14","https://careers.trinityhealth.org/job/845779","• Medical Assistant certification or equivalent experience | • High school diploma required, associate degree preferred | • Previous clinical experience preferred | • Proficiency in electronic health records | • Strong organizational and multitasking abilities"
"Phlebotomist","Middlesex Hospital","New Haven, CT","medical_assistant",55314,60866,"contract",83,"2025-06-22","https://jobs.middlesexhospital.com/apply/39807","• Medical Assistant certification or equivalent experience | • High school diploma required, associate degree preferred | • Previous clinical experience preferred | • Proficiency in electronic health records | • Strong organizational and multitasking abilities"
"Lab Technician","Stamford Hospital","Meriden, CT","medical_assistant",53573,61103,"part-time",83,"2025-06-22","https://healthcarejobs.com/ct/stamford-hospital/32954","• Medical Assistant certification or equivalent experience | • High school diploma required, associate degree preferred | • Previous clinical experience preferred | • Proficiency in electronic health records | • Strong organizational and multitasking abilities"
"Respiratory Therapist","Hartford HealthCare","Hartford, CT","medical_assistant",52961,59202,"part-time",82,"2025-06-23","https://www.glassdoor.com/job-listing/respiratory-therapist-hartford-healthcare-JV_IC4691859.htm","• Medical Assistant certification or equivalent experience | • High school diploma required, associate degree preferred | • Previous clinical experience preferred | • Proficiency in electronic health records | • Strong organizational and multitasking abilities"
"Occupational Therapist","Hartford Hospital","Greenwich, CT","medical_assistant",44352,51717,"part-time",96,"2025-06-12","https://careers.hartfordhospital.net/opportunities/2180","• Medical Assistant certification or equivalent experience | • High school diploma required, associate degree preferred | • Previous clinical experience preferred | • Proficiency in electronic health records | • Strong organizational and multitasking abilities"
"Respiratory Therapist","Prospect Medical Holdings","Norwich, CT","medical_assistant",46471,51976,"per-diem",92,"2025-06-11","https://www.glassdoor.com/job-listing/respiratory-therapist-prospect-medical-holdings-JV_IC7461012.htm","• Medical Assistant certification or equivalent experience | • High school diploma required, associate degree preferred | • Previous clinical experience preferred | • Proficiency in electronic health records | • Strong organizational and multitasking abilities"
"Occupational Therapist","Middlesex Hospital","Danbury, CT","medical_assistant",55979,61200,"part-time",83,"2025-06-12","https://www.glassdoor.com/job-listing/occupational-therapist-middlesex-hospital-JV_IC4098171.htm","• Medical Assistant certification or equivalent experience | • High school diploma required, associate degree preferred | • Previous clinical experience preferred | • Proficiency in electronic health records | • Strong organizational and multitasking abilities"
"Pharmacy Technician","Connecticut Children's Medical Center","Middletown, CT","medical_assistant",43605,62856,"contract",94,"2025-06-23","https://jobs.connecticutchildrensmedicalcenter.com/apply/13767","• Medical Assistant certification or equivalent experience | • High school diploma required, associate degree preferred | • Previous clinical experience preferred | • Proficiency in electronic health records | • Strong organizational and multitasking abilities"
"Respiratory Therapist","Trinity Health","White Plains, NY","medical_assistant",52707,59661,"per-diem",78,"2025-06-16","https://careers.trinityhealth.org/job/906149","• Medical Assistant certification or equivalent experience | • High school diploma required, associate degree preferred | • Previous clinical experience preferred | • Proficiency in electronic health records | • Strong organizational and multitasking abilities"
"Respiratory Therapist","Hospital of Central Connecticut","Yonkers, NY","medical_assistant",47225,56474,"per-diem",85,"2025-06-23","https://careers.hospitalofcentralconnecticut.org/job/871120","• Medical Assistant certification or equivalent experience | • High school diploma required, associate degree preferred | • Previous clinical experience preferred | • Proficiency in electronic health records | • Strong organizational and multitasking abilities"
"Medical Scribe","Hartford HealthCare","Waterbury, CT","medical_assistant",46356,61787,"part-time",80,"2025-06-17","https://healthcarejobs.com/ct/hartford-healthcare/53326","• Medical Assistant certification or equivalent experience | • High school diploma required, associate degree preferred | • Previous clinical experience preferred | • Proficiency in electronic health records | • Strong organizational and multitasking abilities"
"Phlebotomist","Hospital of Central Connecticut","Middletown, CT","medical_assistant",51624,58144,"part-time",82,"2025-06-15","https://www.indeed.com/viewjob?jk=2928304466686624","• Medical Assistant certification or equivalent experience | • High school diploma required, associate degree preferred | • Previous clinical experience preferred | • Proficiency in electronic health records | • Strong organizational and multitasking abilities"
"Occupational Therapist","Connecticut Children's Medical Center","Greenwich, CT","medical_assistant",54925,64191,"part-time",97,"2025-06-18","https://www.ziprecruiter.com/c/Connecticut-Children's-Medical-Center/Jobs/343127","• Medical Assistant certification or equivalent experience | • High school diploma required, associate degree preferred | • Previous clinical experience preferred | • Proficiency in electronic health records | • Strong organizational and multitasking abilities"
"Physical Therapist","Day Kimball Hospital","New Haven, CT","medical_assistant",48044,64061,"per-diem",81,"2025-06-18","https://careers.daykimballhospital.net/opportunities/5778","• Medical Assistant certification or equivalent experience | • High school diploma required, associate degree preferred | • Previous clinical experience preferred | • Proficiency in electronic health records | • Strong organizational and multitasking abilities"
"Medical Receptionist","Danbury Hospital","Norwich, CT","medical_assistant",42993,61078,"per-diem",88,"2025-06-16","https://www.glassdoor.com/job-listing/medical-receptionist-danbury-hospital-JV_IC1996153.htm","• Medical Assistant certification or equivalent experience | • High school diploma required, associate degree preferred | • Previous clinical experience preferred | • Proficiency in electronic health records | • Strong organizational and multitasking abilities"
"Physical Therapist","Middlesex Hospital","Milford, CT","medical_assistant",50793,57085,"contract",97,"2025-06-14","https://www.glassdoor.com/job-listing/physical-therapist-middlesex-hospital-JV_IC9854288.htm","• Medical Assistant certification or equivalent experience | • High school diploma required, associate degree preferred | • Previous clinical experience preferred | • Proficiency in electronic health records | • Strong organizational and multitasking abilities"
"Medical Receptionist","Trinity Health","Meriden, CT","medical_assistant",48303,61972,"full-time",81,"2025-06-18","https://jobs.trinityhealth.com/apply/89171","• Medical Assistant certification or equivalent experience | • High school diploma required, associate degree preferred | • Previous clinical experience preferred | • Proficiency in electronic health records | • Strong organizational and multitasking abilities"
"Respiratory Therapist","Connecticut Children's Medical Center","Bridgeport, CT","medical_assistant",51664,61920,"part-time",89,"2025-06-23","https://careers.connecticutchildrensmedicalcenter.org/job/701459","• Medical Assistant certification or equivalent experience | • High school diploma required, associate degree preferred | • Previous clinical experience preferred | • Proficiency in electronic health records | • Strong organizational and multitasking abilities"
"Radiology Technician","Trinity Health","Norwalk, CT","medical_assistant",49864,59513,"contract",97,"2025-06-18","https://healthcarejobs.com/ct/trinity-health/97779","• Medical Assistant certification or equivalent experience | • High school diploma required, associate degree preferred | • Previous clinical experience preferred | • Proficiency in electronic health records | • Strong organizational and multitasking abilities"
"Radiology Technician","Danbury Hospital","Danbury, CT","medical_assistant",49114,64555,"per-diem",88,"2025-06-17","https://www.glassdoor.com/job-listing/radiology-technician-danbury-hospital-JV_IC3102181.htm","• Medical Assistant certification or equivalent experience | • High school diploma required, associate degree preferred | • Previous clinical experience preferred | • Proficiency in electronic health records | • Strong organizational and multitasking abilities"
"EKG Technician","Middlesex Hospital","Greenwich, CT","medical_assistant",56129,63329,"per-diem",86,"2025-06-15","https://careers.middlesexhospital.net/opportunities/6620","• Medical Assistant certification or equivalent experience | • High school diploma required, associate degree preferred | • Previous clinical experience preferred | • Proficiency in electronic health records | • Strong organizational and multitasking abilities"
"Radiology Technician","Connecticut Children's Medical Center","Milford, CT","medical_assistant",54631,63173,"part-time",78,"2025-06-21","https://careers.connecticutchildrensmedicalcenter.net/opportunities/9766","• Medical Assistant certification or equivalent experience | • High school diploma required, associate degree preferred | • Previous clinical experience preferred | • Proficiency in electronic health records | • Strong organizational and multitasking abilities"
"Physical Therapist","Hartford HealthCare","Danbury, CT","medical_assistant",55248,64144,"part-time",90,"2025-06-14","https://careers.hartfordhealthcare.org/job/285464","• Medical Assistant certification or equivalent experience | • High school diploma required, associate degree preferred | • Previous clinical experience preferred | • Proficiency in electronic health records | • Strong organizational and multitasking abilities"
"Respiratory Therapist","Connecticut Children's Medical Center","Bristol, CT","medical_assistant",43297,51514,"contract",94,"2025-06-17","https://healthcarejobs.com/ct/connecticut-children's-medical-center/61046","• Medical Assistant certification or equivalent experience | • High school diploma required, associate degree preferred | • Previous clinical experience preferred | • Proficiency in electronic health records | • Strong organizational and multitasking abilities"
"EKG Technician","Day Kimball Hospital","Providence, RI","medical_assistant",55005,63374,"part-time",98,"2025-06-12","https://jobs.daykimballhospital.com/apply/13328","• Medical Assistant certification or equivalent experience | • High school diploma required, associate degree preferred | • Previous clinical experience preferred | • Proficiency in electronic health records | • Strong organizational and multitasking abilities"
"Physical Therapist","Charlotte Hungerford Hospital","Waterbury, CT","medical_assistant",44504,53578,"part-time",82,"2025-06-10","https://www.ziprecruiter.com/c/Charlotte-Hungerford-Hospital/Jobs/496348","• Medical Assistant certification or equivalent experience | • High school diploma required, associate degree preferred | • Previous clinical experience preferred | • Proficiency in electronic health records | • Strong organizational and multitasking abilities"
"Medical Receptionist","St. Francis Hospital","West Haven, CT","medical_assistant",50112,57365,"per-diem",91,"2025-06-13","https://www.glassdoor.com/job-listing/medical-receptionist-st.-francis-hospital-JV_IC4038653.htm","• Medical Assistant certification or equivalent experience | • High school diploma required, associate degree preferred | • Previous clinical experience preferred | • Proficiency in electronic health records | • Strong organizational and multitasking abilities"
"Occupational Therapist","Yale New Haven Hospital","Meriden, CT","medical_assistant",49680,58061,"per-diem",88,"2025-06-16","https://www.indeed.com/viewjob?jk=5225341189222529","• Medical Assistant certification or equivalent experience | • High school diploma required, associate degree preferred | • Previous clinical experience preferred | • Proficiency in electronic health records | • Strong organizational and multitasking abilities"
"Occupational Therapist","Prospect Medical Holdings","Milford, CT","medical_assistant",42376,56565,"contract",79,"2025-06-22","https://www.glassdoor.com/job-listing/occupational-therapist-prospect-medical-holdings-JV_IC9203727.htm","• Medical Assistant certification or equivalent experience | • High school diploma required, associate degree preferred | • Previous clinical experience preferred | • Proficiency in electronic health records | • Strong organizational and multitasking abilities"
"Pharmacy Technician","Hartford Hospital","Greenwich, CT","medical_assistant",50526,60753,"part-time",88,"2025-06-20","https://www.glassdoor.com/job-listing/pharmacy-technician-hartford-hospital-JV_IC4672030.htm","• Medical Assistant certification or equivalent experience | • High school diploma required, associate degree preferred | • Previous clinical experience preferred | • Proficiency in electronic health records | • Strong organizational and multitasking abilities"
"Medical Scribe","Day Kimball Hospital","Danbury, CT","medical_assistant",46097,57844,"contract",82,"2025-06-12","https://careers.daykimballhospital.org/job/688015","• Medical Assistant certification or equivalent experience | • High school diploma required, associate degree preferred | • Previous clinical experience preferred | • Proficiency in electronic health records | • Strong organizational and multitasking abilities"
"Pharmacy Technician","Trinity Health","Springfield, MA","medical_assistant",46313,53840,"contract",80,"2025-06-19","https://careers.trinityhealth.org/job/316330","• Medical Assistant certification or equivalent experience | • High school diploma required, associate degree preferred | • Previous clinical experience preferred | • Proficiency in electronic health records | • Strong organizational and multitasking abilities"
"Radiology Technician","Stamford Hospital","White Plains, NY","medical_assistant",56911,63875,"per-diem",83,"2025-06-20","https://careers.stamfordhospital.net/opportunities/3864","• Medical Assistant certification or equivalent experience | • High school diploma required, associate degree preferred | • Previous clinical experience preferred | • Proficiency in electronic health records | • Strong organizational and multitasking abilities"
"Occupational Therapist","Danbury Hospital","New Haven, CT","medical_assistant",44389,50428,"contract",89,"2025-06-19","https://www.glassdoor.com/job-listing/occupational-therapist-danbury-hospital-JV_IC4756520.htm","• Medical Assistant certification or equivalent experience | • High school diploma required, associate degree preferred | • Previous clinical experience preferred | • Proficiency in electronic health records | • Strong organizational and multitasking abilities"
"Occupational Therapist","Backus Hospital","Norwich, CT","medical_assistant",52141,59219,"part-time",90,"2025-06-13","https://www.indeed.com/viewjob?jk=3537835524808353","• Medical Assistant certification or equivalent experience | • High school diploma required, associate degree preferred | • Previous clinical experience preferred | • Proficiency in electronic health records | • Strong organizational and multitasking abilities"
"Pharmacy Technician","Connecticut Children's Medical Center","Springfield, MA","medical_assistant",46811,57212,"part-time",79,"2025-06-14","https://healthcarejobs.com/ct/connecticut-children's-medical-center/56300","• Medical Assistant certification or equivalent experience | • High school diploma required, associate degree preferred | • Previous clinical experience preferred | • Proficiency in electronic health records | • Strong organizational and multitasking abilities"
"Lab Technician","Griffin Hospital","Danbury, CT","medical_assistant",45654,56583,"full-time",94,"2025-06-20","https://careers.griffinhospital.org/job/525770","• Medical Assistant certification or equivalent experience | • High school diploma required, associate degree preferred | • Previous clinical experience preferred | • Proficiency in electronic health records | • Strong organizational and multitasking abilities"
"Respiratory Therapist","Prospect Medical Holdings","Yonkers, NY","medical_assistant",53668,60390,"per-diem",95,"2025-06-18","https://www.glassdoor.com/job-listing/respiratory-therapist-prospect-medical-holdings-JV_IC9752474.htm","• Medical Assistant certification or equivalent experience | • High school diploma required, associate degree preferred | • Previous clinical experience preferred | • Proficiency in electronic health records | • Strong organizational and multitasking abilities"
"EKG Technician","Middlesex Hospital","West Haven, CT","medical_assistant",47909,53095,"part-time",96,"2025-06-16","https://careers.middlesexhospital.org/job/288306","• Medical Assistant certification or equivalent experience | • High school diploma required, associate degree preferred | • Previous clinical experience preferred | • Proficiency in electronic health records | • Strong organizational and multitasking abilities"
"Physical Therapist","Stamford Hospital","Waterbury, CT","medical_assistant",48224,56336,"part-time",81,"2025-06-13","https://careers.stamfordhospital.org/job/249790","• Medical Assistant certification or equivalent experience | • High school diploma required, associate degree preferred | • Previous clinical experience preferred | • Proficiency in electronic health records | • Strong organizational and multitasking abilities"
"Lab Technician","St. Francis Hospital","Fairfield, CT","medical_assistant",55122,60779,"full-time",84,"2025-06-12","https://jobs.st.francishospital.com/apply/97419","• Medical Assistant certification or equivalent experience | • High school diploma required, associate degree preferred | • Previous clinical experience preferred | • Proficiency in electronic health records | • Strong organizational and multitasking abilities"
"Medical Receptionist","Connecticut Children's Medical Center","Bristol, CT","medical_assistant",50585,59373,"part-time",93,"2025-06-14","https://www.ziprecruiter.com/c/Connecticut-Children's-Medical-Center/Jobs/648762","• Medical Assistant certification or equivalent experience | • High school diploma required, associate degree preferred | • Previous clinical experience preferred | • Proficiency in electronic health records | • Strong organizational and multitasking abilities"
"Radiology Technician","Hartford Hospital","Yonkers, NY","medical_assistant",48035,58278,"part-time",82,"2025-06-19","https://careers.hartfordhospital.org/job/964061","• Medical Assistant certification or equivalent experience | • High school diploma required, associate degree preferred | • Previous clinical experience preferred | • Proficiency in electronic health records | • Strong organizational and multitasking abilities"
"Clinical Assistant","Charlotte Hungerford Hospital","New Britain, CT","medical_assistant",46621,59985,"per-diem",87,"2025-06-14","https://www.ziprecruiter.com/c/Charlotte-Hungerford-Hospital/Jobs/484614","• Medical Assistant certification or equivalent experience | • High school diploma required, associate degree preferred | • Previous clinical experience preferred | • Proficiency in electronic health records | • Strong organizational and multitasking abilities"
"Medical Receptionist","Trinity Health","Norwalk, CT","medical_assistant",55373,62277,"part-time",84,"2025-06-18","https://careers.trinityhealth.net/opportunities/6647","• Medical Assistant certification or equivalent experience | • High school diploma required, associate degree preferred | • Previous clinical experience preferred | • Proficiency in electronic health records | • Strong organizational and multitasking abilities"
"Respiratory Therapist","Hartford HealthCare","West Haven, CT","medical_assistant",53155,64332,"part-time",96,"2025-06-10","https://careers.hartfordhealthcare.net/opportunities/4636","• Medical Assistant certification or equivalent experience | • High school diploma required, associate degree preferred | • Previous clinical experience preferred | • Proficiency in electronic health records | • Strong organizational and multitasking abilities"
"Pharmacy Technician","Charlotte Hungerford Hospital","White Plains, NY","medical_assistant",49951,62676,"contract",91,"2025-06-19","https://jobs.charlottehungerfordhospital.com/apply/43047","• Medical Assistant certification or equivalent experience | • High school diploma required, associate degree preferred | • Previous clinical experience preferred | • Proficiency in electronic health records | • Strong organizational and multitasking abilities"
"Pharmacy Technician","Hospital of Central Connecticut","Springfield, MA","medical_assistant",55100,61237,"part-time",88,"2025-06-18","https://www.glassdoor.com/job-listing/pharmacy-technician-hospital-of-central-connecticut-JV_IC2019028.htm","• Medical Assistant certification or equivalent experience | • High school diploma required, associate degree preferred | • Previous clinical experience preferred | • Proficiency in electronic health records | • Strong organizational and multitasking abilities"
"Physical Therapist","Trinity Health","Yonkers, NY","medical_assistant",54284,63698,"per-diem",97,"2025-06-22","https://careers.trinityhealth.net/opportunities/5128","• Medical Assistant certification or equivalent experience | • High school diploma required, associate degree preferred | • Previous clinical experience preferred | • Proficiency in electronic health records | • Strong organizational and multitasking abilities"
"Physical Therapist","St. Francis Hospital","Stamford, CT","medical_assistant",49154,60403,"part-time",87,"2025-06-15","https://careers.st.francishospital.org/job/101364","• Medical Assistant certification or equivalent experience | • High school diploma required, associate degree preferred | • Previous clinical experience preferred | • Proficiency in electronic health records | • Strong organizational and multitasking abilities"
"Medical Scribe","Day Kimball Hospital","Springfield, MA","medical_assistant",48523,63806,"per-diem",79,"2025-06-13","https://careers.daykimballhospital.net/opportunities/5652","• Medical Assistant certification or equivalent experience | • High school diploma required, associate degree preferred | • Previous clinical experience preferred | • Proficiency in electronic health records | • Strong organizational and multitasking abilities"
"EKG Technician","Bridgeport Hospital","Springfield, MA","medical_assistant",51762,63897,"contract",95,"2025-06-14","https://www.indeed.com/viewjob?jk=3255958389784620","• Medical Assistant certification or equivalent experience | • High school diploma required, associate degree preferred | • Previous clinical experience preferred | • Proficiency in electronic health records | • Strong organizational and multitasking abilities"
"Medical Receptionist","Norwalk Hospital","New Haven, CT","medical_assistant",55797,61833,"per-diem",83,"2025-06-20","https://healthcarejobs.com/ct/norwalk-hospital/95201","• Medical Assistant certification or equivalent experience | • High school diploma required, associate degree preferred | • Previous clinical experience preferred | • Proficiency in electronic health records | • Strong organizational and multitasking abilities"
"Phlebotomist","Bridgeport Hospital","Springfield, MA","medical_assistant",45814,52287,"contract",81,"2025-06-22","https://jobs.bridgeporthospital.com/apply/24088","• Medical Assistant certification or equivalent experience | • High school diploma required, associate degree preferred | • Previous clinical experience preferred | • Proficiency in electronic health records | • Strong organizational and multitasking abilities"
"Medical Scribe","Bridgeport Hospital","Norwalk, CT","medical_assistant",44182,60217,"per-diem",88,"2025-06-14","https://careers.bridgeporthospital.org/job/857933","• Medical Assistant certification or equivalent experience | • High school diploma required, associate degree preferred | • Previous clinical experience preferred | • Proficiency in electronic health records | • Strong organizational and multitasking abilities"
"Occupational Therapist","Day Kimball Hospital","Providence, RI","medical_assistant",51794,56825,"part-time",91,"2025-06-15","https://www.glassdoor.com/job-listing/occupational-therapist-day-kimball-hospital-JV_IC5525565.htm","• Medical Assistant certification or equivalent experience | • High school diploma required, associate degree preferred | • Previous clinical experience preferred | • Proficiency in electronic health records | • Strong organizational and multitasking abilities"
"Phlebotomist","Stamford Hospital","Norwich, CT","medical_assistant",43329,60366,"per-diem",81,"2025-06-23","https://www.indeed.com/viewjob?jk=6980367801999300","• Medical Assistant certification or equivalent experience | • High school diploma required, associate degree preferred | • Previous clinical experience preferred | • Proficiency in electronic health records | • Strong organizational and multitasking abilities"
"Radiology Technician","Backus Hospital","Bridgeport, CT","medical_assistant",56603,62365,"contract",98,"2025-06-18","https://healthcarejobs.com/ct/backus-hospital/36305","• Medical Assistant certification or equivalent experience | • High school diploma required, associate degree preferred | • Previous clinical experience preferred | • Proficiency in electronic health records | • Strong organizational and multitasking abilities"
"Radiology Technician","Danbury Hospital","Norwalk, CT","medical_assistant",49699,59893,"contract",81,"2025-06-11","https://careers.danburyhospital.net/opportunities/5511","• Medical Assistant certification or equivalent experience | • High school diploma required, associate degree preferred | • Previous clinical experience preferred | • Proficiency in electronic health records | • Strong organizational and multitasking abilities"
"Clinical Assistant","Yale New Haven Health System","New Britain, CT","medical_assistant",48094,59940,"part-time",93,"2025-06-19","https://www.ziprecruiter.com/c/Yale-New-Haven-Health-System/Jobs/207544","• Medical Assistant certification or equivalent experience | • High school diploma required, associate degree preferred | • Previous clinical experience preferred | • Proficiency in electronic health records | • Strong organizational and multitasking abilities"
"Medical Assistant","Yale New Haven Hospital","New Haven, CT","medical_assistant",42675,50700,"full-time",89,"2025-06-16","https://jobs.yalenewhavenhospital.com/apply/45972","• Medical Assistant certification or equivalent experience | • High school diploma required, associate degree preferred | • Previous clinical experience preferred | • Proficiency in electronic health records | • Strong organizational and multitasking abilities"
"Lab Technician","Connecticut Children's Medical Center","Norwalk, CT","medical_assistant",44900,53899,"full-time",80,"2025-06-12","https://www.ziprecruiter.com/c/Connecticut-Children's-Medical-Center/Jobs/831019","• Medical Assistant certification or equivalent experience | • High school diploma required, associate degree preferred | • Previous clinical experience preferred | • Proficiency in electronic health records | • Strong organizational and multitasking abilities"
"Lab Technician","Middlesex Hospital","Springfield, MA","medical_assistant",55636,61030,"part-time",82,"2025-06-22","https://www.ziprecruiter.com/c/Middlesex-Hospital/Jobs/702897","• Medical Assistant certification or equivalent experience | • High school diploma required, associate degree preferred | • Previous clinical experience preferred | • Proficiency in electronic health records | • Strong organizational and multitasking abilities"
"Medical Receptionist","Hospital of Central Connecticut","Middletown, CT","medical_assistant",53775,60813,"full-time",94,"2025-06-13","https://careers.hospitalofcentralconnecticut.net/opportunities/3388","• Medical Assistant certification or equivalent experience | • High school diploma required, associate degree preferred | • Previous clinical experience preferred | • Proficiency in electronic health records | • Strong organizational and multitasking abilities"
"Respiratory Therapist","Hospital of Central Connecticut","Norwalk, CT","medical_assistant",54836,63811,"full-time",82,"2025-06-20","https://careers.hospitalofcentralconnecticut.org/job/867256","• Medical Assistant certification or equivalent experience | • High school diploma required, associate degree preferred | • Previous clinical experience preferred | • Proficiency in electronic health records | • Strong organizational and multitasking abilities"
"Physical Therapist","Hospital of Central Connecticut","Fairfield, CT","medical_assistant",55099,60948,"contract",81,"2025-06-20","https://www.indeed.com/viewjob?jk=1499040362660982","• Medical Assistant certification or equivalent experience | • High school diploma required, associate degree preferred | • Previous clinical experience preferred | • Proficiency in electronic health records | • Strong organizational and multitasking abilities"
"Phlebotomist","Backus Hospital","Stamford, CT","medical_assistant",44970,54217,"part-time",92,"2025-06-15","https://healthcarejobs.com/ct/backus-hospital/58436","• Medical Assistant certification or equivalent experience | • High school diploma required, associate degree preferred | • Previous clinical experience preferred | • Proficiency in electronic health records | • Strong organizational and multitasking abilities"
"Respiratory Therapist","Danbury Hospital","Bridgeport, CT","medical_assistant",44900,52320,"full-time",88,"2025-06-14","https://careers.danburyhospital.net/opportunities/2441","• Medical Assistant certification or equivalent experience | • High school diploma required, associate degree preferred | • Previous clinical experience preferred | • Proficiency in electronic health records | • Strong organizational and multitasking abilities"
"Occupational Therapist","Stamford Hospital","West Haven, CT","medical_assistant",45511,64112,"contract",81,"2025-06-19","https://healthcarejobs.com/ct/stamford-hospital/39157","• Medical Assistant certification or equivalent experience | • High school diploma required, associate degree preferred | • Previous clinical experience preferred | • Proficiency in electronic health records | • Strong organizational and multitasking abilities"
"Medical Scribe","Charlotte Hungerford Hospital","Providence, RI","medical_assistant",44586,61203,"full-time",96,"2025-06-11","https://careers.charlottehungerfordhospital.net/opportunities/6280","• Medical Assistant certification or equivalent experience | • High school diploma required, associate degree preferred | • Previous clinical experience preferred | • Proficiency in electronic health records | • Strong organizational and multitasking abilities"
"Clinical Assistant","Backus Hospital","Middletown, CT","medical_assistant",48619,57607,"contract",87,"2025-06-16","https://www.ziprecruiter.com/c/Backus-Hospital/Jobs/492732","• Medical Assistant certification or equivalent experience | • High school diploma required, associate degree preferred | • Previous clinical experience preferred | • Proficiency in electronic health records | • Strong organizational and multitasking abilities"
"Respiratory Therapist","Prospect Medical Holdings","Fairfield, CT","medical_assistant",47451,57601,"full-time",78,"2025-06-23","https://www.indeed.com/viewjob?jk=5590798715575019","• Medical Assistant certification or equivalent experience | • High school diploma required, associate degree preferred | • Previous clinical experience preferred | • Proficiency in electronic health records | • Strong organizational and multitasking abilities"
"Radiology Technician","Trinity Health","New Britain, CT","medical_assistant",43295,58837,"full-time",94,"2025-06-16","https://www.indeed.com/viewjob?jk=7599446194942754","• Medical Assistant certification or equivalent experience | • High school diploma required, associate degree preferred | • Previous clinical experience preferred | • Proficiency in electronic health records | • Strong organizational and multitasking abilities"
"Medical Scribe","Yale New Haven Health System","Providence, RI","medical_assistant",48486,53563,"full-time",79,"2025-06-20","https://www.indeed.com/viewjob?jk=1555361058049084","• Medical Assistant certification or equivalent experience | • High school diploma required, associate degree preferred | • Previous clinical experience preferred | • Proficiency in electronic health records | • Strong organizational and multitasking abilities"
"EKG Technician","Day Kimball Hospital","Springfield, MA","medical_assistant",48574,55804,"part-time",91,"2025-06-23","https://careers.daykimballhospital.net/opportunities/9361","• Medical Assistant certification or equivalent experience | • High school diploma required, associate degree preferred | • Previous clinical experience preferred | • Proficiency in electronic health records | • Strong organizational and multitasking abilities"
"EKG Technician","Hospital of Central Connecticut","White Plains, NY","medical_assistant",45367,54241,"per-diem",80,"2025-06-20","https://careers.hospitalofcentralconnecticut.org/job/738002","• Medical Assistant certification or equivalent experience | • High school diploma required, associate degree preferred | • Previous clinical experience preferred | • Proficiency in electronic health records | • Strong organizational and multitasking abilities"
"Phlebotomist","Danbury Hospital","Fairfield, CT","medical_assistant",44764,59343,"full-time",95,"2025-06-09","https://healthcarejobs.com/ct/danbury-hospital/66505","• Medical Assistant certification or equivalent experience | • High school diploma required, associate degree preferred | • Previous clinical experience preferred | • Proficiency in electronic health records | • Strong organizational and multitasking abilities"
"EKG Technician","Griffin Hospital","Hartford, CT","medical_assistant",53054,58427,"full-time",83,"2025-06-19","https://www.indeed.com/viewjob?jk=8763168939094907","• Medical Assistant certification or equivalent experience | • High school diploma required, associate degree preferred | • Previous clinical experience preferred | • Proficiency in electronic health records | • Strong organizational and multitasking abilities"
"Medical Scribe","Griffin Hospital","Yonkers, NY","medical_assistant",56301,61537,"full-time",81,"2025-06-23","https://careers.griffinhospital.org/job/595493","• Medical Assistant certification or equivalent experience | • High school diploma required, associate degree preferred | • Previous clinical experience preferred | • Proficiency in electronic health records | • Strong organizational and multitasking abilities"
"Medical Scribe","Stamford Hospital","Greenwich, CT","medical_assistant",50620,59240,"per-diem",80,"2025-06-23","https://www.ziprecruiter.com/c/Stamford-Hospital/Jobs/641133","• Medical Assistant certification or equivalent experience | • High school diploma required, associate degree preferred | • Previous clinical experience preferred | • Proficiency in electronic health records | • Strong organizational and multitasking abilities"
"EKG Technician","Danbury Hospital","Yonkers, NY","medical_assistant",50639,57747,"per-diem",89,"2025-06-23","https://www.glassdoor.com/job-listing/ekg-technician-danbury-hospital-JV_IC5943387.htm","• Medical Assistant certification or equivalent experience | • High school diploma required, associate degree preferred | • Previous clinical experience preferred | • Proficiency in electronic health records | • Strong organizational and multitasking abilities"
"EKG Technician","Stamford Hospital","Norwalk, CT","medical_assistant",53590,63671,"part-time",89,"2025-06-23","https://jobs.stamfordhospital.com/apply/48841","• Medical Assistant certification or equivalent experience | • High school diploma required, associate degree preferred | • Previous clinical experience preferred | • Proficiency in electronic health records | • Strong organizational and multitasking abilities"
"Medical Scribe","Prospect Medical Holdings","Waterbury, CT","medical_assistant",47320,60030,"per-diem",80,"2025-06-21","https://jobs.prospectmedicalholdings.com/apply/20537","• Medical Assistant certification or equivalent experience | • High school diploma required, associate degree preferred | • Previous clinical experience preferred | • Proficiency in electronic health records | • Strong organizational and multitasking abilities"
"Clinical Assistant","Stamford Hospital","New Britain, CT","medical_assistant",49993,57438,"contract",83,"2025-06-13","https://www.glassdoor.com/job-listing/clinical-assistant-stamford-hospital-JV_IC9877808.htm","• Medical Assistant certification or equivalent experience | • High school diploma required, associate degree preferred | • Previous clinical experience preferred | • Proficiency in electronic health records | • Strong organizational and multitasking abilities"
"Physical Therapist","Prospect Medical Holdings","Bridgeport, CT","medical_assistant",45510,56497,"full-time",98,"2025-06-16","https://www.indeed.com/viewjob?jk=5363747105657074","• Medical Assistant certification or equivalent experience | • High school diploma required, associate degree preferred | • Previous clinical experience preferred | • Proficiency in electronic health records | • Strong organizational and multitasking abilities"
"Occupational Therapist","Trinity Health","Stamford, CT","medical_assistant",51654,59050,"contract",94,"2025-06-12","https://www.glassdoor.com/job-listing/occupational-therapist-trinity-health-JV_IC3853226.htm","• Medical Assistant certification or equivalent experience | • High school diploma required, associate degree preferred | • Previous clinical experience preferred | • Proficiency in electronic health records | • Strong organizational and multitasking abilities"
"Lab Technician","Prospect Medical Holdings","Hartford, CT","medical_assistant",52525,57738,"part-time",86,"2025-06-23","https://careers.prospectmedicalholdings.org/job/968822","• Medical Assistant certification or equivalent experience | • High school diploma required, associate degree preferred | • Previous clinical experience preferred | • Proficiency in electronic health records | • Strong organizational and multitasking abilities"
"Radiology Technician","Stamford Hospital","Meriden, CT","medical_assistant",44863,50472,"per-diem",89,"2025-06-20","https://careers.stamfordhospital.net/opportunities/6547","• Medical Assistant certification or equivalent experience | • High school diploma required, associate degree preferred | • Previous clinical experience preferred | • Proficiency in electronic health records | • Strong organizational and multitasking abilities"
"Occupational Therapist","Middlesex Hospital","Norwich, CT","medical_assistant",49224,58122,"full-time",92,"2025-06-12","https://careers.middlesexhospital.org/job/992644","• Medical Assistant certification or equivalent experience | • High school diploma required, associate degree preferred | • Previous clinical experience preferred | • Proficiency in electronic health records | • Strong organizational and multitasking abilities"
"Lab Technician","Connecticut Children's Medical Center","Milford, CT","medical_assistant",43268,54735,"contract",85,"2025-06-14","https://www.indeed.com/viewjob?jk=5360973215706822","• Medical Assistant certification or equivalent experience | • High school diploma required, associate degree preferred | • Previous clinical experience preferred | • Proficiency in electronic health records | • Strong organizational and multitasking abilities"
"Radiology Technician","Hartford HealthCare","Springfield, MA","medical_assistant",47047,60174,"part-time",96,"2025-06-19","https://careers.hartfordhealthcare.net/opportunities/9983","• Medical Assistant certification or equivalent experience | • High school diploma required, associate degree preferred | • Previous clinical experience preferred | • Proficiency in electronic health records | • Strong organizational and multitasking abilities"
"Medical Receptionist","Charlotte Hungerford Hospital","Waterbury, CT","medical_assistant",50642,58967,"contract",90,"2025-06-23","https://www.ziprecruiter.com/c/Charlotte-Hungerford-Hospital/Jobs/638494","• Medical Assistant certification or equivalent experience | • High school diploma required, associate degree preferred | • Previous clinical experience preferred | • Proficiency in electronic health records | • Strong organizational and multitasking abilities"
"Radiology Technician","Prospect Medical Holdings","Norwalk, CT","medical_assistant",49076,64404,"part-time",87,"2025-06-10","https://www.glassdoor.com/job-listing/radiology-technician-prospect-medical-holdings-JV_IC9505940.htm","• Medical Assistant certification or equivalent experience | • High school diploma required, associate degree preferred | • Previous clinical experience preferred | • Proficiency in electronic health records | • Strong organizational and multitasking abilities"
"Radiology Technician","Hartford Hospital","Bridgeport, CT","medical_assistant",48984,59699,"part-time",86,"2025-06-18","https://healthcarejobs.com/ct/hartford-hospital/27298","• Medical Assistant certification or equivalent experience | • High school diploma required, associate degree preferred | • Previous clinical experience preferred | • Proficiency in electronic health records | • Strong organizational and multitasking abilities"
"Physical Therapist","Griffin Hospital","Yonkers, NY","medical_assistant",55930,61255,"per-diem",94,"2025-06-21","https://www.ziprecruiter.com/c/Griffin-Hospital/Jobs/530247","• Medical Assistant certification or equivalent experience | • High school diploma required, associate degree preferred | • Previous clinical experience preferred | • Proficiency in electronic health records | • Strong organizational and multitasking abilities"
"Phlebotomist","Griffin Hospital","New Haven, CT","medical_assistant",49928,64952,"per-diem",83,"2025-06-13","https://healthcarejobs.com/ct/griffin-hospital/78437","• Medical Assistant certification or equivalent experience | • High school diploma required, associate degree preferred | • Previous clinical experience preferred | • Proficiency in electronic health records | • Strong organizational and multitasking abilities"
"Clinical Assistant","Bridgeport Hospital","Providence, RI","medical_assistant",53450,62140,"per-diem",92,"2025-06-10","https://careers.bridgeporthospital.org/job/118046","• Medical Assistant certification or equivalent experience | • High school diploma required, associate degree preferred | • Previous clinical experience preferred | • Proficiency in electronic health records | • Strong organizational and multitasking abilities"
"Medical Assistant","Connecticut Children's Medical Center","New Haven, CT","medical_assistant",56636,64607,"full-time",84,"2025-06-10","https://careers.connecticutchildrensmedicalcenter.org/job/529523","• Medical Assistant certification or equivalent experience | • High school diploma required, associate degree preferred | • Previous clinical experience preferred | • Proficiency in electronic health records | • Strong organizational and multitasking abilities"
"Radiology Technician","Stamford Hospital","New Haven, CT","medical_assistant",46648,62276,"contract",83,"2025-06-13","https://healthcarejobs.com/ct/stamford-hospital/66348","• Medical Assistant certification or equivalent experience | • High school diploma required, associate degree preferred | • Previous clinical experience preferred | • Proficiency in electronic health records | • Strong organizational and multitasking abilities"
"Respiratory Therapist","Hospital of Central Connecticut","Bristol, CT","medical_assistant",43081,48527,"part-time",92,"2025-06-14","https://www.glassdoor.com/job-listing/respiratory-therapist-hospital-of-central-connecticut-JV_IC1355204.htm","• Medical Assistant certification or equivalent experience | • High school diploma required, associate degree preferred | • Previous clinical experience preferred | • Proficiency in electronic health records | • Strong organizational and multitasking abilities"
"Medical Assistant","Stamford Hospital","Bristol, CT","medical_assistant",45417,50511,"part-time",95,"2025-06-12","https://www.glassdoor.com/job-listing/medical-assistant-stamford-hospital-JV_IC2190812.htm","• Medical Assistant certification or equivalent experience | • High school diploma required, associate degree preferred | • Previous clinical experience preferred | • Proficiency in electronic health records | • Strong organizational and multitasking abilities"
"EKG Technician","Griffin Hospital","Fairfield, CT","medical_assistant",45623,57710,"per-diem",83,"2025-06-12","https://www.glassdoor.com/job-listing/ekg-technician-griffin-hospital-JV_IC7830325.htm","• Medical Assistant certification or equivalent experience | • High school diploma required, associate degree preferred | • Previous clinical experience preferred | • Proficiency in electronic health records | • Strong organizational and multitasking abilities"
"Physical Therapist","Stamford Hospital","White Plains, NY","medical_assistant",52519,62323,"per-diem",92,"2025-06-16","https://www.glassdoor.com/job-listing/physical-therapist-stamford-hospital-JV_IC5646717.htm","• Medical Assistant certification or equivalent experience | • High school diploma required, associate degree preferred | • Previous clinical experience preferred | • Proficiency in electronic health records | • Strong organizational and multitasking abilities"
"Physical Therapist","Prospect Medical Holdings","Yonkers, NY","medical_assistant",55111,62113,"full-time",94,"2025-06-23","https://www.glassdoor.com/job-listing/physical-therapist-prospect-medical-holdings-JV_IC2062807.htm","• Medical Assistant certification or equivalent experience | • High school diploma required, associate degree preferred | • Previous clinical experience preferred | • Proficiency in electronic health records | • Strong organizational and multitasking abilities"
"Phlebotomist","Hartford Hospital","Springfield, MA","medical_assistant",53148,64016,"part-time",90,"2025-06-20","https://www.glassdoor.com/job-listing/phlebotomist-hartford-hospital-JV_IC2713875.htm","• Medical Assistant certification or equivalent experience | • High school diploma required, associate degree preferred | • Previous clinical experience preferred | • Proficiency in electronic health records | • Strong organizational and multitasking abilities"
"Radiology Technician","Bridgeport Hospital","Milford, CT","medical_assistant",50208,58920,"part-time",87,"2025-06-10","https://www.glassdoor.com/job-listing/radiology-technician-bridgeport-hospital-JV_IC9882822.htm","• Medical Assistant certification or equivalent experience | • High school diploma required, associate degree preferred | • Previous clinical experience preferred | • Proficiency in electronic health records | • Strong organizational and multitasking abilities"
"Medical Scribe","St. Francis Hospital","New Britain, CT","medical_assistant",46484,57098,"per-diem",87,"2025-06-22","https://careers.st.francishospital.net/opportunities/1705","• Medical Assistant certification or equivalent experience | • High school diploma required, associate degree preferred | • Previous clinical experience preferred | • Proficiency in electronic health records | • Strong organizational and multitasking abilities"
"Clinical Assistant","Yale New Haven Health System","Milford, CT","medical_assistant",46348,64488,"full-time",90,"2025-06-18","https://healthcarejobs.com/ct/yale-new-haven-health-system/22651","• Medical Assistant certification or equivalent experience | • High school diploma required, associate degree preferred | • Previous clinical experience preferred | • Proficiency in electronic health records | • Strong organizational and multitasking abilities"
"Clinical Assistant","Middlesex Hospital","Waterbury, CT","medical_assistant",47950,62197,"per-diem",90,"2025-06-15","https://careers.middlesexhospital.net/opportunities/8819","• Medical Assistant certification or equivalent experience | • High school diploma required, associate degree preferred | • Previous clinical experience preferred | • Proficiency in electronic health records | • Strong organizational and multitasking abilities"
"Lab Technician","Hartford Hospital","Yonkers, NY","medical_assistant",49845,54969,"contract",92,"2025-06-12","https://careers.hartfordhospital.net/opportunities/4099","• Medical Assistant certification or equivalent experience | • High school diploma required, associate degree preferred | • Previous clinical experience preferred | • Proficiency in electronic health records | • Strong organizational and multitasking abilities"
"Occupational Therapist","Day Kimball Hospital","Stamford, CT","medical_assistant",50496,64608,"full-time",88,"2025-06-20","https://www.ziprecruiter.com/c/Day-Kimball-Hospital/Jobs/711480","• Medical Assistant certification or equivalent experience | • High school diploma required, associate degree preferred | • Previous clinical experience preferred | • Proficiency in electronic health records | • Strong organizational and multitasking abilities"
"Pharmacy Technician","Danbury Hospital","Fairfield, CT","medical_assistant",53385,60949,"full-time",81,"2025-06-10","https://careers.danburyhospital.org/job/971307","• Medical Assistant certification or equivalent experience | • High school diploma required, associate degree preferred | • Previous clinical experience preferred | • Proficiency in electronic health records | • Strong organizational and multitasking abilities"
"Phlebotomist","Griffin Hospital","Bristol, CT","medical_assistant",55310,63784,"per-diem",83,"2025-06-10","https://www.ziprecruiter.com/c/Griffin-Hospital/Jobs/728273","• Medical Assistant certification or equivalent experience | • High school diploma required, associate degree preferred | • Previous clinical experience preferred | • Proficiency in electronic health records | • Strong organizational and multitasking abilities"
"Respite Care Provider","Yale New Haven Hospital","West Haven, CT","home_health",32929,45814,"part-time",88,"2025-06-14","https://healthcarejobs.com/ct/yale-new-haven-hospital/98449","• Valid Connecticut Home Health Aide certification | • Reliable transportation and valid driver's license | • Compassionate and patient-focused attitude | • Previous home care experience preferred | • Ability to work independently"
"Respite Care Provider","Trinity Health","Danbury, CT","home_health",35320,46623,"full-time",96,"2025-06-21","https://careers.trinityhealth.net/opportunities/4478","• Valid Connecticut Home Health Aide certification | • Reliable transportation and valid driver's license | • Compassionate and patient-focused attitude | • Previous home care experience preferred | • Ability to work independently"
"Companion Caregiver","Day Kimball Hospital","New Britain, CT","home_health",35327,44334,"part-time",82,"2025-06-15","https://careers.daykimballhospital.org/job/389575","• Valid Connecticut Home Health Aide certification | • Reliable transportation and valid driver's license | • Compassionate and patient-focused attitude | • Previous home care experience preferred | • Ability to work independently"
"Live-in Caregiver","Yale New Haven Health System","Greenwich, CT","home_health",36952,47340,"per-diem",96,"2025-06-13","https://healthcarejobs.com/ct/yale-new-haven-health-system/57365","• Valid Connecticut Home Health Aide certification | • Reliable transportation and valid driver's license | • Compassionate and patient-focused attitude | • Previous home care experience preferred | • Ability to work independently"
"Companion Caregiver","Danbury Hospital","Springfield, MA","home_health",33861,45067,"contract",82,"2025-06-12","https://www.indeed.com/viewjob?jk=7203759195322562","• Valid Connecticut Home Health Aide certification | • Reliable transportation and valid driver's license | • Compassionate and patient-focused attitude | • Previous home care experience preferred | • Ability to work independently"
"Elder Care Assistant","Prospect Medical Holdings","Milford, CT","home_health",33591,42795,"full-time",84,"2025-06-23","https://careers.prospectmedicalholdings.org/job/474266","• Valid Connecticut Home Health Aide certification | • Reliable transportation and valid driver's license | • Compassionate and patient-focused attitude | • Previous home care experience preferred | • Ability to work independently"
"Live-in Caregiver","Griffin Hospital","Danbury, CT","home_health",34538,43944,"part-time",93,"2025-06-19","https://www.indeed.com/viewjob?jk=7840388132909065","• Valid Connecticut Home Health Aide certification | • Reliable transportation and valid driver's license | • Compassionate and patient-focused attitude | • Previous home care experience preferred | • Ability to work independently"
"Private Duty Nurse","Middlesex Hospital","New Britain, CT","home_health",34768,45451,"full-time",89,"2025-06-09","https://www.indeed.com/viewjob?jk=9490814495751638","• Valid Connecticut Home Health Aide certification | • Reliable transportation and valid driver's license | • Compassionate and patient-focused attitude | • Previous home care experience preferred | • Ability to work independently"
"Home Health Aide","Danbury Hospital","New Haven, CT","home_health",35096,46692,"contract",82,"2025-06-23","https://www.indeed.com/viewjob?jk=3147930655532773","• Valid Connecticut Home Health Aide certification | • Reliable transportation and valid driver's license | • Compassionate and patient-focused attitude | • Previous home care experience preferred | • Ability to work independently"
"Private Duty Nurse","Yale New Haven Hospital","New Haven, CT","home_health",32768,40043,"per-diem",98,"2025-06-23","https://www.ziprecruiter.com/c/Yale-New-Haven-Hospital/Jobs/298208","• Valid Connecticut Home Health Aide certification | • Reliable transportation and valid driver's license | • Compassionate and patient-focused attitude | • Previous home care experience preferred | • Ability to work independently"
"Home Care Nurse","Prospect Medical Holdings","Bridgeport, CT","home_health",39136,46249,"per-diem",86,"2025-06-15","https://www.glassdoor.com/job-listing/home-care-nurse-prospect-medical-holdings-JV_IC5025530.htm","• Valid Connecticut Home Health Aide certification | • Reliable transportation and valid driver's license | • Compassionate and patient-focused attitude | • Previous home care experience preferred | • Ability to work independently"
"Elder Care Assistant","Bridgeport Hospital","Bristol, CT","home_health",32197,46967,"full-time",91,"2025-06-22","https://www.glassdoor.com/job-listing/elder-care-assistant-bridgeport-hospital-JV_IC8373248.htm","• Valid Connecticut Home Health Aide certification | • Reliable transportation and valid driver's license | • Compassionate and patient-focused attitude | • Previous home care experience preferred | • Ability to work independently"
"Private Duty Nurse","Hospital of Central Connecticut","Waterbury, CT","home_health",33387,43744,"per-diem",95,"2025-06-09","https://www.ziprecruiter.com/c/Hospital-of-Central-Connecticut/Jobs/654249","• Valid Connecticut Home Health Aide certification | • Reliable transportation and valid driver's license | • Compassionate and patient-focused attitude | • Previous home care experience preferred | • Ability to work independently"
"Respite Care Provider","Day Kimball Hospital","Bristol, CT","home_health",32928,46282,"full-time",93,"2025-06-20","https://www.indeed.com/viewjob?jk=5791854444486834","• Valid Connecticut Home Health Aide certification | • Reliable transportation and valid driver's license | • Compassionate and patient-focused attitude | • Previous home care experience preferred | • Ability to work independently"
"Companion Caregiver","Hartford HealthCare","Milford, CT","home_health",36821,47245,"per-diem",82,"2025-06-15","https://www.glassdoor.com/job-listing/companion-caregiver-hartford-healthcare-JV_IC8796609.htm","• Valid Connecticut Home Health Aide certification | • Reliable transportation and valid driver's license | • Compassionate and patient-focused attitude | • Previous home care experience preferred | • Ability to work independently"
"Respite Care Provider","Middlesex Hospital","Stamford, CT","home_health",34364,43323,"part-time",98,"2025-06-14","https://healthcarejobs.com/ct/middlesex-hospital/31640","• Valid Connecticut Home Health Aide certification | • Reliable transportation and valid driver's license | • Compassionate and patient-focused attitude | • Previous home care experience preferred | • Ability to work independently"
"Home Health Aide","Griffin Hospital","New Haven, CT","home_health",34372,39900,"per-diem",92,"2025-06-21","https://careers.griffinhospital.net/opportunities/8376","• Valid Connecticut Home Health Aide certification | • Reliable transportation and valid driver's license | • Compassionate and patient-focused attitude | • Previous home care experience preferred | • Ability to work independently"
"Hospice Aide","Middlesex Hospital","Yonkers, NY","home_health",39553,46742,"full-time",98,"2025-06-11","https://careers.middlesexhospital.org/job/509977","• Valid Connecticut Home Health Aide certification | • Reliable transportation and valid driver's license | • Compassionate and patient-focused attitude | • Previous home care experience preferred | • Ability to work independently"
"Elder Care Assistant","Yale New Haven Health System","White Plains, NY","home_health",36948,43180,"part-time",86,"2025-06-13","https://healthcarejobs.com/ct/yale-new-haven-health-system/47782","• Valid Connecticut Home Health Aide certification | • Reliable transportation and valid driver's license | • Compassionate and patient-focused attitude | • Previous home care experience preferred | • Ability to work independently"
"Home Health Aide","Day Kimball Hospital","Waterbury, CT","home_health",39436,45608,"per-diem",82,"2025-06-12","https://www.ziprecruiter.com/c/Day-Kimball-Hospital/Jobs/124019","• Valid Connecticut Home Health Aide certification | • Reliable transportation and valid driver's license | • Compassionate and patient-focused attitude | • Previous home care experience preferred | • Ability to work independently"
"Personal Care Assistant","Hospital of Central Connecticut","Norwalk, CT","home_health",35318,41513,"part-time",96,"2025-06-15","https://healthcarejobs.com/ct/hospital-of-central-connecticut/70737","• Valid Connecticut Home Health Aide certification | • Reliable transportation and valid driver's license | • Compassionate and patient-focused attitude | • Previous home care experience preferred | • Ability to work independently"
"Private Duty Nurse","Hartford Hospital","Providence, RI","home_health",32017,37356,"per-diem",82,"2025-06-19","https://careers.hartfordhospital.net/opportunities/5868","• Valid Connecticut Home Health Aide certification | • Reliable transportation and valid driver's license | • Compassionate and patient-focused attitude | • Previous home care experience preferred | • Ability to work independently"
"Companion Caregiver","Yale New Haven Health System","New Britain, CT","home_health",38468,44474,"full-time",93,"2025-06-11","https://www.indeed.com/viewjob?jk=2365673074874555","• Valid Connecticut Home Health Aide certification | • Reliable transportation and valid driver's license | • Compassionate and patient-focused attitude | • Previous home care experience preferred | • Ability to work independently"
"Companion Caregiver","Stamford Hospital","Springfield, MA","home_health",35235,40988,"per-diem",94,"2025-06-22","https://www.glassdoor.com/job-listing/companion-caregiver-stamford-hospital-JV_IC2775162.htm","• Valid Connecticut Home Health Aide certification | • Reliable transportation and valid driver's license | • Compassionate and patient-focused attitude | • Previous home care experience preferred | • Ability to work independently"
"Personal Care Assistant","Griffin Hospital","Springfield, MA","home_health",35691,41665,"contract",85,"2025-06-20","https://careers.griffinhospital.org/job/803021","• Valid Connecticut Home Health Aide certification | • Reliable transportation and valid driver's license | • Compassionate and patient-focused attitude | • Previous home care experience preferred | • Ability to work independently"
"Hospice Aide","Hartford HealthCare","Norwich, CT","home_health",38676,47291,"per-diem",88,"2025-06-14","https://careers.hartfordhealthcare.net/opportunities/1147","• Valid Connecticut Home Health Aide certification | • Reliable transportation and valid driver's license | • Compassionate and patient-focused attitude | • Previous home care experience preferred | • Ability to work independently"
"Live-in Caregiver","Yale New Haven Health System","Greenwich, CT","home_health",39979,45306,"contract",93,"2025-06-20","https://www.indeed.com/viewjob?jk=9107076733392712","• Valid Connecticut Home Health Aide certification | • Reliable transportation and valid driver's license | • Compassionate and patient-focused attitude | • Previous home care experience preferred | • Ability to work independently"
"Hospice Aide","Middlesex Hospital","Bristol, CT","home_health",35384,45410,"part-time",96,"2025-06-14","https://careers.middlesexhospital.net/opportunities/1179","• Valid Connecticut Home Health Aide certification | • Reliable transportation and valid driver's license | • Compassionate and patient-focused attitude | • Previous home care experience preferred | • Ability to work independently"
"Private Duty Nurse","Hartford HealthCare","Bristol, CT","home_health",36001,42595,"full-time",91,"2025-06-21","https://jobs.hartfordhealthcare.com/apply/63991","• Valid Connecticut Home Health Aide certification | • Reliable transportation and valid driver's license | • Compassionate and patient-focused attitude | • Previous home care experience preferred | • Ability to work independently"
"Home Care Nurse","St. Francis Hospital","Middletown, CT","home_health",36703,42341,"contract",82,"2025-06-15","https://healthcarejobs.com/ct/st.-francis-hospital/64519","• Valid Connecticut Home Health Aide certification | • Reliable transportation and valid driver's license | • Compassionate and patient-focused attitude | • Previous home care experience preferred | • Ability to work independently"
"Private Duty Nurse","Hartford Hospital","Norwalk, CT","home_health",39989,47610,"full-time",84,"2025-06-21","https://careers.hartfordhospital.net/opportunities/4506","• Valid Connecticut Home Health Aide certification | • Reliable transportation and valid driver's license | • Compassionate and patient-focused attitude | • Previous home care experience preferred | • Ability to work independently"
"Companion Caregiver","Connecticut Children's Medical Center","Greenwich, CT","home_health",39867,47448,"part-time",79,"2025-06-22","https://www.ziprecruiter.com/c/Connecticut-Children's-Medical-Center/Jobs/583450","• Valid Connecticut Home Health Aide certification | • Reliable transportation and valid driver's license | • Compassionate and patient-focused attitude | • Previous home care experience preferred | • Ability to work independently"
"Private Duty Nurse","Trinity Health","Fairfield, CT","home_health",39330,46121,"contract",84,"2025-06-12","https://www.ziprecruiter.com/c/Trinity-Health/Jobs/473271","• Valid Connecticut Home Health Aide certification | • Reliable transportation and valid driver's license | • Compassionate and patient-focused attitude | • Previous home care experience preferred | • Ability to work independently"
"Respite Care Provider","Norwalk Hospital","West Haven, CT","home_health",32701,41708,"full-time",91,"2025-06-12","https://healthcarejobs.com/ct/norwalk-hospital/45319","• Valid Connecticut Home Health Aide certification | • Reliable transportation and valid driver's license | • Compassionate and patient-focused attitude | • Previous home care experience preferred | • Ability to work independently"
"Home Care Nurse","Trinity Health","Yonkers, NY","home_health",39937,47163,"per-diem",88,"2025-06-23","https://www.glassdoor.com/job-listing/home-care-nurse-trinity-health-JV_IC5376419.htm","• Valid Connecticut Home Health Aide certification | • Reliable transportation and valid driver's license | • Compassionate and patient-focused attitude | • Previous home care experience preferred | • Ability to work independently"
"Home Care Nurse","Hartford Hospital","Milford, CT","home_health",37068,42395,"full-time",92,"2025-06-14","https://careers.hartfordhospital.org/job/213396","• Valid Connecticut Home Health Aide certification | • Reliable transportation and valid driver's license | • Compassionate and patient-focused attitude | • Previous home care experience preferred | • Ability to work independently"
"Home Care Nurse","Hartford Hospital","Springfield, MA","home_health",33988,43615,"contract",83,"2025-06-23","https://careers.hartfordhospital.org/job/425361","• Valid Connecticut Home Health Aide certification | • Reliable transportation and valid driver's license | • Compassionate and patient-focused attitude | • Previous home care experience preferred | • Ability to work independently"
"Respite Care Provider","Yale New Haven Hospital","Milford, CT","home_health",37707,47052,"full-time",94,"2025-06-19","https://careers.yalenewhavenhospital.net/opportunities/9778","• Valid Connecticut Home Health Aide certification | • Reliable transportation and valid driver's license | • Compassionate and patient-focused attitude | • Previous home care experience preferred | • Ability to work independently"
"Personal Care Assistant","Backus Hospital","Providence, RI","home_health",34181,45316,"full-time",80,"2025-06-10","https://www.ziprecruiter.com/c/Backus-Hospital/Jobs/391021","• Valid Connecticut Home Health Aide certification | • Reliable transportation and valid driver's license | • Compassionate and patient-focused attitude | • Previous home care experience preferred | • Ability to work independently"
"Respite Care Provider","Norwalk Hospital","Norwalk, CT","home_health",32738,42045,"full-time",82,"2025-06-21","https://www.ziprecruiter.com/c/Norwalk-Hospital/Jobs/834806","• Valid Connecticut Home Health Aide certification | • Reliable transportation and valid driver's license | • Compassionate and patient-focused attitude | • Previous home care experience preferred | • Ability to work independently"
"Elder Care Assistant","Charlotte Hungerford Hospital","New Haven, CT","home_health",37141,43579,"part-time",90,"2025-06-10","https://www.ziprecruiter.com/c/Charlotte-Hungerford-Hospital/Jobs/999053","• Valid Connecticut Home Health Aide certification | • Reliable transportation and valid driver's license | • Compassionate and patient-focused attitude | • Previous home care experience preferred | • Ability to work independently"
"Private Duty Nurse","Hartford HealthCare","Providence, RI","home_health",38960,46766,"full-time",78,"2025-06-22","https://www.indeed.com/viewjob?jk=9946926416994621","• Valid Connecticut Home Health Aide certification | • Reliable transportation and valid driver's license | • Compassionate and patient-focused attitude | • Previous home care experience preferred | • Ability to work independently"
"Private Duty Nurse","Hospital of Central Connecticut","White Plains, NY","home_health",38132,47487,"full-time",81,"2025-06-12","https://www.indeed.com/viewjob?jk=4921085749604195","• Valid Connecticut Home Health Aide certification | • Reliable transportation and valid driver's license | • Compassionate and patient-focused attitude | • Previous home care experience preferred | • Ability to work independently"
"Respite Care Provider","Day Kimball Hospital","New Britain, CT","home_health",39966,46498,"full-time",87,"2025-06-11","https://www.glassdoor.com/job-listing/respite-care-provider-day-kimball-hospital-JV_IC8021514.htm","• Valid Connecticut Home Health Aide certification | • Reliable transportation and valid driver's license | • Compassionate and patient-focused attitude | • Previous home care experience preferred | • Ability to work independently"
"Elder Care Assistant","Day Kimball Hospital","Milford, CT","home_health",32176,37867,"part-time",88,"2025-06-15","https://www.glassdoor.com/job-listing/elder-care-assistant-day-kimball-hospital-JV_IC9404572.htm","• Valid Connecticut Home Health Aide certification | • Reliable transportation and valid driver's license | • Compassionate and patient-focused attitude | • Previous home care experience preferred | • Ability to work independently"
"Respite Care Provider","Prospect Medical Holdings","White Plains, NY","home_health",34240,44743,"full-time",96,"2025-06-11","https://careers.prospectmedicalholdings.net/opportunities/9259","• Valid Connecticut Home Health Aide certification | • Reliable transportation and valid driver's license | • Compassionate and patient-focused attitude | • Previous home care experience preferred | • Ability to work independently"
"Private Duty Nurse","St. Francis Hospital","Middletown, CT","home_health",33159,40677,"contract",83,"2025-06-20","https://jobs.st.francishospital.com/apply/10658","• Valid Connecticut Home Health Aide certification | • Reliable transportation and valid driver's license | • Compassionate and patient-focused attitude | • Previous home care experience preferred | • Ability to work independently"
"Home Health Aide","Backus Hospital","Bristol, CT","home_health",38628,45463,"per-diem",97,"2025-06-10","https://www.glassdoor.com/job-listing/home-health-aide-backus-hospital-JV_IC8221676.htm","• Valid Connecticut Home Health Aide certification | • Reliable transportation and valid driver's license | • Compassionate and patient-focused attitude | • Previous home care experience preferred | • Ability to work independently"
"Companion Caregiver","Hartford HealthCare","West Haven, CT","home_health",32673,42526,"part-time",94,"2025-06-16","https://www.indeed.com/viewjob?jk=5539311333824384","• Valid Connecticut Home Health Aide certification | • Reliable transportation and valid driver's license | • Compassionate and patient-focused attitude | • Previous home care experience preferred | • Ability to work independently"
"Home Care Nurse","Trinity Health","Danbury, CT","home_health",34190,42647,"per-diem",92,"2025-06-18","https://www.glassdoor.com/job-listing/home-care-nurse-trinity-health-JV_IC3721784.htm","• Valid Connecticut Home Health Aide certification | • Reliable transportation and valid driver's license | • Compassionate and patient-focused attitude | • Previous home care experience preferred | • Ability to work independently"
"Home Care Nurse","Trinity Health","Norwalk, CT","home_health",37041,44260,"contract",84,"2025-06-23","https://www.ziprecruiter.com/c/Trinity-Health/Jobs/172761","• Valid Connecticut Home Health Aide certification | • Reliable transportation and valid driver's license | • Compassionate and patient-focused attitude | • Previous home care experience preferred | • Ability to work independently"
"Live-in Caregiver","Middlesex Hospital","Hartford, CT","home_health",36357,42062,"full-time",92,"2025-06-17","https://www.indeed.com/viewjob?jk=4213274660524040","• Valid Connecticut Home Health Aide certification | • Reliable transportation and valid driver's license | • Compassionate and patient-focused attitude | • Previous home care experience preferred | • Ability to work independently"
"Companion Caregiver","Stamford Hospital","New Britain, CT","home_health",35950,45600,"contract",89,"2025-06-09","https://careers.stamfordhospital.org/job/985659","• Valid Connecticut Home Health Aide certification | • Reliable transportation and valid driver's license | • Compassionate and patient-focused attitude | • Previous home care experience preferred | • Ability to work independently"
"Home Care Nurse","Charlotte Hungerford Hospital","Yonkers, NY","home_health",32972,41940,"contract",96,"2025-06-11","https://jobs.charlottehungerfordhospital.com/apply/66628","• Valid Connecticut Home Health Aide certification | • Reliable transportation and valid driver's license | • Compassionate and patient-focused attitude | • Previous home care experience preferred | • Ability to work independently"
"Private Duty Nurse","Hartford Hospital","Stamford, CT","home_health",37061,42728,"per-diem",81,"2025-06-21","https://www.glassdoor.com/job-listing/private-duty-nurse-hartford-hospital-JV_IC5282150.htm","• Valid Connecticut Home Health Aide certification | • Reliable transportation and valid driver's license | • Compassionate and patient-focused attitude | • Previous home care experience preferred | • Ability to work independently"
"Private Duty Nurse","Yale New Haven Hospital","Meriden, CT","home_health",38383,46985,"contract",82,"2025-06-14","https://www.indeed.com/viewjob?jk=4222534278739994","• Valid Connecticut Home Health Aide certification | • Reliable transportation and valid driver's license | • Compassionate and patient-focused attitude | • Previous home care experience preferred | • Ability to work independently"
"Respite Care Provider","Hospital of Central Connecticut","Fairfield, CT","home_health",34281,40858,"full-time",82,"2025-06-21","https://www.indeed.com/viewjob?jk=7298992927879426","• Valid Connecticut Home Health Aide certification | • Reliable transportation and valid driver's license | • Compassionate and patient-focused attitude | • Previous home care experience preferred | • Ability to work independently"
"Hospice Aide","Bridgeport Hospital","Norwalk, CT","home_health",33866,42689,"contract",78,"2025-06-16","https://careers.bridgeporthospital.org/job/752755","• Valid Connecticut Home Health Aide certification | • Reliable transportation and valid driver's license | • Compassionate and patient-focused attitude | • Previous home care experience preferred | • Ability to work independently"
"Home Health Aide","Griffin Hospital","White Plains, NY","home_health",35964,42495,"full-time",92,"2025-06-19","https://www.glassdoor.com/job-listing/home-health-aide-griffin-hospital-JV_IC1981438.htm","• Valid Connecticut Home Health Aide certification | • Reliable transportation and valid driver's license | • Compassionate and patient-focused attitude | • Previous home care experience preferred | • Ability to work independently"
"Companion Caregiver","Charlotte Hungerford Hospital","Springfield, MA","home_health",33246,47306,"per-diem",85,"2025-06-22","https://www.glassdoor.com/job-listing/companion-caregiver-charlotte-hungerford-hospital-JV_IC4206196.htm","• Valid Connecticut Home Health Aide certification | • Reliable transportation and valid driver's license | • Compassionate and patient-focused attitude | • Previous home care experience preferred | • Ability to work independently"
"Private Duty Nurse","Hartford HealthCare","Springfield, MA","home_health",39382,47133,"per-diem",89,"2025-06-16","https://healthcarejobs.com/ct/hartford-healthcare/82610","• Valid Connecticut Home Health Aide certification | • Reliable transportation and valid driver's license | • Compassionate and patient-focused attitude | • Previous home care experience preferred | • Ability to work independently"
"Home Health Aide","Connecticut Children's Medical Center","Stamford, CT","home_health",37505,43993,"per-diem",98,"2025-06-16","https://www.glassdoor.com/job-listing/home-health-aide-connecticut-children's-medical-center-JV_IC5445137.htm","• Valid Connecticut Home Health Aide certification | • Reliable transportation and valid driver's license | • Compassionate and patient-focused attitude | • Previous home care experience preferred | • Ability to work independently"
"Home Care Nurse","Stamford Hospital","Norwalk, CT","home_health",39399,46288,"part-time",85,"2025-06-20","https://jobs.stamfordhospital.com/apply/10010","• Valid Connecticut Home Health Aide certification | • Reliable transportation and valid driver's license | • Compassionate and patient-focused attitude | • Previous home care experience preferred | • Ability to work independently"
"Hospice Aide","Hartford Hospital","Fairfield, CT","home_health",37879,45388,"per-diem",84,"2025-06-19","https://jobs.hartfordhospital.com/apply/29948","• Valid Connecticut Home Health Aide certification | • Reliable transportation and valid driver's license | • Compassionate and patient-focused attitude | • Previous home care experience preferred | • Ability to work independently"
"Home Care Nurse","Hartford Hospital","New Haven, CT","home_health",39329,45379,"full-time",93,"2025-06-12","https://www.ziprecruiter.com/c/Hartford-Hospital/Jobs/265327","• Valid Connecticut Home Health Aide certification | • Reliable transportation and valid driver's license | • Compassionate and patient-focused attitude | • Previous home care experience preferred | • Ability to work independently"
"Hospice Aide","Yale New Haven Hospital","Waterbury, CT","home_health",39717,47925,"contract",84,"2025-06-10","https://www.indeed.com/viewjob?jk=5473294053166114","• Valid Connecticut Home Health Aide certification | • Reliable transportation and valid driver's license | • Compassionate and patient-focused attitude | • Previous home care experience preferred | • Ability to work independently"
"Hospice Aide","Middlesex Hospital","White Plains, NY","home_health",34979,44126,"part-time",95,"2025-06-15","https://careers.middlesexhospital.net/opportunities/1611","• Valid Connecticut Home Health Aide certification | • Reliable transportation and valid driver's license | • Compassionate and patient-focused attitude | • Previous home care experience preferred | • Ability to work independently"
"Respite Care Provider","Hartford Hospital","Providence, RI","home_health",38753,44855,"per-diem",82,"2025-06-12","https://www.indeed.com/viewjob?jk=8465966673989580","• Valid Connecticut Home Health Aide certification | • Reliable transportation and valid driver's license | • Compassionate and patient-focused attitude | • Previous home care experience preferred | • Ability to work independently"
"Live-in Caregiver","Hartford HealthCare","Meriden, CT","home_health",37419,47543,"contract",81,"2025-06-11","https://jobs.hartfordhealthcare.com/apply/87129","• Valid Connecticut Home Health Aide certification | • Reliable transportation and valid driver's license | • Compassionate and patient-focused attitude | • Previous home care experience preferred | • Ability to work independently"
"Private Duty Nurse","Day Kimball Hospital","Fairfield, CT","home_health",32715,46642,"part-time",79,"2025-06-20","https://www.glassdoor.com/job-listing/private-duty-nurse-day-kimball-hospital-JV_IC6755229.htm","• Valid Connecticut Home Health Aide certification | • Reliable transportation and valid driver's license | • Compassionate and patient-focused attitude | • Previous home care experience preferred | • Ability to work independently"
"Personal Care Assistant","Hartford Hospital","Danbury, CT","home_health",33087,41382,"contract",85,"2025-06-20","https://www.glassdoor.com/job-listing/personal-care-assistant-hartford-hospital-JV_IC2926234.htm","• Valid Connecticut Home Health Aide certification | • Reliable transportation and valid driver's license | • Compassionate and patient-focused attitude | • Previous home care experience preferred | • Ability to work independently"
"Home Health Aide","Middlesex Hospital","White Plains, NY","home_health",33445,39489,"full-time",90,"2025-06-21","https://www.indeed.com/viewjob?jk=2035858214613233","• Valid Connecticut Home Health Aide certification | • Reliable transportation and valid driver's license | • Compassionate and patient-focused attitude | • Previous home care experience preferred | • Ability to work independently"
"Live-in Caregiver","Stamford Hospital","Norwich, CT","home_health",36425,42283,"full-time",79,"2025-06-09","https://careers.stamfordhospital.net/opportunities/4411","• Valid Connecticut Home Health Aide certification | • Reliable transportation and valid driver's license | • Compassionate and patient-focused attitude | • Previous home care experience preferred | • Ability to work independently"
"Personal Care Assistant","Backus Hospital","Hartford, CT","home_health",39732,46117,"part-time",84,"2025-06-21","https://www.indeed.com/viewjob?jk=5469236446774778","• Valid Connecticut Home Health Aide certification | • Reliable transportation and valid driver's license | • Compassionate and patient-focused attitude | • Previous home care experience preferred | • Ability to work independently"
"Companion Caregiver","Hospital of Central Connecticut","Providence, RI","home_health",35106,43703,"per-diem",78,"2025-06-15","https://www.ziprecruiter.com/c/Hospital-of-Central-Connecticut/Jobs/283261","• Valid Connecticut Home Health Aide certification | • Reliable transportation and valid driver's license | • Compassionate and patient-focused attitude | • Previous home care experience preferred | • Ability to work independently"
"Hospice Aide","Hartford HealthCare","Springfield, MA","home_health",37752,46785,"part-time",84,"2025-06-22","https://careers.hartfordhealthcare.net/opportunities/3892","• Valid Connecticut Home Health Aide certification | • Reliable transportation and valid driver's license | • Compassionate and patient-focused attitude | • Previous home care experience preferred | • Ability to work independently"
"Home Health Aide","Hartford HealthCare","Norwich, CT","home_health",39350,44962,"full-time",93,"2025-06-12","https://www.glassdoor.com/job-listing/home-health-aide-hartford-healthcare-JV_IC8022558.htm","• Valid Connecticut Home Health Aide certification | • Reliable transportation and valid driver's license | • Compassionate and patient-focused attitude | • Previous home care experience preferred | • Ability to work independently"
"Live-in Caregiver","Norwalk Hospital","Norwalk, CT","home_health",34250,46166,"per-diem",94,"2025-06-23","https://www.glassdoor.com/job-listing/live-in-caregiver-norwalk-hospital-JV_IC7656717.htm","• Valid Connecticut Home Health Aide certification | • Reliable transportation and valid driver's license | • Compassionate and patient-focused attitude | • Previous home care experience preferred | • Ability to work independently"
"Respite Care Provider","St. Francis Hospital","Bristol, CT","home_health",39275,44374,"part-time",88,"2025-06-13","https://careers.st.francishospital.org/job/874050","• Valid Connecticut Home Health Aide certification | • Reliable transportation and valid driver's license | • Compassionate and patient-focused attitude | • Previous home care experience preferred | • Ability to work independently"
"Companion Caregiver","Griffin Hospital","West Haven, CT","home_health",38448,45548,"contract",89,"2025-06-17","https://www.ziprecruiter.com/c/Griffin-Hospital/Jobs/841288","• Valid Connecticut Home Health Aide certification | • Reliable transportation and valid driver's license | • Compassionate and patient-focused attitude | • Previous home care experience preferred | • Ability to work independently"
"Hospice Aide","Hartford HealthCare","Springfield, MA","home_health",32151,45748,"full-time",98,"2025-06-22","https://www.ziprecruiter.com/c/Hartford-HealthCare/Jobs/451443","• Valid Connecticut Home Health Aide certification | • Reliable transportation and valid driver's license | • Compassionate and patient-focused attitude | • Previous home care experience preferred | • Ability to work independently"
"Private Duty Nurse","Stamford Hospital","Yonkers, NY","home_health",39833,46105,"per-diem",96,"2025-06-22","https://careers.stamfordhospital.org/job/546012","• Valid Connecticut Home Health Aide certification | • Reliable transportation and valid driver's license | • Compassionate and patient-focused attitude | • Previous home care experience preferred | • Ability to work independently"
"Home Care Nurse","Hartford Hospital","Greenwich, CT","home_health",34595,40073,"per-diem",86,"2025-06-14","https://www.indeed.com/viewjob?jk=2046192158902178","• Valid Connecticut Home Health Aide certification | • Reliable transportation and valid driver's license | • Compassionate and patient-focused attitude | • Previous home care experience preferred | • Ability to work independently"
"Hospice Aide","Stamford Hospital","Danbury, CT","home_health",32998,39479,"per-diem",97,"2025-06-18","https://jobs.stamfordhospital.com/apply/95373","• Valid Connecticut Home Health Aide certification | • Reliable transportation and valid driver's license | • Compassionate and patient-focused attitude | • Previous home care experience preferred | • Ability to work independently"
"Personal Care Assistant","Connecticut Children's Medical Center","Danbury, CT","home_health",32953,42901,"part-time",84,"2025-06-10","https://jobs.connecticutchildrensmedicalcenter.com/apply/68862","• Valid Connecticut Home Health Aide certification | • Reliable transportation and valid driver's license | • Compassionate and patient-focused attitude | • Previous home care experience preferred | • Ability to work independently"
"Home Care Nurse","Norwalk Hospital","Greenwich, CT","home_health",32535,42801,"part-time",82,"2025-06-21","https://jobs.norwalkhospital.com/apply/88929","• Valid Connecticut Home Health Aide certification | • Reliable transportation and valid driver's license | • Compassionate and patient-focused attitude | • Previous home care experience preferred | • Ability to work independently"
"Personal Care Assistant","Hospital of Central Connecticut","New Britain, CT","home_health",39448,47714,"part-time",91,"2025-06-15","https://www.ziprecruiter.com/c/Hospital-of-Central-Connecticut/Jobs/476775","• Valid Connecticut Home Health Aide certification | • Reliable transportation and valid driver's license | • Compassionate and patient-focused attitude | • Previous home care experience preferred | • Ability to work independently"
"Hospice Aide","Griffin Hospital","Meriden, CT","home_health",37521,47509,"part-time",79,"2025-06-15","https://careers.griffinhospital.net/opportunities/7979","• Valid Connecticut Home Health Aide certification | • Reliable transportation and valid driver's license | • Compassionate and patient-focused attitude | • Previous home care experience preferred | • Ability to work independently"
"Companion Caregiver","Middlesex Hospital","Fairfield, CT","home_health",39512,45399,"contract",93,"2025-06-23","https://careers.middlesexhospital.org/job/480914","• Valid Connecticut Home Health Aide certification | • Reliable transportation and valid driver's license | • Compassionate and patient-focused attitude | • Previous home care experience preferred | • Ability to work independently"
"Home Health Aide","Day Kimball Hospital","Meriden, CT","home_health",33924,39957,"part-time",83,"2025-06-23","https://www.indeed.com/viewjob?jk=9226627537814100","• Valid Connecticut Home Health Aide certification | • Reliable transportation and valid driver's license | • Compassionate and patient-focused attitude | • Previous home care experience preferred | • Ability to work independently"
"Respite Care Provider","Backus Hospital","New Haven, CT","home_health",36454,44307,"per-diem",89,"2025-06-21","https://jobs.backushospital.com/apply/81646","• Valid Connecticut Home Health Aide certification | • Reliable transportation and valid driver's license | • Compassionate and patient-focused attitude | • Previous home care experience preferred | • Ability to work independently"
"Live-in Caregiver","Yale New Haven Health System","Norwich, CT","home_health",36272,42529,"full-time",80,"2025-06-16","https://careers.yalenewhavenhealthsystem.net/opportunities/4527","• Valid Connecticut Home Health Aide certification | • Reliable transportation and valid driver's license | • Compassionate and patient-focused attitude | • Previous home care experience preferred | • Ability to work independently"
"Elder Care Assistant","St. Francis Hospital","Waterbury, CT","home_health",35477,42434,"part-time",87,"2025-06-12","https://www.indeed.com/viewjob?jk=8839940473157088","• Valid Connecticut Home Health Aide certification | • Reliable transportation and valid driver's license | • Compassionate and patient-focused attitude | • Previous home care experience preferred | • Ability to work independently"
"Home Health Aide","Charlotte Hungerford Hospital","Bridgeport, CT","home_health",37695,47680,"per-diem",78,"2025-06-10","https://jobs.charlottehungerfordhospital.com/apply/43132","• Valid Connecticut Home Health Aide certification | • Reliable transportation and valid driver's license | • Compassionate and patient-focused attitude | • Previous home care experience preferred | • Ability to work independently"
"Personal Care Assistant","Middlesex Hospital","Norwich, CT","home_health",35775,40995,"contract",89,"2025-06-09","https://careers.middlesexhospital.org/job/423682","• Valid Connecticut Home Health Aide certification | • Reliable transportation and valid driver's license | • Compassionate and patient-focused attitude | • Previous home care experience preferred | • Ability to work independently"
"Home Health Aide","Bridgeport Hospital","Fairfield, CT","home_health",34212,40636,"contract",81,"2025-06-20","https://www.ziprecruiter.com/c/Bridgeport-Hospital/Jobs/763234","• Valid Connecticut Home Health Aide certification | • Reliable transportation and valid driver's license | • Compassionate and patient-focused attitude | • Previous home care experience preferred | • Ability to work independently"
"Personal Care Assistant","Yale New Haven Hospital","New Haven, CT","home_health",32941,45880,"part-time",88,"2025-06-15","https://careers.yalenewhavenhospital.org/job/163298","• Valid Connecticut Home Health Aide certification | • Reliable transportation and valid driver's license | • Compassionate and patient-focused attitude | • Previous home care experience preferred | • Ability to work independently"
"Home Health Aide","Norwalk Hospital","Meriden, CT","home_health",34301,40271,"contract",87,"2025-06-15","https://www.glassdoor.com/job-listing/home-health-aide-norwalk-hospital-JV_IC3089314.htm","• Valid Connecticut Home Health Aide certification | • Reliable transportation and valid driver's license | • Compassionate and patient-focused attitude | • Previous home care experience preferred | • Ability to work independently"
"Hospice Aide","Charlotte Hungerford Hospital","Danbury, CT","home_health",33831,46472,"contract",87,"2025-06-13","https://www.indeed.com/viewjob?jk=9052801879695609","• Valid Connecticut Home Health Aide certification | • Reliable transportation and valid driver's license | • Compassionate and patient-focused attitude | • Previous home care experience preferred | • Ability to work independently"
"Home Care Nurse","Trinity Health","Fairfield, CT","home_health",37032,46905,"contract",84,"2025-06-15","https://www.glassdoor.com/job-listing/home-care-nurse-trinity-health-JV_IC3570614.htm","• Valid Connecticut Home Health Aide certification | • Reliable transportation and valid driver's license | • Compassionate and patient-focused attitude | • Previous home care experience preferred | • Ability to work independently"
"Home Care Nurse","Prospect Medical Holdings","Stamford, CT","home_health",32263,45884,"full-time",83,"2025-06-12","https://www.indeed.com/viewjob?jk=8613861264851785","• Valid Connecticut Home Health Aide certification | • Reliable transportation and valid driver's license | • Compassionate and patient-focused attitude | • Previous home care experience preferred | • Ability to work independently"
"Live-in Caregiver","Hartford HealthCare","Providence, RI","home_health",32752,45164,"contract",81,"2025-06-15","https://www.ziprecruiter.com/c/Hartford-HealthCare/Jobs/229853","• Valid Connecticut Home Health Aide certification | • Reliable transportation and valid driver's license | • Compassionate and patient-focused attitude | • Previous home care experience preferred | • Ability to work independently"
"Personal Care Assistant","Yale New Haven Hospital","Bristol, CT","home_health",38558,47613,"per-diem",84,"2025-06-21","https://healthcarejobs.com/ct/yale-new-haven-hospital/48109","• Valid Connecticut Home Health Aide certification | • Reliable transportation and valid driver's license | • Compassionate and patient-focused attitude | • Previous home care experience preferred | • Ability to work independently"
"Companion Caregiver","Hartford HealthCare","Milford, CT","home_health",33962,39457,"part-time",95,"2025-06-17","https://careers.hartfordhealthcare.net/opportunities/7847","• Valid Connecticut Home Health Aide certification | • Reliable transportation and valid driver's license | • Compassionate and patient-focused attitude | • Previous home care experience preferred | • Ability to work independently"
"Companion Caregiver","Bridgeport Hospital","White Plains, NY","home_health",36701,43960,"per-diem",84,"2025-06-11","https://careers.bridgeporthospital.org/job/421391","• Valid Connecticut Home Health Aide certification | • Reliable transportation and valid driver's license | • Compassionate and patient-focused attitude | • Previous home care experience preferred | • Ability to work independently"
"Companion Caregiver","Backus Hospital","Middletown, CT","home_health",33116,42084,"per-diem",83,"2025-06-17","https://careers.backushospital.net/opportunities/3447","• Valid Connecticut Home Health Aide certification | • Reliable transportation and valid driver's license | • Compassionate and patient-focused attitude | • Previous home care experience preferred | • Ability to work independently"
"Elder Care Assistant","Day Kimball Hospital","Providence, RI","home_health",33339,41880,"contract",87,"2025-06-21","https://www.indeed.com/viewjob?jk=5320364804546183","• Valid Connecticut Home Health Aide certification | • Reliable transportation and valid driver's license | • Compassionate and patient-focused attitude | • Previous home care experience preferred | • Ability to work independently"
"Elder Care Assistant","Day Kimball Hospital","Greenwich, CT","home_health",37077,45666,"part-time",83,"2025-06-23","https://healthcarejobs.com/ct/day-kimball-hospital/19430","• Valid Connecticut Home Health Aide certification | • Reliable transportation and valid driver's license | • Compassionate and patient-focused attitude | • Previous home care experience preferred | • Ability to work independently"
"Personal Care Assistant","Norwalk Hospital","Danbury, CT","home_health",39852,47467,"contract",95,"2025-06-13","https://careers.norwalkhospital.org/job/861623","• Valid Connecticut Home Health Aide certification | • Reliable transportation and valid driver's license | • Compassionate and patient-focused attitude | • Previous home care experience preferred | • Ability to work independently"
"Private Duty Nurse","Connecticut Children's Medical Center","Springfield, MA","home_health",34764,44230,"part-time",87,"2025-06-17","https://careers.connecticutchildrensmedicalcenter.org/job/437845","• Valid Connecticut Home Health Aide certification | • Reliable transportation and valid driver's license | • Compassionate and patient-focused attitude | • Previous home care experience preferred | • Ability to work independently"
"Home Care Nurse","Stamford Hospital","White Plains, NY","home_health",32707,45464,"part-time",96,"2025-06-18","https://jobs.stamfordhospital.com/apply/58800","• Valid Connecticut Home Health Aide certification | • Reliable transportation and valid driver's license | • Compassionate and patient-focused attitude | • Previous home care experience preferred | • Ability to work independently"
"Private Duty Nurse","Backus Hospital","Stamford, CT","home_health",32058,44385,"full-time",89,"2025-06-16","https://www.ziprecruiter.com/c/Backus-Hospital/Jobs/246795","• Valid Connecticut Home Health Aide certification | • Reliable transportation and valid driver's license | • Compassionate and patient-focused attitude | • Previous home care experience preferred | • Ability to work independently"
"Home Health Aide","Prospect Medical Holdings","Hartford, CT","home_health",39009,46427,"contract",94,"2025-06-09","https://jobs.prospectmedicalholdings.com/apply/77145","• Valid Connecticut Home Health Aide certification | • Reliable transportation and valid driver's license | • Compassionate and patient-focused attitude | • Previous home care experience preferred | • Ability to work independently"
"Companion Caregiver","Charlotte Hungerford Hospital","Springfield, MA","home_health",32988,40906,"full-time",79,"2025-06-16","https://jobs.charlottehungerfordhospital.com/apply/20907","• Valid Connecticut Home Health Aide certification | • Reliable transportation and valid driver's license | • Compassionate and patient-focused attitude | • Previous home care experience preferred | • Ability to work independently"
"Companion Caregiver","Hospital of Central Connecticut","New Haven, CT","home_health",33439,47529,"part-time",87,"2025-06-19","https://www.ziprecruiter.com/c/Hospital-of-Central-Connecticut/Jobs/378307","• Valid Connecticut Home Health Aide certification | • Reliable transportation and valid driver's license | • Compassionate and patient-focused attitude | • Previous home care experience preferred | • Ability to work independently"
"Live-in Caregiver","Hartford HealthCare","White Plains, NY","home_health",39431,46753,"full-time",78,"2025-06-09","https://careers.hartfordhealthcare.org/job/491484","• Valid Connecticut Home Health Aide certification | • Reliable transportation and valid driver's license | • Compassionate and patient-focused attitude | • Previous home care experience preferred | • Ability to work independently"
"Personal Care Assistant","Norwalk Hospital","West Haven, CT","home_health",38944,46035,"per-diem",93,"2025-06-21","https://careers.norwalkhospital.net/opportunities/7110","• Valid Connecticut Home Health Aide certification | • Reliable transportation and valid driver's license | • Compassionate and patient-focused attitude | • Previous home care experience preferred | • Ability to work independently"
"Companion Caregiver","Backus Hospital","Yonkers, NY","home_health",36677,46199,"part-time",94,"2025-06-23","https://careers.backushospital.net/opportunities/7016","• Valid Connecticut Home Health Aide certification | • Reliable transportation and valid driver's license | • Compassionate and patient-focused attitude | • Previous home care experience preferred | • Ability to work independently"
"Elder Care Assistant","St. Francis Hospital","Fairfield, CT","home_health",38111,43910,"part-time",79,"2025-06-14","https://careers.st.francishospital.net/opportunities/5465","• Valid Connecticut Home Health Aide certification | • Reliable transportation and valid driver's license | • Compassionate and patient-focused attitude | • Previous home care experience preferred | • Ability to work independently"
"Respite Care Provider","Griffin Hospital","Greenwich, CT","home_health",32372,47998,"per-diem",96,"2025-06-13","https://www.glassdoor.com/job-listing/respite-care-provider-griffin-hospital-JV_IC9751870.htm","• Valid Connecticut Home Health Aide certification | • Reliable transportation and valid driver's license | • Compassionate and patient-focused attitude | • Previous home care experience preferred | • Ability to work independently"
"Personal Care Assistant","Trinity Health","Meriden, CT","home_health",39804,46881,"contract",79,"2025-06-17","https://healthcarejobs.com/ct/trinity-health/27972","• Valid Connecticut Home Health Aide certification | • Reliable transportation and valid driver's license | • Compassionate and patient-focused attitude | • Previous home care experience preferred | • Ability to work independently"
"Hospice Aide","Danbury Hospital","Springfield, MA","home_health",37124,44733,"full-time",86,"2025-06-16","https://healthcarejobs.com/ct/danbury-hospital/13824","• Valid Connecticut Home Health Aide certification | • Reliable transportation and valid driver's license | • Compassionate and patient-focused attitude | • Previous home care experience preferred | • Ability to work independently"
"Elder Care Assistant","Day Kimball Hospital","Fairfield, CT","home_health",36075,41813,"part-time",93,"2025-06-16","https://careers.daykimballhospital.org/job/255129","• Valid Connecticut Home Health Aide certification | • Reliable transportation and valid driver's license | • Compassionate and patient-focused attitude | • Previous home care experience preferred | • Ability to work independently"
"Home Health Aide","Yale New Haven Hospital","Bridgeport, CT","home_health",37830,46080,"per-diem",93,"2025-06-10","https://careers.yalenewhavenhospital.net/opportunities/7818","• Valid Connecticut Home Health Aide certification | • Reliable transportation and valid driver's license | • Compassionate and patient-focused attitude | • Previous home care experience preferred | • Ability to work independently"
"Live-in Caregiver","Hartford HealthCare","Stamford, CT","home_health",34347,42441,"part-time",93,"2025-06-19","https://careers.hartfordhealthcare.org/job/968099","• Valid Connecticut Home Health Aide certification | • Reliable transportation and valid driver's license | • Compassionate and patient-focused attitude | • Previous home care experience preferred | • Ability to work independently"
"Personal Care Assistant","Charlotte Hungerford Hospital","Yonkers, NY","home_health",34825,47752,"per-diem",94,"2025-06-11","https://careers.charlottehungerfordhospital.org/job/338635","• Valid Connecticut Home Health Aide certification | • Reliable transportation and valid driver's license | • Compassionate and patient-focused attitude | • Previous home care experience preferred | • Ability to work independently"
"Live-in Caregiver","Prospect Medical Holdings","New Haven, CT","home_health",32847,44648,"part-time",80,"2025-06-16","https://jobs.prospectmedicalholdings.com/apply/22466","• Valid Connecticut Home Health Aide certification | • Reliable transportation and valid driver's license | • Compassionate and patient-focused attitude | • Previous home care experience preferred | • Ability to work independently"
"Elder Care Assistant","Hartford Hospital","Greenwich, CT","home_health",35918,43322,"per-diem",80,"2025-06-14","https://www.indeed.com/viewjob?jk=9006628886807806","• Valid Connecticut Home Health Aide certification | • Reliable transportation and valid driver's license | • Compassionate and patient-focused attitude | • Previous home care experience preferred | • Ability to work independently"
"Companion Caregiver","Griffin Hospital","New Haven, CT","home_health",36717,44894,"full-time",96,"2025-06-13","https://jobs.griffinhospital.com/apply/88136","• Valid Connecticut Home Health Aide certification | • Reliable transportation and valid driver's license | • Compassionate and patient-focused attitude | • Previous home care experience preferred | • Ability to work independently"
"Companion Caregiver","Backus Hospital","Providence, RI","home_health",36380,45174,"per-diem",92,"2025-06-13","https://jobs.backushospital.com/apply/88343","• Valid Connecticut Home Health Aide certification | • Reliable transportation and valid driver's license | • Compassionate and patient-focused attitude | • Previous home care experience preferred | • Ability to work independently"
"Hospice Aide","Hartford Hospital","West Haven, CT","home_health",32316,43611,"per-diem",80,"2025-06-19","https://www.ziprecruiter.com/c/Hartford-Hospital/Jobs/122894","• Valid Connecticut Home Health Aide certification | • Reliable transportation and valid driver's license | • Compassionate and patient-focused attitude | • Previous home care experience preferred | • Ability to work independently"
"Elder Care Assistant","Hartford HealthCare","Stamford, CT","home_health",35817,45545,"per-diem",79,"2025-06-18","https://jobs.hartfordhealthcare.com/apply/26000","• Valid Connecticut Home Health Aide certification | • Reliable transportation and valid driver's license | • Compassionate and patient-focused attitude | • Previous home care experience preferred | • Ability to work independently"
"Live-in Caregiver","Griffin Hospital","Bristol, CT","home_health",38873,45248,"part-time",96,"2025-06-17","https://www.ziprecruiter.com/c/Griffin-Hospital/Jobs/647096","• Valid Connecticut Home Health Aide certification | • Reliable transportation and valid driver's license | • Compassionate and patient-focused attitude | • Previous home care experience preferred | • Ability to work independently"
"Hospice Aide","Backus Hospital","Middletown, CT","home_health",38646,46429,"full-time",87,"2025-06-10","https://www.ziprecruiter.com/c/Backus-Hospital/Jobs/775015","• Valid Connecticut Home Health Aide certification | • Reliable transportation and valid driver's license | • Compassionate and patient-focused attitude | • Previous home care experience preferred | • Ability to work independently"
"Home Care Nurse","Hospital of Central Connecticut","Norwalk, CT","home_health",34085,46598,"per-diem",93,"2025-06-11","https://www.glassdoor.com/job-listing/home-care-nurse-hospital-of-central-connecticut-JV_IC9004155.htm","• Valid Connecticut Home Health Aide certification | • Reliable transportation and valid driver's license | • Compassionate and patient-focused attitude | • Previous home care experience preferred | • Ability to work independently"
"Hospice Aide","Prospect Medical Holdings","New Haven, CT","home_health",35428,42013,"part-time",90,"2025-06-14","https://www.ziprecruiter.com/c/Prospect-Medical-Holdings/Jobs/890817","• Valid Connecticut Home Health Aide certification | • Reliable transportation and valid driver's license | • Compassionate and patient-focused attitude | • Previous home care experience preferred | • Ability to work independently"
"Respite Care Provider","Trinity Health","New Haven, CT","home_health",35912,44357,"full-time",88,"2025-06-12","https://jobs.trinityhealth.com/apply/66515","• Valid Connecticut Home Health Aide certification | • Reliable transportation and valid driver's license | • Compassionate and patient-focused attitude | • Previous home care experience preferred | • Ability to work independently"
"Home Health Aide","Hartford Hospital","New Haven, CT","home_health",33368,46609,"part-time",95,"2025-06-21","https://jobs.hartfordhospital.com/apply/42099","• Valid Connecticut Home Health Aide certification | • Reliable transportation and valid driver's license | • Compassionate and patient-focused attitude | • Previous home care experience preferred | • Ability to work independently"
"Respite Care Provider","Day Kimball Hospital","Middletown, CT","home_health",32614,44072,"contract",81,"2025-06-13","https://careers.daykimballhospital.net/opportunities/7914","• Valid Connecticut Home Health Aide certification | • Reliable transportation and valid driver's license | • Compassionate and patient-focused attitude | • Previous home care experience preferred | • Ability to work independently"
"Respite Care Provider","Yale New Haven Hospital","Norwich, CT","home_health",35168,47219,"contract",95,"2025-06-14","https://careers.yalenewhavenhospital.org/job/537721","• Valid Connecticut Home Health Aide certification | • Reliable transportation and valid driver's license | • Compassionate and patient-focused attitude | • Previous home care experience preferred | • Ability to work independently"
"Elder Care Assistant","Yale New Haven Hospital","Norwalk, CT","home_health",38981,46051,"contract",95,"2025-06-09","https://healthcarejobs.com/ct/yale-new-haven-hospital/31979","• Valid Connecticut Home Health Aide certification | • Reliable transportation and valid driver's license | • Compassionate and patient-focused attitude | • Previous home care experience preferred | • Ability to work independently"
"Home Care Nurse","Charlotte Hungerford Hospital","Norwich, CT","home_health",39549,47419,"full-time",92,"2025-06-09","https://www.indeed.com/viewjob?jk=9691805822986934","• Valid Connecticut Home Health Aide certification | • Reliable transportation and valid driver's license | • Compassionate and patient-focused attitude | • Previous home care experience preferred | • Ability to work independently"
"Companion Caregiver","Bridgeport Hospital","Meriden, CT","home_health",35048,46671,"contract",89,"2025-06-16","https://www.ziprecruiter.com/c/Bridgeport-Hospital/Jobs/795652","• Valid Connecticut Home Health Aide certification | • Reliable transportation and valid driver's license | • Compassionate and patient-focused attitude | • Previous home care experience preferred | • Ability to work independently"
"Private Duty Nurse","Hartford Hospital","Providence, RI","home_health",34530,47234,"part-time",84,"2025-06-10","https://jobs.hartfordhospital.com/apply/31481","• Valid Connecticut Home Health Aide certification | • Reliable transportation and valid driver's license | • Compassionate and patient-focused attitude | • Previous home care experience preferred | • Ability to work independently"
"Home Health Aide","Hospital of Central Connecticut","Hartford, CT","home_health",37199,47929,"full-time",90,"2025-06-17","https://www.ziprecruiter.com/c/Hospital-of-Central-Connecticut/Jobs/794753","• Valid Connecticut Home Health Aide certification | • Reliable transportation and valid driver's license | • Compassionate and patient-focused attitude | • Previous home care experience preferred | • Ability to work independently"
"Respite Care Provider","Middlesex Hospital","Springfield, MA","home_health",36673,46220,"contract",79,"2025-06-14","https://careers.middlesexhospital.net/opportunities/4511","• Valid Connecticut Home Health Aide certification | • Reliable transportation and valid driver's license | • Compassionate and patient-focused attitude | • Previous home care experience preferred | • Ability to work independently"
"Respite Care Provider","Griffin Hospital","Waterbury, CT","home_health",38842,47480,"full-time",94,"2025-06-12","https://careers.griffinhospital.net/opportunities/5230","• Valid Connecticut Home Health Aide certification | • Reliable transportation and valid driver's license | • Compassionate and patient-focused attitude | • Previous home care experience preferred | • Ability to work independently"
"Home Health Aide","Backus Hospital","Middletown, CT","home_health",33498,42369,"contract",90,"2025-06-22","https://www.indeed.com/viewjob?jk=7203107612046658","• Valid Connecticut Home Health Aide certification | • Reliable transportation and valid driver's license | • Compassionate and patient-focused attitude | • Previous home care experience preferred | • Ability to work independently"
"Personal Care Assistant","Hospital of Central Connecticut","Hartford, CT","home_health",35401,43377,"part-time",88,"2025-06-16","https://healthcarejobs.com/ct/hospital-of-central-connecticut/16418","• Valid Connecticut Home Health Aide certification | • Reliable transportation and valid driver's license | • Compassionate and patient-focused attitude | • Previous home care experience preferred | • Ability to work independently"
"Private Duty Nurse","Day Kimball Hospital","Greenwich, CT","home_health",37592,44762,"contract",91,"2025-06-18","https://www.glassdoor.com/job-listing/private-duty-nurse-day-kimball-hospital-JV_IC6553309.htm","• Valid Connecticut Home Health Aide certification | • Reliable transportation and valid driver's license | • Compassionate and patient-focused attitude | • Previous home care experience preferred | • Ability to work independently"
