id,title,company,location,city,state,description,requirements,salary,job_type,url,source,source_url,scraped_at,platform
National Healthcare Associates_7811646138898687750,Careers,National Healthcare Associates,"About
Services
Locations
Careers
Conta, CT","About
Services
Locations
Careers
Conta",CT,"About
Services
Locations
Careers
Contact Us",Requirements not specified,Salary not specified,Full-time,https://nhca.com/,National Healthcare Associates,https://careers-nathealthcare.icims.com/jobs/search?ss=1&searchRelation=keyword_all,2025-07-10T19:02:10.646270,icims
National Healthcare Associates_5483074947272231933,Life Happens Here.,National Healthcare Associates,"Contact Us
About National
Career Opportunities
Find a Location
Conta, CT","Contact Us
About National
Career Opportunities
Find a Location
Conta",CT,"Life Happens Here.
Contact Us
About National
Career Opportunities
Find a Location
Contact Us
Admissions Application
Payment Sources
Compliance
Privacy Policy
Notice of Privacy Practices
ⓒ 2022 National Health Care Associates. All Rights Reserved.",Requirements not specified,Salary not specified,Full-time,https://c-13329-20230208-nhca-com.i.icims.com/contact/,National Healthcare Associates,https://careers-nathealthcare.icims.com/jobs/search?ss=1&searchRelation=keyword_all,2025-07-10T19:02:13.797536,icims
Harbor Chase_2380949805185694802,Licensed Practical Nurse ( LPN ) PRN,Harbor Chase,"Palm Beach Gardens, FL 33418, USA",Palm Beach Gardens,FL,"Licensed Practical Nurse ( LPN ) PRN
Jul 10, 2025
Job Category: Resident Care-AL
Requisition Number: LICEN021411
Schedule: Part Time
Job Location Type: On-site




Palm Beach Gardens, FL 33418, USA





PRN LPN needed. Provides direct and individual nursing care to assigned residents based on nursing standards and under the supervision of the Director of Resident Care (DRC). Also maintains compliance with all state and federal regulations and the standards of HRA.",Requirements not specified,Salary not specified,Part-time,https://recruiting.ultipro.com/HAR1012/JobBoard/c8658d95-b2fe-7c84-9ea4-273644487cd4/OpportunityDetail?opportunityId=40d4b69f-1a06-4f12-aec9-1d224ff32432,Harbor Chase,https://recruiting.ultipro.com/HAR1012/JobBoard/c8658d95-b2fe-7c84-9ea4-273644487cd4/?q=&o=postedDateDesc,2025-07-11T00:49:55.103492,ultipro
Harbor Chase_6212368089014053561,Licensed Practical Nurse (LPN),Harbor Chase,"Coral Springs, FL 33065, USA",Coral Springs,FL,"Licensed Practical Nurse (LPN)
Jul 10, 2025
Job Category: Resident Care-AL
Requisition Number: LICEN021407
Schedule: Part Time




Coral Springs, FL 33065, USA





Please only apply if you have a flexible schedule and understand that you are expected to fill in shifts as needed to the best of your ability. We are seeking a per diem LPN candidate with experience in either Assisted Living, Skilled Nursing, or Home Health with ALF experience, and possesses a passion for helping seniors. The shifts...","ed Nursing, or Home Health with ALF experience, and possesses a passion for helping seniors. The shifts available are for every other weekend.",Salary not specified,Part-time,https://recruiting.ultipro.com/HAR1012/JobBoard/c8658d95-b2fe-7c84-9ea4-273644487cd4/OpportunityDetail?opportunityId=1fdda9d8-e6df-45aa-a258-9de7ac0835ca,Harbor Chase,https://recruiting.ultipro.com/HAR1012/JobBoard/c8658d95-b2fe-7c84-9ea4-273644487cd4/?q=&o=postedDateDesc,2025-07-11T00:49:56.973183,ultipro
Harbor Chase_7318863248303719024,AL Medication Assistant,Harbor Chase,"Boynton Beach, FL 33436, USA",Boynton Beach,FL,"AL Medication Assistant
Jul 9, 2025
Job Category: Resident Care-AL
Requisition Number: ALMED021406
Schedule: Full Time




Boynton Beach, FL 33436, USA





A Medication Assistant, also known as a Certified Medication Aide (CMA) or Medication Technician, primarily administers medications to patients in a healthcare setting, under the supervision of a licensed nurse. They also play a crucial role in patient care by documenting medication administration, monitoring patient responses, and reporting...",Requirements not specified,Salary not specified,Full-time,https://recruiting.ultipro.com/HAR1012/JobBoard/c8658d95-b2fe-7c84-9ea4-273644487cd4/OpportunityDetail?opportunityId=65cc5858-3d20-4481-b98b-4d2fe500ac70,Harbor Chase,https://recruiting.ultipro.com/HAR1012/JobBoard/c8658d95-b2fe-7c84-9ea4-273644487cd4/?q=&o=postedDateDesc,2025-07-11T00:49:58.789781,ultipro
Harbor Chase_4553315264971391475,LPN LVN-AL,Harbor Chase,"Boynton Beach, FL 33436, USA",Boynton Beach,FL,"LPN LVN-AL
Jul 9, 2025
Job Category: Resident Care-AL
Requisition Number: LPNLV021405
Schedule: Full Time
Job Location Type: On-site




Boynton Beach, FL 33436, USA





Provides direct and individual nursing care to assigned residents based on nursing standards and under the supervision of the Director of Resident Care (DRC). Also maintains compliance with all state and federal regulations and the standards of HRA.",Requirements not specified,Salary not specified,Full-time,https://recruiting.ultipro.com/HAR1012/JobBoard/c8658d95-b2fe-7c84-9ea4-273644487cd4/OpportunityDetail?opportunityId=dbf90243-4f9b-4ea0-80c7-c41e84cbd290,Harbor Chase,https://recruiting.ultipro.com/HAR1012/JobBoard/c8658d95-b2fe-7c84-9ea4-273644487cd4/?q=&o=postedDateDesc,2025-07-11T00:50:00.777056,ultipro
Harbor Chase_3207045111627788581,Director of Sales,Harbor Chase,"Jacksonville, FL 32223, USA",Jacksonville,FL,"Director of Sales
Jul 8, 2025
Job Category: Marketing
Requisition Number: DIREC021403
Schedule: Full Time




Jacksonville, FL 32223, USA





The Director of Sales is responsible for managing occupancy development of the community, actively marketing the community by networking in the local community with residents, families, discharge planners, social service workers, local community business organizations and other referral sources.",Requirements not specified,Salary not specified,Full-time,https://recruiting.ultipro.com/HAR1012/JobBoard/c8658d95-b2fe-7c84-9ea4-273644487cd4/OpportunityDetail?opportunityId=23a50c18-3aca-4d6c-8acb-d0fe2c00e062,Harbor Chase,https://recruiting.ultipro.com/HAR1012/JobBoard/c8658d95-b2fe-7c84-9ea4-273644487cd4/?q=&o=postedDateDesc,2025-07-11T00:50:02.556497,ultipro
Harbor Chase_5059937648784589004,LVN,Harbor Chase,"Southlake, TX 760925236, USA",Southlake,TX,"LVN
Jul 8, 2025
Job Category: Resident Care-AL
Requisition Number: LVN00021401
Schedule: Full Time
Job Location Type: On-site




Southlake, TX 760925236, USA





Provides direct and individual nursing care to assigned residents based on nursing standards and under the supervision of the Director of Resident Care (DRC). Also maintains compliance with all state and federal regulations and the standards of HRA.",Requirements not specified,Salary not specified,Full-time,https://recruiting.ultipro.com/HAR1012/JobBoard/c8658d95-b2fe-7c84-9ea4-273644487cd4/OpportunityDetail?opportunityId=5704e0a9-d72e-4c5e-adf2-03757d064c82,Harbor Chase,https://recruiting.ultipro.com/HAR1012/JobBoard/c8658d95-b2fe-7c84-9ea4-273644487cd4/?q=&o=postedDateDesc,2025-07-11T00:50:04.759657,ultipro
Harbor Chase_5367514561671500147,Life Enrichment Coordinator,Harbor Chase,"Sarasota, FL 34233, USA",Sarasota,FL,"Life Enrichment Coordinator
Jul 8, 2025
Job Category: Life Enrichment
Requisition Number: LIFEE021399
Schedule: Full Time
Job Location Type: On-site




Sarasota, FL 34233, USA





Assisted Living and Memory Care. Assists in the implementation of a comprehensive activities program geared to meet the spiritual, physical, social and psychosocial needs of community residents.",Requirements not specified,Salary not specified,Full-time,https://recruiting.ultipro.com/HAR1012/JobBoard/c8658d95-b2fe-7c84-9ea4-273644487cd4/OpportunityDetail?opportunityId=f4b66277-2581-4300-92fd-f0404e6db113,Harbor Chase,https://recruiting.ultipro.com/HAR1012/JobBoard/c8658d95-b2fe-7c84-9ea4-273644487cd4/?q=&o=postedDateDesc,2025-07-11T00:50:06.461141,ultipro
Harbor Chase_6092818339507433215,Cook,Harbor Chase,"Plano, TX 75024, USA",Plano,TX,"Cook
Jul 8, 2025
Job Category: Dietary
Requisition Number: COOK0021397
Schedule: Full Time




Plano, TX 75024, USA





“In response to the crisis surrounding Coronavirus / COVID-19, HarborChase is offering assistance those whose employment is impacted. We are hiring Full Time, Part Time, and Temporary Associates (PRN). Stewardship is a CORE value at HarborChase, so when our community is in a time of need, we are elated to be able to lend a helping hand.” The cook assists with preparing menus, ...",Requirements not specified,Salary not specified,Full-time,https://recruiting.ultipro.com/HAR1012/JobBoard/c8658d95-b2fe-7c84-9ea4-273644487cd4/OpportunityDetail?opportunityId=6976fc21-dbd6-4a26-85cc-d126441e7a61,Harbor Chase,https://recruiting.ultipro.com/HAR1012/JobBoard/c8658d95-b2fe-7c84-9ea4-273644487cd4/?q=&o=postedDateDesc,2025-07-11T00:50:08.218178,ultipro
Harbor Chase_7294631770375097906,Dir. Of Life Enrichment,Harbor Chase,"Palm Beach Gardens, FL 33418, USA",Palm Beach Gardens,FL,"Dir. Of Life Enrichment
Jul 7, 2025
Job Category: Life Enrichment
Requisition Number: DIROF021396
Schedule: Full Time
Job Location Type: On-site




Palm Beach Gardens, FL 33418, USA





Develops and implements inspiring success oriented Life Enrichment programs designed to meet the overall needs of the residents based on the person centered care approach.",Requirements not specified,Salary not specified,Full-time,https://recruiting.ultipro.com/HAR1012/JobBoard/c8658d95-b2fe-7c84-9ea4-273644487cd4/OpportunityDetail?opportunityId=70d760fd-ec21-419c-bdb8-79b5d00f7ab8,Harbor Chase,https://recruiting.ultipro.com/HAR1012/JobBoard/c8658d95-b2fe-7c84-9ea4-273644487cd4/?q=&o=postedDateDesc,2025-07-11T00:50:09.905431,ultipro
Harbor Chase_1782771340139809330,Life Enrichment Coordinator,Harbor Chase,"Boynton Beach, FL 33436, USA",Boynton Beach,FL,"Life Enrichment Coordinator
Jul 7, 2025
Job Category: Life Enrichment
Requisition Number: LIFEE021395
Schedule: Part Time
Job Location Type: On-site




Boynton Beach, FL 33436, USA





Activities Assistant",Requirements not specified,Salary not specified,Part-time,https://recruiting.ultipro.com/HAR1012/JobBoard/c8658d95-b2fe-7c84-9ea4-273644487cd4/OpportunityDetail?opportunityId=eb6e446a-6c99-412a-8409-e4828e1d1fda,Harbor Chase,https://recruiting.ultipro.com/HAR1012/JobBoard/c8658d95-b2fe-7c84-9ea4-273644487cd4/?q=&o=postedDateDesc,2025-07-11T00:50:11.384351,ultipro
Harbor Chase_6236185817184631412,LPN - Licensed Practical Nurse,Harbor Chase,"Wilmington, DE, USA",Wilmington,DE,"LPN - Licensed Practical Nurse
Jul 7, 2025
Job Category: Resident Care-AL
Requisition Number: LPNLI021394
Schedule: Part Time
Job Location Type: On-site




Wilmington, DE, USA















+1 more
Provides direct and individual nursing care to assigned residents based on nursing standards and under the supervision of the Director of Resident Care (DRC). Also maintains compliance with all state and federal regulations and the standards of HRA",Requirements not specified,Salary not specified,Part-time,https://recruiting.ultipro.com/HAR1012/JobBoard/c8658d95-b2fe-7c84-9ea4-273644487cd4/OpportunityDetail?opportunityId=af5f7e33-a3b4-4216-bd0f-966955db0316,Harbor Chase,https://recruiting.ultipro.com/HAR1012/JobBoard/c8658d95-b2fe-7c84-9ea4-273644487cd4/?q=&o=postedDateDesc,2025-07-11T00:50:12.894926,ultipro
Harbor Chase_9203341217973500025,Licensed Practical Nurse ( LPN ),Harbor Chase,"Palm Beach Gardens, FL 33418, USA",Palm Beach Gardens,FL,"Licensed Practical Nurse ( LPN )
Jul 7, 2025
Job Category: Resident Care-AL
Requisition Number: LICEN021390
Schedule: Full Time
Job Location Type: On-site




Palm Beach Gardens, FL 33418, USA





PRN LPN needed. Provides direct and individual nursing care to assigned residents based on nursing standards and under the supervision of the Director of Resident Care (DRC). Also maintains compliance with all state and federal regulations and the standards of HRA.",Requirements not specified,Salary not specified,Full-time,https://recruiting.ultipro.com/HAR1012/JobBoard/c8658d95-b2fe-7c84-9ea4-273644487cd4/OpportunityDetail?opportunityId=5f913175-c08e-4f65-8d31-73d31ae8b292,Harbor Chase,https://recruiting.ultipro.com/HAR1012/JobBoard/c8658d95-b2fe-7c84-9ea4-273644487cd4/?q=&o=postedDateDesc,2025-07-11T00:50:14.671169,ultipro
Harbor Chase_4220352120247739360,Activities Coordinator,Harbor Chase,"Lady Lake, FL 32159, USA",Lady Lake,FL,"Activities Coordinator
Jul 4, 2025
Job Category: Life Enrichment
Requisition Number: ACTIV021389
Schedule: Part Time
Job Location Type: On-site




Lady Lake, FL 32159, USA





The Activities Coordinator/Life Enrichment Coordinator assists the Life Enrichment Director in the implementation of a comprehensive activities program geared to meet the spiritual, physical, social and psychosocial needs of community residents. This is a part time position.",Requirements not specified,Salary not specified,Part-time,https://recruiting.ultipro.com/HAR1012/JobBoard/c8658d95-b2fe-7c84-9ea4-273644487cd4/OpportunityDetail?opportunityId=033dd908-d258-45b2-96f2-82aed79fa5ef,Harbor Chase,https://recruiting.ultipro.com/HAR1012/JobBoard/c8658d95-b2fe-7c84-9ea4-273644487cd4/?q=&o=postedDateDesc,2025-07-11T00:50:16.290434,ultipro
Harbor Chase_9173255824595463355,Licensed Practical Nurses (LPN),Harbor Chase,"Naperville, IL 60540, USA",Naperville,IL,"Licensed Practical Nurses (LPN)
Jul 3, 2025
Job Category: Resident Care-AL
Requisition Number: LICEN021388
Schedule: Full Time




Naperville, IL 60540, USA





Provides direct and individual nursing care to assigned residents based on nursing standards and under the supervision of the Director of Resident Care (DRC). Also maintains compliance with all state and federal regulations and the standards of HRA.",Requirements not specified,Salary not specified,Full-time,https://recruiting.ultipro.com/HAR1012/JobBoard/c8658d95-b2fe-7c84-9ea4-273644487cd4/OpportunityDetail?opportunityId=da2a521a-ed54-42a3-a475-281d297f65b0,Harbor Chase,https://recruiting.ultipro.com/HAR1012/JobBoard/c8658d95-b2fe-7c84-9ea4-273644487cd4/?q=&o=postedDateDesc,2025-07-11T00:50:18.081202,ultipro
Harbor Chase_2934805314117798295,Director of Life Enrichment,Harbor Chase,"Lady Lake, FL 32159, USA",Lady Lake,FL,"Director of Life Enrichment
Jul 3, 2025
Job Category: Life Enrichment
Requisition Number: DIREC021387
Schedule: Full Time
Job Location Type: On-site




Lady Lake, FL 32159, USA





Develops and implements inspiring success oriented Life Enrichment programs designed to meet the overall needs of the residents based on the person centered care approach.",Requirements not specified,Salary not specified,Full-time,https://recruiting.ultipro.com/HAR1012/JobBoard/c8658d95-b2fe-7c84-9ea4-273644487cd4/OpportunityDetail?opportunityId=3fdd6d3e-75a0-496c-acbf-aafbfe274bb4,Harbor Chase,https://recruiting.ultipro.com/HAR1012/JobBoard/c8658d95-b2fe-7c84-9ea4-273644487cd4/?q=&o=postedDateDesc,2025-07-11T00:50:19.763011,ultipro
Harbor Chase_899778006640752801,CNA - Certified Nursing Assistant,Harbor Chase,"HC of Branford


Branford, CT, USA",Branford,CT,"CNA - Certified Nursing Assistant
Jul 3, 2025
Job Category: Resident Care-AL
Requisition Number: CNACE021384
Schedule: Part Time
Job Location Type: On-site

HC of Branford


Branford, CT, USA





Provides residents assistance with Activities of Daily Living (ADL) while recognizing the importance of their dignity and respect at all times. Part time/full time opportunities available on day and evening shifts!",Requirements not specified,Salary not specified,Full-time,https://recruiting.ultipro.com/HAR1012/JobBoard/c8658d95-b2fe-7c84-9ea4-273644487cd4/OpportunityDetail?opportunityId=4e6894a0-41ca-406d-b32f-341014873a62,Harbor Chase,https://recruiting.ultipro.com/HAR1012/JobBoard/c8658d95-b2fe-7c84-9ea4-273644487cd4/?q=&o=postedDateDesc,2025-07-11T00:50:21.314255,ultipro
Harbor Chase_6362356167218606716,LPN - Licensed Practical Nurse,Harbor Chase,"HC of Branford


Branford, CT, USA",Branford,CT,"LPN - Licensed Practical Nurse
Jul 3, 2025
Job Category: Resident Care-AL
Requisition Number: LPNLI021383
Schedule: Part Time

HC of Branford


Branford, CT, USA





Provides direct individual nursing care to assigned residents based on nursing standards and under the supervision of the Director of Resident Care (DRC). Also maintains compliance with all state and federal regulations and the standards of HRA. All shifts available, full and part time.",Requirements not specified,Salary not specified,Part-time,https://recruiting.ultipro.com/HAR1012/JobBoard/c8658d95-b2fe-7c84-9ea4-273644487cd4/OpportunityDetail?opportunityId=fbfcaf87-aa53-458d-b2a0-141f342203da,Harbor Chase,https://recruiting.ultipro.com/HAR1012/JobBoard/c8658d95-b2fe-7c84-9ea4-273644487cd4/?q=&o=postedDateDesc,2025-07-11T00:50:22.753866,ultipro
Harbor Chase_2165891181289614750,Care Partner,Harbor Chase,"Rock Hill, SC 29730, USA",Rock Hill,SC,"Care Partner
Jul 2, 2025
Job Category: Resident Care-MC
Requisition Number: CAREP021380
Schedule: Full Time
Job Location Type: On-site




Rock Hill, SC 29730, USA





Our approach to senior living isn’t something that just “happened.” It is the outcome of a highly experienced team of professionals with a true calling and commitment to delivering quality senior care services while exemplifying compassion and respect and honoring our Residents dignity. Are you looking for an opportunity to put y...","d team of professionals with a true calling and commitment to delivering quality senior care services while exemplifying compassion and respect and honoring our Residents dignity. Are you looking for an opportunity to put your time, talents and experience to work? Do you have a heart for the elderly? HarborChase or Riverwalk is a Luxury AL and MC Community that offers opportunities that fit most work-life commitments. We provide residents assistance with Activities of Daily Living (ADL) while re...",Salary not specified,Full-time,https://recruiting.ultipro.com/HAR1012/JobBoard/c8658d95-b2fe-7c84-9ea4-273644487cd4/OpportunityDetail?opportunityId=429daf2f-c5d8-4edc-b922-573a44672676,Harbor Chase,https://recruiting.ultipro.com/HAR1012/JobBoard/c8658d95-b2fe-7c84-9ea4-273644487cd4/?q=&o=postedDateDesc,2025-07-11T00:50:24.259731,ultipro
Harbor Chase_7194905491117492304,Director of Memory Care,Harbor Chase,"Orlando, FL 32819, USA",Orlando,FL,"Director of Memory Care
Jul 2, 2025
Job Category: Resident Care-MC
Requisition Number: DIREC021381
Schedule: Full Time
Job Location Type: On-site




Orlando, FL 32819, USA





Has oversight for non-licensed operations in Memory Care. Has the responsibility of the safety and well-being of all MC residents. Actively manages resident safety, life enrichment programs, non-licensed care, social settings in dining, and appropriate dementia environment. Has the ability as an Alzheimer’s trainer, supp...",Requirements not specified,Salary not specified,Full-time,https://recruiting.ultipro.com/HAR1012/JobBoard/c8658d95-b2fe-7c84-9ea4-273644487cd4/OpportunityDetail?opportunityId=6ad7e879-516b-481a-829e-228b52ac8a62,Harbor Chase,https://recruiting.ultipro.com/HAR1012/JobBoard/c8658d95-b2fe-7c84-9ea4-273644487cd4/?q=&o=postedDateDesc,2025-07-11T00:50:25.973923,ultipro
Harbor Chase_5344263101766482440,Licensed Practical Nurse,Harbor Chase,"Lady Lake, FL 32159, USA",Lady Lake,FL,"Licensed Practical Nurse
Jul 1, 2025
Job Category: Resident Care-AL
Requisition Number: LICEN021370
Schedule: Full Time
Job Location Type: On-site




Lady Lake, FL 32159, USA





Provides direct and individual nursing care to assigned residents based on nursing standards and under the supervision of the Director of Resident Care (DRC). Also maintains compliance with all state and federal regulations and the standards of HRA. This position is available as Full Time and PRN for the 2pm-10pm shif...",Requirements not specified,Salary not specified,Full-time,https://recruiting.ultipro.com/HAR1012/JobBoard/c8658d95-b2fe-7c84-9ea4-273644487cd4/OpportunityDetail?opportunityId=93e5a51f-ced3-435e-a5fd-47db8ef0ca43,Harbor Chase,https://recruiting.ultipro.com/HAR1012/JobBoard/c8658d95-b2fe-7c84-9ea4-273644487cd4/?q=&o=postedDateDesc,2025-07-11T00:50:28.060003,ultipro
Harbor Chase_4557866854149930066,Resident Aid,Harbor Chase,"Lady Lake, FL 32159, USA",Lady Lake,FL,"Resident Aid
Jul 1, 2025
Job Category: Resident Care-AL
Requisition Number: RESID021369
Schedule: Full Time
Job Location Type: On-site




Lady Lake, FL 32159, USA





Provides residents assistance with Activities of Daily Living (ADL) while recognizing the importance of their dignity and respect at all times. This position is available as Full Time and PRN for 7am-7pm and 7pm-7am shifts, for Assisted Living and Memory Care.",Requirements not specified,Salary not specified,Full-time,https://recruiting.ultipro.com/HAR1012/JobBoard/c8658d95-b2fe-7c84-9ea4-273644487cd4/OpportunityDetail?opportunityId=f823b465-e453-4f1d-8941-ef5bb9b15f97,Harbor Chase,https://recruiting.ultipro.com/HAR1012/JobBoard/c8658d95-b2fe-7c84-9ea4-273644487cd4/?q=&o=postedDateDesc,2025-07-11T00:50:29.669182,ultipro
Harbor Chase_4302074294894691348,Life Enrichment Coord / Activity Coordinator / Activities staff / Activity Ambassador,Harbor Chase,"Orlando, FL 32819, USA",Orlando,FL,"Life Enrichment Coord / Activity Coordinator / Activities staff / Activity Ambassador
Jun 30, 2025
Job Category: Life Enrichment
Requisition Number: LIFEE021367
Schedule: Part Time
Job Location Type: On-site




Orlando, FL 32819, USA





Assists in the implementation of a comprehensive activities program geared to meet the spiritual, physical, social and psychosocial needs of community residents.",Requirements not specified,Salary not specified,Part-time,https://recruiting.ultipro.com/HAR1012/JobBoard/c8658d95-b2fe-7c84-9ea4-273644487cd4/OpportunityDetail?opportunityId=cfe6846f-8e2f-471c-8a4c-7e6df267a257,Harbor Chase,https://recruiting.ultipro.com/HAR1012/JobBoard/c8658d95-b2fe-7c84-9ea4-273644487cd4/?q=&o=postedDateDesc,2025-07-11T00:50:31.145448,ultipro
Harbor Chase_7161702034065654241,CARE PARTNER,Harbor Chase,"Sarasota, FL 34233, USA",Sarasota,FL,"CARE PARTNER
Jun 28, 2025
Job Category: Resident Care-MC
Requisition Number: CAREP021366
Schedule: Full Time




Sarasota, FL 34233, USA





Full-time and part-time Provides residents assistance with Activities of Daily Living (ADL) while recognizing the importance of their dignity and respect at all times.",Requirements not specified,Salary not specified,Full-time,https://recruiting.ultipro.com/HAR1012/JobBoard/c8658d95-b2fe-7c84-9ea4-273644487cd4/OpportunityDetail?opportunityId=4046cde4-0a1e-4728-be96-b26e92c0fe4d,Harbor Chase,https://recruiting.ultipro.com/HAR1012/JobBoard/c8658d95-b2fe-7c84-9ea4-273644487cd4/?q=&o=postedDateDesc,2025-07-11T00:50:32.656773,ultipro
Harbor Chase_587566452175702534,Executive Director,Harbor Chase,"Jacksonville, FL 32223, USA",Jacksonville,FL,"Executive Director
Jun 25, 2025
Job Category: Adminstration
Requisition Number: EXECU021361
Schedule: Full Time




Jacksonville, FL 32223, USA





The Executive Director is totally responsible for the management of the Assisted Living, Independent Living, Memory Care community and/or Skilled Nursing Facility. Also, ensures high quality resident care services, within budgetary guidelines, while meeting or exceeding Harbor Retirement Associates, LLC, standards, and responsible for compliance wit...","ed Nursing Facility. Also, ensures high quality resident care services, within budgetary guidelines, while meeting or exceeding Harbor Retirement Associates, LLC, standards, and responsible for compliance with federal, state, local and HRA policies, procedures and regulations. The Executive Director is responsible to lead the community by example exhibiting the CORE Values through servant leadership.",Salary not specified,Full-time,https://recruiting.ultipro.com/HAR1012/JobBoard/c8658d95-b2fe-7c84-9ea4-273644487cd4/OpportunityDetail?opportunityId=8e098bc0-aca4-4a06-9cdc-55338e18db0f,Harbor Chase,https://recruiting.ultipro.com/HAR1012/JobBoard/c8658d95-b2fe-7c84-9ea4-273644487cd4/?q=&o=postedDateDesc,2025-07-11T00:50:34.191928,ultipro
Harbor Chase_7931119603821655648,Maintenance Director,Harbor Chase,"Rock Hill, SC 29730, USA",Rock Hill,SC,"Maintenance Director
Jun 25, 2025
Job Category: Maintenance
Requisition Number: MAINT021360
Schedule: Full Time
Job Location Type: On-site




Rock Hill, SC 29730, USA





We have a terrific opportunity for a qualified Maintenance Director who is committed to maintaining a clean community and leading a team to achieve excellence every day for our Residents. You would be responsible for leading maintenance systems, vender, employee, resident and their families relationships, overseeing the conti...",Requirements not specified,Salary not specified,Full-time,https://recruiting.ultipro.com/HAR1012/JobBoard/c8658d95-b2fe-7c84-9ea4-273644487cd4/OpportunityDetail?opportunityId=59a7f0b5-62ab-4eee-bfd7-225a327e031b,Harbor Chase,https://recruiting.ultipro.com/HAR1012/JobBoard/c8658d95-b2fe-7c84-9ea4-273644487cd4/?q=&o=postedDateDesc,2025-07-11T00:50:35.760603,ultipro
Harbor Chase_6925115415895798004,MEDICATION ASSISTANT,Harbor Chase,"Daytona Beach, FL 32114, USA",Daytona Beach,FL,"MEDICATION ASSISTANT
Jun 25, 2025
Job Category: Resident Care-AL
Requisition Number: MEDIC021355
Schedule: Full Time
Job Location Type: On-site




Daytona Beach, FL 32114, USA





Assisted Living Medication Assistance. Assists with medications and maintains compliance with all state and federal regulations and the standards of HRA. This role will may be working with our residents in Memory Care who are experiencing Alzheimer's/dementia",Requirements not specified,Salary not specified,Full-time,https://recruiting.ultipro.com/HAR1012/JobBoard/c8658d95-b2fe-7c84-9ea4-273644487cd4/OpportunityDetail?opportunityId=d07ea127-22dd-4161-9368-cf48fe9e58ce,Harbor Chase,https://recruiting.ultipro.com/HAR1012/JobBoard/c8658d95-b2fe-7c84-9ea4-273644487cd4/?q=&o=postedDateDesc,2025-07-11T00:50:37.249187,ultipro
Harbor Chase_4736681419239209942,Medication Assistant ALL SHIFTS,Harbor Chase,"Palm Beach Gardens, FL 33418, USA",Palm Beach Gardens,FL,"Medication Assistant ALL SHIFTS
Jun 24, 2025
Job Category: Resident Care-AL
Requisition Number: MEDIC021351
Schedule: Full Time
Job Location Type: On-site




Palm Beach Gardens, FL 33418, USA





Full time and Part time Med Techs needed for all shifts at luxury assisted living. Assists with medications and maintains compliance with all state and federal regulations and the standards of HRA. Provides residents assistance with Activities of Daily Living (ADL) while recognizing the importance of ...",Requirements not specified,Salary not specified,Full-time,https://recruiting.ultipro.com/HAR1012/JobBoard/c8658d95-b2fe-7c84-9ea4-273644487cd4/OpportunityDetail?opportunityId=3f29ea32-295b-4483-8993-5a39a4ca6c83,Harbor Chase,https://recruiting.ultipro.com/HAR1012/JobBoard/c8658d95-b2fe-7c84-9ea4-273644487cd4/?q=&o=postedDateDesc,2025-07-11T00:50:38.995252,ultipro
Harbor Chase_2691553614534245595,Housekeeper,Harbor Chase,"Palm Beach Gardens, FL 33418, USA",Palm Beach Gardens,FL,"Housekeeper
Jun 24, 2025
Job Category: Housekeeping
Requisition Number: HOUSE021350
Schedule: Full Time
Job Location Type: On-site




Palm Beach Gardens, FL 33418, USA





Full Time Housekeeper needed for Assisted Living and Memory Care",Requirements not specified,Salary not specified,Full-time,https://recruiting.ultipro.com/HAR1012/JobBoard/c8658d95-b2fe-7c84-9ea4-273644487cd4/OpportunityDetail?opportunityId=0e514101-6dfd-48c9-9424-cae4147410ab,Harbor Chase,https://recruiting.ultipro.com/HAR1012/JobBoard/c8658d95-b2fe-7c84-9ea4-273644487cd4/?q=&o=postedDateDesc,2025-07-11T00:50:40.636933,ultipro
Harbor Chase_4845462211485707755,Care Partner (CNA),Harbor Chase,"Coral Springs, FL 33065, USA",Coral Springs,FL,"Care Partner (CNA)
Jun 24, 2025
Job Category: Resident Care-AL
Requisition Number: CAREP021349
Schedule: Part Time




Coral Springs, FL 33065, USA





As Needed Certified Nursing Assistant for Assisted Living Residence Experience as a medication technician is required- must have current certification. -Provides quality care and assistance to residents in accordance with the resident philosophy and policies and resident rights -Adheres to each resident’s Level of Care (LOC), notifies supervisor...","as a medication technician is required- must have current certification. -Provides quality care and assistance to residents in accordance with the resident philosophy and policies and resident rights -Adheres to each resident’s Level of Care (LOC), notifies supervisor of any changes in resident’s condition -Answers and responds to resident calls in a timely manner -Assists residents with Activities of Daily Living (ADL) -Completes assignment sheets daily. -Encourages and escorts residents to and...",Salary not specified,Part-time,https://recruiting.ultipro.com/HAR1012/JobBoard/c8658d95-b2fe-7c84-9ea4-273644487cd4/OpportunityDetail?opportunityId=cbb32ec0-d6c8-4d4b-9d0b-d60a2ba53ddd,Harbor Chase,https://recruiting.ultipro.com/HAR1012/JobBoard/c8658d95-b2fe-7c84-9ea4-273644487cd4/?q=&o=postedDateDesc,2025-07-11T00:50:42.228834,ultipro
Harbor Chase_3611004415674298212,Director of Life Enrichment,Harbor Chase,"Jasper, AL 35501, USA",Jasper,AL,"Director of Life Enrichment
Jun 24, 2025
Job Category: Life Enrichment
Requisition Number: DIREC021348
Schedule: Full Time
Job Location Type: On-site




Jasper, AL 35501, USA





Develops and implements inspiring success oriented Life Enrichment programs designed to meet the overall needs of the residents based on the person centered care approach.",Requirements not specified,Salary not specified,Full-time,https://recruiting.ultipro.com/HAR1012/JobBoard/c8658d95-b2fe-7c84-9ea4-273644487cd4/OpportunityDetail?opportunityId=65b9e359-7f94-4c06-ad6c-7b4364b0f1a1,Harbor Chase,https://recruiting.ultipro.com/HAR1012/JobBoard/c8658d95-b2fe-7c84-9ea4-273644487cd4/?q=&o=postedDateDesc,2025-07-11T00:50:44.021835,ultipro
Harbor Chase_5905255962733781455,Care Partner,Harbor Chase,"Jasper, AL 35501, USA",Jasper,AL,"Care Partner
Jun 24, 2025
Job Category: Resident Care-AL
Requisition Number: CAREP021347
Schedule: Full Time




Jasper, AL 35501, USA





HARBORCHASE IS HIRING!!! COME BE PART OF SOMETHING MAGNIFICENT! Working at HarborChase - Experience Genuine Hospitality HRA is transforming the senior housing industry, and that includes shaping our talent into tomorrow’s leaders. At HarborChase, we believe that success starts with our Associates and we pride ourselves on hiring the best. Are you ready to ta...","Genuine Hospitality HRA is transforming the senior housing industry, and that includes shaping our talent into tomorrow’s leaders. At HarborChase, we believe that success starts with our Associates and we pride ourselves on hiring the best. Are you ready to take your career to the next level? Do you desire a career that is rewarding and one that rewards you?",Salary not specified,Full-time,https://recruiting.ultipro.com/HAR1012/JobBoard/c8658d95-b2fe-7c84-9ea4-273644487cd4/OpportunityDetail?opportunityId=98958969-6c48-4a41-ac61-97ecc1443e74,Harbor Chase,https://recruiting.ultipro.com/HAR1012/JobBoard/c8658d95-b2fe-7c84-9ea4-273644487cd4/?q=&o=postedDateDesc,2025-07-11T00:50:45.865051,ultipro
Harbor Chase_3767888754989600424,LPN,Harbor Chase,"Jasper, AL 35501, USA",Jasper,AL,"LPN
Jun 24, 2025
Job Category: Resident Care-AL
Requisition Number: LPN00021346
Schedule: Part Time
Job Location Type: On-site




Jasper, AL 35501, USA





Provides direct and individual nursing care to assigned residents based on nursing standards and under the supervision of the Director of Resident Care (DRC). Also maintains compliance with all state and federal regulations and the standards of HRA.",Requirements not specified,Salary not specified,Part-time,https://recruiting.ultipro.com/HAR1012/JobBoard/c8658d95-b2fe-7c84-9ea4-273644487cd4/OpportunityDetail?opportunityId=7cf9cb89-d548-4466-9320-be945323b72a,Harbor Chase,https://recruiting.ultipro.com/HAR1012/JobBoard/c8658d95-b2fe-7c84-9ea4-273644487cd4/?q=&o=postedDateDesc,2025-07-11T00:50:48.447475,ultipro
Artis Senior Living_7211018339885287536,"Director of Sales, Senior Living",Artis Senior Living,"Artis Senior Living | Somers


Yorktown Heights, NY 10598, USA",Yorktown Heights,NY,"Director of Sales, Senior Living
Jul 10, 2025
Job Category: General
Requisition Number: DIREC003512
Schedule: Full Time

Artis Senior Living | Somers


Yorktown Heights, NY 10598, USA





The Director, Sales and Marketing will drive internal and external sales efforts to achieve and exceed community performance goals, while continuously maximizing occupancy. *Starting base salary is $85000 - $90000 / year, plus bonus! *This is a full time position offering a Monday-Friday schedule, 9am-5pm! Som...",is required.,$85000 - $90000,Full-time,https://recruiting.ultipro.com/ART1008ARTH/JobBoard/dc78aa87-cca0-413e-a32b-450fecf2bffb/OpportunityDetail?opportunityId=f3d2ef70-e719-43f5-889d-73b107f57b01,Artis Senior Living,https://recruiting.ultipro.com/ART1008ARTH/JobBoard/dc78aa87-cca0-413e-a32b-450fecf2bffb/?q=&o=postedDateDesc&w=&wc=&we=&wpst=,2025-07-11T01:05:08.395687,ultipro
Artis Senior Living_4847145750109348074,Certified MedTech / Medication Assistant (CMA) - Part Time / PRN,Artis Senior Living,"Artis Senior Living | South Hills | Pittsburgh


Bethel Park, PA 15102, USA",Bethel Park,PA,"Certified MedTech / Medication Assistant (CMA) - Part Time / PRN
Jul 10, 2025
Job Category: Care Partner
Requisition Number: CERTI003511
Schedule: Part Time

Artis Senior Living | South Hills | Pittsburgh


Bethel Park, PA 15102, USA





The Certified Med Tech / Medication Assistant (CMA) will administer medications to residents and observe, record, and report, medication interactions or side effects. Will also assist residents with activities of daily living such as grooming, oral hygiene, toi...",Requirements not specified,$21.50,Part-time,https://recruiting.ultipro.com/ART1008ARTH/JobBoard/dc78aa87-cca0-413e-a32b-450fecf2bffb/OpportunityDetail?opportunityId=458a85bc-64e1-4913-a8fe-249d584742ab,Artis Senior Living,https://recruiting.ultipro.com/ART1008ARTH/JobBoard/dc78aa87-cca0-413e-a32b-450fecf2bffb/?q=&o=postedDateDesc&w=&wc=&we=&wpst=,2025-07-11T01:05:10.141030,ultipro
Artis Senior Living_2211329146386638442,Caregiver / CNA - Part Time,Artis Senior Living,"Artis Senior Living | South Hills | Pittsburgh


Bethel Park, PA 15102, USA",Bethel Park,PA,"Caregiver / CNA - Part Time
Jul 10, 2025
Job Category: Care Partner
Requisition Number: CAREG003510
Schedule: Part Time

Artis Senior Living | South Hills | Pittsburgh


Bethel Park, PA 15102, USA





The Caregiver / CNA will provide assistance with daily living activities for residents with Alzheimer's/Dementia. You may be required to respond to emergency calls and situations, document and report care provided, and transport residents to various functions or locations. Familiarity with Alzheim...",Requirements not specified,$18.25,Part-time,https://recruiting.ultipro.com/ART1008ARTH/JobBoard/dc78aa87-cca0-413e-a32b-450fecf2bffb/OpportunityDetail?opportunityId=316048d1-f4ee-4a8b-bc83-45f332c48173,Artis Senior Living,https://recruiting.ultipro.com/ART1008ARTH/JobBoard/dc78aa87-cca0-413e-a32b-450fecf2bffb/?q=&o=postedDateDesc&w=&wc=&we=&wpst=,2025-07-11T01:05:11.650568,ultipro
Artis Senior Living_9002884337699275908,Caregiver / CNA,Artis Senior Living,"Artis Senior Living | South Hills | Pittsburgh


Bethel Park, PA 15102, USA",Bethel Park,PA,"Caregiver / CNA
Jul 10, 2025
Job Category: Care Partner
Requisition Number: CAREG003509
Schedule: Full Time

Artis Senior Living | South Hills | Pittsburgh


Bethel Park, PA 15102, USA





The Caregiver / CNA will provide assistance with daily living activities for residents with Alzheimer's/Dementia. You may be required to respond to emergency calls and situations, document and report care provided, and transport residents to various functions or locations. Familiarity with Alzheimer's/Dementi...",Requirements not specified,$18.25,Full-time,https://recruiting.ultipro.com/ART1008ARTH/JobBoard/dc78aa87-cca0-413e-a32b-450fecf2bffb/OpportunityDetail?opportunityId=cad720b4-d689-4b95-add5-d92808bb5998,Artis Senior Living,https://recruiting.ultipro.com/ART1008ARTH/JobBoard/dc78aa87-cca0-413e-a32b-450fecf2bffb/?q=&o=postedDateDesc&w=&wc=&we=&wpst=,2025-07-11T01:05:13.200206,ultipro
Artis Senior Living_4040885977598439158,Licensed Practical Nurse (LPN) - Part Time,Artis Senior Living,"Artis Senior Living | South Hills | Pittsburgh


Bethel Park, PA 15102, USA",Bethel Park,PA,"Licensed Practical Nurse (LPN) - Part Time
Jul 10, 2025
Job Category: CHW
Requisition Number: LICEN003508
Schedule: Part Time

Artis Senior Living | South Hills | Pittsburgh


Bethel Park, PA 15102, USA





The Licensed Practical Nurse (LPN) will provide clinical monitoring and support for residents with Alzheimer's/Dementia. Ensures that all restorative, support and preventative measures are met in accordance with applicable state laws and regulations. Experience with Alzheimer's/Dementia or b...","with Alzheimer's/Dementia or behavioral health conditions, and a willingness to work with the elderly population is essential for this role. *Starting pay is $28 - $30 / hour! *This is a part time position offering a flexible schedule on 2nd shift (3pm-11pm) OR 3rd shift (11pm-7am)! Every other weekend is required!",$28 - $30,Part-time,https://recruiting.ultipro.com/ART1008ARTH/JobBoard/dc78aa87-cca0-413e-a32b-450fecf2bffb/OpportunityDetail?opportunityId=9541869a-8624-42b9-940c-4e530abbb977,Artis Senior Living,https://recruiting.ultipro.com/ART1008ARTH/JobBoard/dc78aa87-cca0-413e-a32b-450fecf2bffb/?q=&o=postedDateDesc&w=&wc=&we=&wpst=,2025-07-11T01:05:15.162637,ultipro
Artis Senior Living_5792108080917825989,Licensed Practical Nurse (LPN),Artis Senior Living,"Artis Senior Living | South Hills | Pittsburgh


Bethel Park, PA 15102, USA",Bethel Park,PA,"Licensed Practical Nurse (LPN)
Jul 10, 2025
Job Category: CHW
Requisition Number: LICEN003507
Schedule: Full Time

Artis Senior Living | South Hills | Pittsburgh


Bethel Park, PA 15102, USA





The Licensed Practical Nurse (LPN) will provide clinical monitoring and support for residents with Alzheimer's/Dementia. Ensures that all restorative, support and preventative measures are met in accordance with applicable state laws and regulations. Experience with Alzheimer's/Dementia or behavioral he...","with Alzheimer's/Dementia or behavioral health conditions, and a willingness to work with the elderly population is essential for this role. *Starting pay is $28 - $30 / hour! *This is a full time position offering a flexible schedule on 1st shift, 7am-3pm!",$28 - $30,Full-time,https://recruiting.ultipro.com/ART1008ARTH/JobBoard/dc78aa87-cca0-413e-a32b-450fecf2bffb/OpportunityDetail?opportunityId=c16269a8-a87b-4827-89f6-628d992ae1f2,Artis Senior Living,https://recruiting.ultipro.com/ART1008ARTH/JobBoard/dc78aa87-cca0-413e-a32b-450fecf2bffb/?q=&o=postedDateDesc&w=&wc=&we=&wpst=,2025-07-11T01:05:17.395847,ultipro
Artis Senior Living_1674546672608988784,"Inside Sales Counselor, Senior Living",Artis Senior Living,"Artis Senior Living Lakeview


Chicago, IL 60657, USA",Chicago,IL,"Inside Sales Counselor, Senior Living
Jul 10, 2025
Job Category: General
Requisition Number: INSID003506
Schedule: Full Time

Artis Senior Living Lakeview


Chicago, IL 60657, USA





The Inside Sales Counselor will drive internal sales efforts to achieve and exceed community census goals. The SC is responsible for lead base management (inquiries, tours, lead follow-up, creative next steps and generating a 30-60-90 day pipeline). *1-2 years previous healthcare sales experience is required. *Sch...","is required. *Schedule required is Tuesday-Saturday, 8am-5pm. *Starting pay is $70000 per year, plus bonus!",$70000,Full-time,https://recruiting.ultipro.com/ART1008ARTH/JobBoard/dc78aa87-cca0-413e-a32b-450fecf2bffb/OpportunityDetail?opportunityId=97f4891f-cee9-4db7-8997-03bc2a25cf59,Artis Senior Living,https://recruiting.ultipro.com/ART1008ARTH/JobBoard/dc78aa87-cca0-413e-a32b-450fecf2bffb/?q=&o=postedDateDesc&w=&wc=&we=&wpst=,2025-07-11T01:05:19.147476,ultipro
Artis Senior Living_6007570048404486643,"Executive Director, Senior Living",Artis Senior Living,"Artis Senior Living | Waltham


Lexington, MA 02421, USA",Lexington,MA,"Executive Director, Senior Living
Jul 10, 2025
Job Category: Administration
Requisition Number: EXECU003505
Schedule: Full Time

Artis Senior Living | Waltham


Lexington, MA 02421, USA





The Executive Director will manage the day-to-day operations of the community, ensuring Memory Care residents experience elevated care and customer service, while achieving and maintaining maximum occupancy. The ED will ensure smooth operation of all departments within the community and generate projected bu...","elevated care and customer service, while achieving and maintaining maximum occupancy. The ED will ensure smooth operation of all departments within the community and generate projected budget objectives. *This is a 72 unit standalone Memory Care community. The ideal candidate will have senior living, long term care, or SNF experience!",Salary not specified,Full-time,https://recruiting.ultipro.com/ART1008ARTH/JobBoard/dc78aa87-cca0-413e-a32b-450fecf2bffb/OpportunityDetail?opportunityId=4d1d3b69-ce6a-4895-ac93-08a3818eb054,Artis Senior Living,https://recruiting.ultipro.com/ART1008ARTH/JobBoard/dc78aa87-cca0-413e-a32b-450fecf2bffb/?q=&o=postedDateDesc&w=&wc=&we=&wpst=,2025-07-11T01:05:20.789265,ultipro
Artis Senior Living_2558921916049985021,Life Enrichment Assistant / Activities Assistant - Part Time Weekends,Artis Senior Living,"Evesham, NJ 08053, USA",Evesham,NJ,"Life Enrichment Assistant / Activities Assistant - Part Time Weekends
Jul 9, 2025
Job Category: General
Requisition Number: LIFEE003504
Schedule: Part Time




Evesham, NJ 08053, USA





The Life Enrichment Assistant will engage residents in daily programming and entertainment. Assists the Director in the creation of activities designed to meet the individualized needs of our residents. Familiarity with Alzheimer's/Dementia, and a willingness to work with the elderly population is essential for...",Requirements not specified,$18 - $19,Part-time,https://recruiting.ultipro.com/ART1008ARTH/JobBoard/dc78aa87-cca0-413e-a32b-450fecf2bffb/OpportunityDetail?opportunityId=6deb6a5f-1ab5-4ac1-ab77-87b948e20572,Artis Senior Living,https://recruiting.ultipro.com/ART1008ARTH/JobBoard/dc78aa87-cca0-413e-a32b-450fecf2bffb/?q=&o=postedDateDesc&w=&wc=&we=&wpst=,2025-07-11T01:05:22.395308,ultipro
Artis Senior Living_6578704057812792684,Licensed Practical Nurse (LPN),Artis Senior Living,"Evesham, NJ 08053, USA",Evesham,NJ,"Licensed Practical Nurse (LPN)
Jul 9, 2025
Job Category: CHW
Requisition Number: LICEN003502
Schedule: Full Time




Evesham, NJ 08053, USA





The Coordinator of Health and Wellness, LPN will provide clinical monitoring and support for residents with Alzheimer's/Dementia. Ensures that all restorative, support and preventative measures are met in accordance with applicable state laws and regulations. Experience with Alzheimer's/Dementia or behavioral health conditions, and a willingness to work...","with Alzheimer's/Dementia or behavioral health conditions, and a willingness to work with the elderly population is essential for this role. *Starting pay is $33 / hour! *This is a full time position offering a flexible OVERNIGHT schedule, 7pm-7am. Every other weekend is required!",$33,Full-time,https://recruiting.ultipro.com/ART1008ARTH/JobBoard/dc78aa87-cca0-413e-a32b-450fecf2bffb/OpportunityDetail?opportunityId=ae928067-2365-4db5-80ca-8ea7c0f018c6,Artis Senior Living,https://recruiting.ultipro.com/ART1008ARTH/JobBoard/dc78aa87-cca0-413e-a32b-450fecf2bffb/?q=&o=postedDateDesc&w=&wc=&we=&wpst=,2025-07-11T01:05:24.071649,ultipro
Artis Senior Living_3480714405643359770,CNA - PRN / Per Diem,Artis Senior Living,"Artis Senior Living


Olney, MD 20832, USA",Olney,MD,"CNA - PRN / Per Diem
Jul 9, 2025
Job Category: Care Partner
Requisition Number: CAREG003501
Schedule: Part Time

Artis Senior Living


Olney, MD 20832, USA





The Caregiver will provide assistance with daily living activities for residents with Alzheimer's/Dementia. You may be required to respond to emergency calls and situations, document and report care provided, and transport residents to various functions or locations. Familiarity with Alzheimer's/Dementia, and a willingness to work with t...",Requirements not specified,$19 - $20,Part-time,https://recruiting.ultipro.com/ART1008ARTH/JobBoard/dc78aa87-cca0-413e-a32b-450fecf2bffb/OpportunityDetail?opportunityId=b3564c5f-520d-45e6-a60c-6251704909ab,Artis Senior Living,https://recruiting.ultipro.com/ART1008ARTH/JobBoard/dc78aa87-cca0-413e-a32b-450fecf2bffb/?q=&o=postedDateDesc&w=&wc=&we=&wpst=,2025-07-11T01:05:25.781160,ultipro
Artis Senior Living_2991691747789506209,Licensed Practical Nurse (LPN) - Part Time,Artis Senior Living,"Artis Senior Living


Olney, MD 20832, USA",Olney,MD,"Licensed Practical Nurse (LPN) - Part Time
Jul 9, 2025
Job Category: CHW
Requisition Number: LICEN003500
Schedule: Part Time

Artis Senior Living


Olney, MD 20832, USA





The Licensed Practical Nurse (LPN) will provide clinical monitoring and support for residents with Alzheimer's/Dementia. Ensures that all restorative, support and preventative measures are met in accordance with applicable state laws and regulations. Experience with Alzheimer's/Dementia or behavioral health conditions, and a...","with Alzheimer's/Dementia or behavioral health conditions, and a willingness to work with the elderly population is essential for this role. *Starting pay is $31 - $33 / hour, depending on experience! *This is a part time position offering a flexible schedule on 2nd shift (3pm-11pm) OR 3rd shift (11pm-7am). Every other weekend is required!",$31 - $33,Part-time,https://recruiting.ultipro.com/ART1008ARTH/JobBoard/dc78aa87-cca0-413e-a32b-450fecf2bffb/OpportunityDetail?opportunityId=1e751dfe-016d-4796-aec1-33f03ec9b23c,Artis Senior Living,https://recruiting.ultipro.com/ART1008ARTH/JobBoard/dc78aa87-cca0-413e-a32b-450fecf2bffb/?q=&o=postedDateDesc&w=&wc=&we=&wpst=,2025-07-11T01:05:27.301013,ultipro
Artis Senior Living_7575891300509264965,Licensed Practical Nurse (LPN),Artis Senior Living,"Artis Senior Living


Olney, MD 20832, USA",Olney,MD,"Licensed Practical Nurse (LPN)
Jul 9, 2025
Job Category: CHW
Requisition Number: LICEN003499
Schedule: Full Time

Artis Senior Living


Olney, MD 20832, USA





The Licensed Practical Nurse (LPN) will provide clinical monitoring and support for residents with Alzheimer's/Dementia. Ensures that all restorative, support and preventative measures are met in accordance with applicable state laws and regulations. Experience with Alzheimer's/Dementia or behavioral health conditions, and a willingness...","with Alzheimer's/Dementia or behavioral health conditions, and a willingness to work with the elderly population is essential for this role. *Starting pay is $31 - $33 / hour, depending on experience! *This is a full time position offering a flexible schedule on 3rd shift (11pm-7am). Every other weekend is required!",$31 - $33,Full-time,https://recruiting.ultipro.com/ART1008ARTH/JobBoard/dc78aa87-cca0-413e-a32b-450fecf2bffb/OpportunityDetail?opportunityId=84c5e59c-7ddb-450c-b0b2-57bcfcfa8d3c,Artis Senior Living,https://recruiting.ultipro.com/ART1008ARTH/JobBoard/dc78aa87-cca0-413e-a32b-450fecf2bffb/?q=&o=postedDateDesc&w=&wc=&we=&wpst=,2025-07-11T01:05:28.880624,ultipro
Artis Senior Living_8537680571213312907,Certified Medication Aide / Med Tech - Part Time,Artis Senior Living,"Artis Senior Living


Brick, NJ 08724, USA",Brick,NJ,"Certified Medication Aide / Med Tech - Part Time
Jul 8, 2025
Job Category: Care Partner
Requisition Number: CERTI003497
Schedule: Part Time

Artis Senior Living


Brick, NJ 08724, USA





The Certified Medication Aide / Med Tech will administer medications to residents and observe, record, and report, medication interactions or side effects. Will also assist residents with activities of daily living such as grooming, oral hygiene, toileting, bathing/showering, eating, etc. You may be required t...",Requirements not specified,$24,Part-time,https://recruiting.ultipro.com/ART1008ARTH/JobBoard/dc78aa87-cca0-413e-a32b-450fecf2bffb/OpportunityDetail?opportunityId=64b0fed6-d9ce-4cb5-af76-c2c3f372c57e,Artis Senior Living,https://recruiting.ultipro.com/ART1008ARTH/JobBoard/dc78aa87-cca0-413e-a32b-450fecf2bffb/?q=&o=postedDateDesc&w=&wc=&we=&wpst=,2025-07-11T01:05:30.437187,ultipro
Artis Senior Living_5542350777227658522,Licensed Practical Nurse (LPN) - Part Time / Per Diem,Artis Senior Living,"Artis Senior Living


Brick, NJ 08724, USA",Brick,NJ,"Licensed Practical Nurse (LPN) - Part Time / Per Diem
Jul 8, 2025
Job Category: CHW
Requisition Number: LICEN003496
Schedule: Part Time

Artis Senior Living


Brick, NJ 08724, USA





The LPN will provide clinical monitoring and support for residents with Alzheimer's/Dementia. Ensures that all restorative, support and preventative measures are met in accordance with applicable state laws and regulations. Experience with Alzheimer's/Dementia or behavioral health conditions, and a willingness to ...","with Alzheimer's/Dementia or behavioral health conditions, and a willingness to work with the elderly population is essential for this role. *Starting pay is $34 / hour! *This is a part time position offering a flexible schedule on 1st shift (7am-3pm) or 2nd shift (3pm-11pm)! Every other weekend is required! *PRN / Per Diem shifts also available!",$34,Part-time,https://recruiting.ultipro.com/ART1008ARTH/JobBoard/dc78aa87-cca0-413e-a32b-450fecf2bffb/OpportunityDetail?opportunityId=288faaa4-d1bd-4c52-9022-31fbf63cf694,Artis Senior Living,https://recruiting.ultipro.com/ART1008ARTH/JobBoard/dc78aa87-cca0-413e-a32b-450fecf2bffb/?q=&o=postedDateDesc&w=&wc=&we=&wpst=,2025-07-11T01:05:31.984314,ultipro
Artis Senior Living_6654347941019690860,Cook,Artis Senior Living,"Artis Senior Living


Princeton, NJ 08540, USA",Princeton,NJ,"Cook
Jul 8, 2025
Job Category: General
Requisition Number: COOK0003495
Schedule: Full Time

Artis Senior Living


Princeton, NJ 08540, USA





Are you looking for an opportunity to explore your culinary curiosity? Do you enjoy learning unique recipes and having creative freedom at work? The Cook position offers a flexible schedule, work/life balance AND room for advancement! *Starting pay is $19.50 / hour! *This is a full time position offering a Tuesday-Saturday schedule, 10:30am-6:30pm!",Requirements not specified,$19.50,Full-time,https://recruiting.ultipro.com/ART1008ARTH/JobBoard/dc78aa87-cca0-413e-a32b-450fecf2bffb/OpportunityDetail?opportunityId=fb7ef78a-0ac2-4911-be8a-951f70902ec3,Artis Senior Living,https://recruiting.ultipro.com/ART1008ARTH/JobBoard/dc78aa87-cca0-413e-a32b-450fecf2bffb/?q=&o=postedDateDesc&w=&wc=&we=&wpst=,2025-07-11T01:05:33.784698,ultipro
Artis Senior Living_4456117083152734166,Activities Assistant,Artis Senior Living,"Artis Senior Living


Eatontown, NJ 07724, USA",Eatontown,NJ,"Activities Assistant
Jul 8, 2025
Job Category: General
Requisition Number: ACTIV003494
Schedule: Full Time

Artis Senior Living


Eatontown, NJ 07724, USA





The Activities Assistant will engage residents in daily programming and entertainment. Assists the Director in the creation of activities designed to meet the individualized needs of our residents. Familiarity with Alzheimer's/Dementia, and a willingness to work with the elderly population is essential for this role.  *Starting pay is $18...",Requirements not specified,$18,Full-time,https://recruiting.ultipro.com/ART1008ARTH/JobBoard/dc78aa87-cca0-413e-a32b-450fecf2bffb/OpportunityDetail?opportunityId=6b75a24f-7927-46b1-a5c6-96bbf0709d88,Artis Senior Living,https://recruiting.ultipro.com/ART1008ARTH/JobBoard/dc78aa87-cca0-413e-a32b-450fecf2bffb/?q=&o=postedDateDesc&w=&wc=&we=&wpst=,2025-07-11T01:05:35.259564,ultipro
Artis Senior Living_6809334154531666503,Director of Business Services / Business Office Manager,Artis Senior Living,"Artis Senior Living


Woodbury, MN 55125, USA",Woodbury,MN,"Director of Business Services / Business Office Manager
Jul 7, 2025
Job Category: CHW
Requisition Number: DIREC003369
Schedule: Full Time

Artis Senior Living


Woodbury, MN 55125, USA





The Director of Business Services will manage the administrative office and functions of the community including accounts receivable, accounts payable, payroll, recruiting and onboarding, weekly/monthly reporting and manage community files. Experience within a senior living or healthcare environment, and a wi...","are a must! *Starting pay is $27 - $30 / hour, depending on experience!",$27 - $30,Full-time,https://recruiting.ultipro.com/ART1008ARTH/JobBoard/dc78aa87-cca0-413e-a32b-450fecf2bffb/OpportunityDetail?opportunityId=3badb6c4-bbec-4a6e-9b60-26789d3b5e89,Artis Senior Living,https://recruiting.ultipro.com/ART1008ARTH/JobBoard/dc78aa87-cca0-413e-a32b-450fecf2bffb/?q=&o=postedDateDesc&w=&wc=&we=&wpst=,2025-07-11T01:05:36.831193,ultipro
Artis Senior Living_4524086282542786894,Licensed Practical Nurse (LPN),Artis Senior Living,"Artis Senior Living


Princeton, NJ 08540, USA",Princeton,NJ,"Licensed Practical Nurse (LPN)
Jul 4, 2025
Job Category: CHW
Requisition Number: LICEN003493
Schedule: Full Time

Artis Senior Living


Princeton, NJ 08540, USA





The Licensed Practical Nurse (LPN) will provide clinical monitoring and support for residents with Alzheimer's/Dementia. Ensures that all restorative, support and preventative measures are met in accordance with applicable state laws and regulations. Experience with Alzheimer's/Dementia or behavioral health conditions, and a willing...","with Alzheimer's/Dementia or behavioral health conditions, and a willingness to work with the elderly population is essential for this role. *Starting pay is $35 / hour! *This is a full time position offering a flexible schedule on 1st shift (7am-3pm) OR 2nd shift (3pm-11pm)! Every other weekend is required! *Must be licensed in the State of New Jersey.",$35,Full-time,https://recruiting.ultipro.com/ART1008ARTH/JobBoard/dc78aa87-cca0-413e-a32b-450fecf2bffb/OpportunityDetail?opportunityId=ae0e1671-92bd-47ac-adb0-f3e97bb4d0ba,Artis Senior Living,https://recruiting.ultipro.com/ART1008ARTH/JobBoard/dc78aa87-cca0-413e-a32b-450fecf2bffb/?q=&o=postedDateDesc&w=&wc=&we=&wpst=,2025-07-11T01:05:38.502246,ultipro
Artis Senior Living_8493161391453989662,Licensed Practical Nurse (LPN) - PRN / Per Diem,Artis Senior Living,"Artis Senior Living | Waltham


Lexington, MA 02421, USA",Lexington,MA,"Licensed Practical Nurse (LPN) - PRN / Per Diem
Jul 4, 2025
Job Category: CHW
Requisition Number: LICEN003492
Schedule: Part Time

Artis Senior Living | Waltham


Lexington, MA 02421, USA





The LPN will provide clinical monitoring and support for residents with Alzheimer's/Dementia. Ensures that all restorative, support and preventative measures are met in accordance with applicable state laws and regulations. Experience with Alzheimer's/Dementia or behavioral health conditions, and a willing...","with Alzheimer's/Dementia or behavioral health conditions, and a willingness to work with the elderly population is essential for this role. *Starting pay is $40 / hour! *PRN / Per Diem shifts available across all shifts! 1st shift (7am-3pm), 2nd shift (3pm-11pm), OR 3rd shift (11pm-7am)!",$40,Part-time,https://recruiting.ultipro.com/ART1008ARTH/JobBoard/dc78aa87-cca0-413e-a32b-450fecf2bffb/OpportunityDetail?opportunityId=f5de72c9-68eb-454e-b5a4-2ad5241d8d2e,Artis Senior Living,https://recruiting.ultipro.com/ART1008ARTH/JobBoard/dc78aa87-cca0-413e-a32b-450fecf2bffb/?q=&o=postedDateDesc&w=&wc=&we=&wpst=,2025-07-11T01:05:40.344542,ultipro
Artis Senior Living_4858469975750839381,CNA / HHA (Home Health Aide) - Part Time / PRN,Artis Senior Living,"Artis Senior Living | Waltham


Lexington, MA 02421, USA",Lexington,MA,"CNA / HHA (Home Health Aide) - Part Time / PRN
Jul 4, 2025
Job Category: Care Partner
Requisition Number: CNAHH003491
Schedule: Part Time

Artis Senior Living | Waltham


Lexington, MA 02421, USA





The CNA will provide assistance with daily living activities for residents with Alzheimer's/Dementia. You may be required to respond to emergency calls and situations, document and report care provided, and transport residents to various functions or locations. Familiarity with Alzheimer's/Dementia...",Requirements not specified,$20,Part-time,https://recruiting.ultipro.com/ART1008ARTH/JobBoard/dc78aa87-cca0-413e-a32b-450fecf2bffb/OpportunityDetail?opportunityId=d864e02a-499a-40dc-940f-5cca359431a8,Artis Senior Living,https://recruiting.ultipro.com/ART1008ARTH/JobBoard/dc78aa87-cca0-413e-a32b-450fecf2bffb/?q=&o=postedDateDesc&w=&wc=&we=&wpst=,2025-07-11T01:05:42.065346,ultipro
Artis Senior Living_68879337882866247,CNA / CHHA - Part Time,Artis Senior Living,"Artis Senior Living


Brick, NJ 08724, USA",Brick,NJ,"CNA / CHHA - Part Time
Jul 3, 2025
Job Category: Care Partner
Requisition Number: CNACH003490
Schedule: Full Time

Artis Senior Living


Brick, NJ 08724, USA





The Care Partner, CNA / Certified Home Health Aide (CHHA) will provide assistance with daily living activities for residents with Alzheimer's/Dementia. You may be required to respond to emergency calls and situations, document and report care provided, and transport residents to various functions or locations. Familiarity with Alzheime...",Requirements not specified,$20,Full-time,https://recruiting.ultipro.com/ART1008ARTH/JobBoard/dc78aa87-cca0-413e-a32b-450fecf2bffb/OpportunityDetail?opportunityId=e79a8a88-ecd1-49d7-b2a2-48c801b4445f,Artis Senior Living,https://recruiting.ultipro.com/ART1008ARTH/JobBoard/dc78aa87-cca0-413e-a32b-450fecf2bffb/?q=&o=postedDateDesc&w=&wc=&we=&wpst=,2025-07-11T01:05:43.633715,ultipro
Artis Senior Living_7599589743491621625,Licensed Practical Nurse (LPN) - Part Time / PRN,Artis Senior Living,"Artis Senior Living


Commack, NY 11725, USA",Commack,NY,"Licensed Practical Nurse (LPN) - Part Time / PRN
Jul 3, 2025
Job Category: CHW
Requisition Number: LICEN003489
Schedule: Part Time

Artis Senior Living


Commack, NY 11725, USA





The LPN will provide clinical monitoring and support for residents with Alzheimer's/Dementia. Ensures that all restorative, support and preventative measures are met in accordance with applicable state laws and regulations. Experience with Alzheimer's/Dementia or behavioral health conditions, and a willingness to wor...","with Alzheimer's/Dementia or behavioral health conditions, and a willingness to work with the elderly population is essential for this role. *Starting pay is $35 / hour! *This is a part-time position working Sun/Mon/Tue/Thur (3pm-11pm) and Saturdays (7am-3pm)! *PRN / Per Diem shifts also available!",$35,Part-time,https://recruiting.ultipro.com/ART1008ARTH/JobBoard/dc78aa87-cca0-413e-a32b-450fecf2bffb/OpportunityDetail?opportunityId=34f855ce-aa04-416e-a564-a3d117e7c6e3,Artis Senior Living,https://recruiting.ultipro.com/ART1008ARTH/JobBoard/dc78aa87-cca0-413e-a32b-450fecf2bffb/?q=&o=postedDateDesc&w=&wc=&we=&wpst=,2025-07-11T01:05:45.329701,ultipro
Artis Senior Living_139717203409808764,"Director, Culinary Services",Artis Senior Living,"Artis Senior Living | West Shore


Lemoyne, PA 17043, USA",Lemoyne,PA,"Director, Culinary Services
Jul 3, 2025
Job Category: Culinary
Requisition Number: DIREC003488
Schedule: Full Time

Artis Senior Living | West Shore


Lemoyne, PA 17043, USA





The Director of Culinary Services will plan and supervise all aspects of culinary services ensuring a memorable experience for residents, guests and team members alike. The DCS will provide technical guidance and administrative direction over food planning, menu formulation, preparation, and serving, of regular and ther...","for residents, guests and team members alike. The DCS will provide technical guidance and administrative direction over food planning, menu formulation, preparation, and serving, of regular and therapeutic diets. *Starting pay is $30 - $32 / hour! *This is a full time, Monday-Friday position. Some evenings and weekends WILL be required to oversee special events!",$30 - $32,Full-time,https://recruiting.ultipro.com/ART1008ARTH/JobBoard/dc78aa87-cca0-413e-a32b-450fecf2bffb/OpportunityDetail?opportunityId=b34afe7b-a5c7-45db-ae23-0a223f018086,Artis Senior Living,https://recruiting.ultipro.com/ART1008ARTH/JobBoard/dc78aa87-cca0-413e-a32b-450fecf2bffb/?q=&o=postedDateDesc&w=&wc=&we=&wpst=,2025-07-11T01:05:46.960672,ultipro
Artis Senior Living_7825229018525247984,"Director of Sales, Senior Living",Artis Senior Living,"Artis Senior Living


Wilmette, IL 60091, USA",Wilmette,IL,"Director of Sales, Senior Living
Jul 3, 2025
Job Category: General
Requisition Number: DIREC003487
Schedule: Full Time

Artis Senior Living


Wilmette, IL 60091, USA





The Director, Sales and Marketing will drive internal and external sales efforts to achieve and exceed community performance goals, while continuously maximizing occupancy. *This is a full time position offering a Monday-Friday schedule, 9am-5pm! Some evenings and weekends may be required. *Senior living sales experience is req...",is required.,Salary not specified,Full-time,https://recruiting.ultipro.com/ART1008ARTH/JobBoard/dc78aa87-cca0-413e-a32b-450fecf2bffb/OpportunityDetail?opportunityId=a8cc7091-48c4-4774-8421-ef475afc836b,Artis Senior Living,https://recruiting.ultipro.com/ART1008ARTH/JobBoard/dc78aa87-cca0-413e-a32b-450fecf2bffb/?q=&o=postedDateDesc&w=&wc=&we=&wpst=,2025-07-11T01:05:48.556720,ultipro
Artis Senior Living_1123568902126805619,CNA / Home Health Aide (HHA) - Part Time,Artis Senior Living,"Artis Senior Living


Briarcliff Manor, NY 10510, USA",Briarcliff Manor,NY,"CNA / Home Health Aide (HHA) - Part Time
Jul 2, 2025
Job Category: Care Partner
Requisition Number: CNAHO003486
Schedule: Part Time

Artis Senior Living


Briarcliff Manor, NY 10510, USA





The CNA / Home Health Aide (HHA) will provide assistance with daily living activities for residents with Alzheimer's/Dementia. You may be required to respond to emergency calls and situations, document and report care provided, and transport residents to various functions or locations. Familiarity with Alzh...",! *This is a part time position offering a flexible schedule on 1st shift (7am-3pm) OR 2nd shift (3pm-11pm)! Every other weekend is required! *CNA or Home Health Aide certification is REQUIRED!,$22,Part-time,https://recruiting.ultipro.com/ART1008ARTH/JobBoard/dc78aa87-cca0-413e-a32b-450fecf2bffb/OpportunityDetail?opportunityId=fc6b9467-0c23-4911-a450-ddab8540dd58,Artis Senior Living,https://recruiting.ultipro.com/ART1008ARTH/JobBoard/dc78aa87-cca0-413e-a32b-450fecf2bffb/?q=&o=postedDateDesc&w=&wc=&we=&wpst=,2025-07-11T01:05:50.317725,ultipro
Artis Senior Living_3842712779302137159,CNA / Home Health Aide (HHA),Artis Senior Living,"Artis Senior Living


Briarcliff Manor, NY 10510, USA",Briarcliff Manor,NY,"CNA / Home Health Aide (HHA)
Jul 2, 2025
Job Category: Care Partner
Requisition Number: CNAHO003485
Schedule: Full Time

Artis Senior Living


Briarcliff Manor, NY 10510, USA





The CNA / Home Health Aide (HHA) will provide assistance with daily living activities for residents with Alzheimer's/Dementia. You may be required to respond to emergency calls and situations, document and report care provided, and transport residents to various functions or locations. Familiarity with Alzheimer's/Deme...",! *This is a full time position offering a flexible schedule on 1st shift (7am-3pm) OR 2nd shift (3pm-11pm)! Every other weekend is required! *CNA or Home Health Aide certification is REQUIRED!,$21,Full-time,https://recruiting.ultipro.com/ART1008ARTH/JobBoard/dc78aa87-cca0-413e-a32b-450fecf2bffb/OpportunityDetail?opportunityId=296af378-4d6d-4453-a214-0c83458b73ef,Artis Senior Living,https://recruiting.ultipro.com/ART1008ARTH/JobBoard/dc78aa87-cca0-413e-a32b-450fecf2bffb/?q=&o=postedDateDesc&w=&wc=&we=&wpst=,2025-07-11T01:05:51.991551,ultipro
Artis Senior Living_8380244878745202438,Life Enrichment Assistant / Activities Assistant,Artis Senior Living,"Artis Senior Living Lakeview


Chicago, IL 60657, USA",Chicago,IL,"Life Enrichment Assistant / Activities Assistant
Jul 2, 2025
Job Category: General
Requisition Number: LIFEE003484
Schedule: Full Time
Job Location Type: On-site

Artis Senior Living Lakeview


Chicago, IL 60657, USA





The Life Enrichment Assistant / Activities Assistant will engage residents in daily programming and entertainment. Assists the Director in the creation of activities designed to meet the individualized needs of our residents. Familiarity with Alzheimer's/Dementia, and a willing...",Requirements not specified,$18.50,Full-time,https://recruiting.ultipro.com/ART1008ARTH/JobBoard/dc78aa87-cca0-413e-a32b-450fecf2bffb/OpportunityDetail?opportunityId=b5311ea3-86b8-4fb1-8298-bfb4fe8d4078,Artis Senior Living,https://recruiting.ultipro.com/ART1008ARTH/JobBoard/dc78aa87-cca0-413e-a32b-450fecf2bffb/?q=&o=postedDateDesc&w=&wc=&we=&wpst=,2025-07-11T01:05:53.557535,ultipro
Artis Senior Living_3487904431232225963,Caregiver / CNA - Part Time / PRN,Artis Senior Living,"Artis Senior Living Lakeview


Chicago, IL 60657, USA",Chicago,IL,"Caregiver / CNA - Part Time / PRN
Jul 2, 2025
Job Category: Care Partner
Requisition Number: CAREG003483
Schedule: Part Time

Artis Senior Living Lakeview


Chicago, IL 60657, USA





The Caregiver / CNA will provide assistance with daily living activities for residents with Alzheimer's/Dementia. You may be required to respond to emergency calls and situations, document and report care provided, and transport residents to various functions or locations. Familiarity with Alzheimer's/Dementia, an...",Requirements not specified,$19 - $21,Part-time,https://recruiting.ultipro.com/ART1008ARTH/JobBoard/dc78aa87-cca0-413e-a32b-450fecf2bffb/OpportunityDetail?opportunityId=9c8e28ff-433d-4fb7-9421-749e02527ded,Artis Senior Living,https://recruiting.ultipro.com/ART1008ARTH/JobBoard/dc78aa87-cca0-413e-a32b-450fecf2bffb/?q=&o=postedDateDesc&w=&wc=&we=&wpst=,2025-07-11T01:05:55.179723,ultipro
Artis Senior Living_1803021304859623302,Caregiver / CNA,Artis Senior Living,"Artis Senior Living | Bridgetown


Cincinnati, OH 45248, USA",Cincinnati,OH,"Caregiver / CNA
Jul 2, 2025
Job Category: Care Partner
Requisition Number: CAREG003481
Schedule: Full Time

Artis Senior Living | Bridgetown


Cincinnati, OH 45248, USA





The Care Partner, CNA will provide assistance with daily living activities for residents with Alzheimer's/Dementia. You may be required to respond to emergency calls and situations, document and report care provided, and transport residents to various functions or locations. Familiarity with Alzheimer's/Dementia, and a willi...",Requirements not specified,$17,Full-time,https://recruiting.ultipro.com/ART1008ARTH/JobBoard/dc78aa87-cca0-413e-a32b-450fecf2bffb/OpportunityDetail?opportunityId=2ab39233-4bdb-4e97-9c82-0bd154329c39,Artis Senior Living,https://recruiting.ultipro.com/ART1008ARTH/JobBoard/dc78aa87-cca0-413e-a32b-450fecf2bffb/?q=&o=postedDateDesc&w=&wc=&we=&wpst=,2025-07-11T01:05:59.647997,ultipro
Artis Senior Living_5126969225433004678,"Director of Nursing, LPN or RN",Artis Senior Living,"Artis Senior Living


Yardley, PA 19067, USA",Yardley,PA,"Director of Nursing, LPN or RN
Jul 2, 2025
Job Category: DHW
Requisition Number: DIREC003480
Schedule: Full Time

Artis Senior Living


Yardley, PA 19067, USA





The Director of Nursing, LPN or RN will oversee operations of the Care team. Assists and supports the translation of the nursing philosophy of the community into nursing practice by participating in the planning, implementation, and evaluation of the nursing care delivery system. The Director will ensure resident needs are being met b...",Requirements not specified,Salary not specified,Full-time,https://recruiting.ultipro.com/ART1008ARTH/JobBoard/dc78aa87-cca0-413e-a32b-450fecf2bffb/OpportunityDetail?opportunityId=3967136c-94fa-49c4-99e7-cc3674bde2b4,Artis Senior Living,https://recruiting.ultipro.com/ART1008ARTH/JobBoard/dc78aa87-cca0-413e-a32b-450fecf2bffb/?q=&o=postedDateDesc&w=&wc=&we=&wpst=,2025-07-11T01:06:02.303040,ultipro
Artis Senior Living_8106277865878789474,"National Director, Sales and Marketing",Artis Senior Living,"Artis Senior Living Management


King Of Prussia, PA 19406, USA",King Of Prussia,PA,"National Director, Sales and Marketing
Jul 1, 2025
Job Category: Administration
Requisition Number: NATIO003424
Schedule: Full Time

Artis Senior Living Management


King Of Prussia, PA 19406, USA





The National Director, Sales and Marketing will provide leadership, support, and training to the Directors, Sales and Marketing within the assigned region. Working closely with the Vice President of Operations, influence positive outcomes of both internal and external sales efforts, while ensuring...","required. **This position requires extensive travel, approximately 75% across the assigned region.",Salary not specified,Full-time,https://recruiting.ultipro.com/ART1008ARTH/JobBoard/dc78aa87-cca0-413e-a32b-450fecf2bffb/OpportunityDetail?opportunityId=88a57a94-be73-4f69-a724-3c6e21879cc5,Artis Senior Living,https://recruiting.ultipro.com/ART1008ARTH/JobBoard/dc78aa87-cca0-413e-a32b-450fecf2bffb/?q=&o=postedDateDesc&w=&wc=&we=&wpst=,2025-07-11T01:06:03.819668,ultipro
Artis Senior Living_3231038921092828180,"Regional Director of Nursing, RN",Artis Senior Living,"Artis Senior Living Management


King Of Prussia, PA 19406, USA",King Of Prussia,PA,"Regional Director of Nursing, RN
Jul 1, 2025
Job Category: Administration
Requisition Number: REGIO003479
Schedule: Full Time

Artis Senior Living Management


King Of Prussia, PA 19406, USA





The Regional Director of Nursing provides leadership and oversight to assigned communities in areas of resident care, regulatory compliance, performance improvement, risk reduction, clinical and staff management, as well as state licensure survey readiness. The Regional Director of Nursing will travel t...",Requirements not specified,Salary not specified,Full-time,https://recruiting.ultipro.com/ART1008ARTH/JobBoard/dc78aa87-cca0-413e-a32b-450fecf2bffb/OpportunityDetail?opportunityId=80dd6a5e-1f76-44c6-91d2-9195e27a1beb,Artis Senior Living,https://recruiting.ultipro.com/ART1008ARTH/JobBoard/dc78aa87-cca0-413e-a32b-450fecf2bffb/?q=&o=postedDateDesc&w=&wc=&we=&wpst=,2025-07-11T01:06:05.396044,ultipro
Artis Senior Living_6866018508441700414,Cook,Artis Senior Living,"Artis Senior Living | Waltham


Lexington, MA 02421, USA",Lexington,MA,"Cook
Jun 30, 2025
Job Category: General
Requisition Number: COOK0003478
Schedule: Full Time

Artis Senior Living | Waltham


Lexington, MA 02421, USA





Are you looking for an opportunity to explore your culinary curiosity? Do you enjoy learning unique recipes and having creative freedom at work? The Cook position offers a flexible schedule, work/life balance AND room for advancement! *Starting pay is $20 / hour! *This is a full time position offering a flexible schedule, working 6am-2:30pm! S...",Requirements not specified,$20,Full-time,https://recruiting.ultipro.com/ART1008ARTH/JobBoard/dc78aa87-cca0-413e-a32b-450fecf2bffb/OpportunityDetail?opportunityId=1fc63245-c3e2-4242-babc-058c7ce4a4c8,Artis Senior Living,https://recruiting.ultipro.com/ART1008ARTH/JobBoard/dc78aa87-cca0-413e-a32b-450fecf2bffb/?q=&o=postedDateDesc&w=&wc=&we=&wpst=,2025-07-11T01:06:07.401561,ultipro
Artis Senior Living_6802778254529012252,"Executive Director, Memory Care",Artis Senior Living,"Artis Senior Living


Branford, CT 06405, USA",Branford,CT,"Executive Director, Memory Care
Jun 30, 2025
Job Category: Administration
Requisition Number: EXECU003477
Schedule: Full Time

Artis Senior Living


Branford, CT 06405, USA





The Executive Director will manage the day-to-day operations of the Community, achieving and maintaining maximum occupancy of the Community, achieving high resident/employee satisfaction, generating respect in the neighborhood for the Community, ensuring smooth operation of the Community and generating the projected budg...",Requirements not specified,Salary not specified,Full-time,https://recruiting.ultipro.com/ART1008ARTH/JobBoard/dc78aa87-cca0-413e-a32b-450fecf2bffb/OpportunityDetail?opportunityId=fa74d996-17dc-40f2-8282-44491dcc7074,Artis Senior Living,https://recruiting.ultipro.com/ART1008ARTH/JobBoard/dc78aa87-cca0-413e-a32b-450fecf2bffb/?q=&o=postedDateDesc&w=&wc=&we=&wpst=,2025-07-11T01:06:09.403044,ultipro
Artis Senior Living_8131715524839362739,CNA / Home Health Aide - Part Time / PRN,Artis Senior Living,"Artis Senior Living


Boca Raton, FL 33487, USA",Boca Raton,FL,"CNA / Home Health Aide - Part Time / PRN
Jun 30, 2025
Job Category: Care Partner
Requisition Number: CNAHO003476
Schedule: Part Time

Artis Senior Living


Boca Raton, FL 33487, USA





The CNA / Home Health Aide (HHA) will provide assistance with daily living activities for residents with Alzheimer's/Dementia. You may be required to respond to emergency calls and situations, document and report care provided, and transport residents to various functions or locations. Familiarity with Alzheimer...",Requirements not specified,$16,Part-time,https://recruiting.ultipro.com/ART1008ARTH/JobBoard/dc78aa87-cca0-413e-a32b-450fecf2bffb/OpportunityDetail?opportunityId=425d8155-5b75-4cd9-b034-41652ccf9961,Artis Senior Living,https://recruiting.ultipro.com/ART1008ARTH/JobBoard/dc78aa87-cca0-413e-a32b-450fecf2bffb/?q=&o=postedDateDesc&w=&wc=&we=&wpst=,2025-07-11T01:06:11.107698,ultipro
Artis Senior Living_4575026476821976229,Licensed Practical Nurse (LPN) - PRN / Per Diem,Artis Senior Living,"Artis Senior Living Lakeview


Chicago, IL 60657, USA",Chicago,IL,"Licensed Practical Nurse (LPN) - PRN / Per Diem
Jun 28, 2025
Job Category: CHW
Requisition Number: LICEN003474
Schedule: Part Time

Artis Senior Living Lakeview


Chicago, IL 60657, USA





The Licensed Practical Nurse (LPN) will provide clinical monitoring and support for residents with Alzheimer's/Dementia. Ensures that all restorative, support and preventative measures are met in accordance with applicable state laws and regulations. Experience with Alzheimer's/Dementia or behavioral health ...","with Alzheimer's/Dementia or behavioral health conditions, and a willingness to work with the elderly population is essential for this role. *New grads welcome to",$32 - $35,Part-time,https://recruiting.ultipro.com/ART1008ARTH/JobBoard/dc78aa87-cca0-413e-a32b-450fecf2bffb/OpportunityDetail?opportunityId=3956515d-6244-4b60-9178-68df346a443f,Artis Senior Living,https://recruiting.ultipro.com/ART1008ARTH/JobBoard/dc78aa87-cca0-413e-a32b-450fecf2bffb/?q=&o=postedDateDesc&w=&wc=&we=&wpst=,2025-07-11T01:06:13.126584,ultipro
Artis Senior Living_5070076167225331966,Licensed Practical Nurse (LPN) - Part Time / PRN,Artis Senior Living,"Artis Senior Living


Spring Valley, NY 10977, USA",Spring Valley,NY,"Licensed Practical Nurse (LPN) - Part Time / PRN
Jun 27, 2025
Job Category: CHW
Requisition Number: LICEN003473
Schedule: Part Time

Artis Senior Living


Spring Valley, NY 10977, USA





The Licensed Practical Nurse (LPN) will provide clinical monitoring and support for residents with Alzheimer's/Dementia. Ensures that all restorative, support and preventative measures are met in accordance with applicable state laws and regulations. Experience with Alzheimer's/Dementia or behavioral health co...","with Alzheimer's/Dementia or behavioral health conditions, and a willingness to work with the elderly population is essential for this role. *Starting pay is $34 / hour! *This is a part time position offering 12 hour shifts, 6am-6pm, OR 6pm-6am. Every other weekend is required! *PRN shifts also available!",$34,Part-time,https://recruiting.ultipro.com/ART1008ARTH/JobBoard/dc78aa87-cca0-413e-a32b-450fecf2bffb/OpportunityDetail?opportunityId=9620cda1-f59f-47d1-aa98-8ccb5619c873,Artis Senior Living,https://recruiting.ultipro.com/ART1008ARTH/JobBoard/dc78aa87-cca0-413e-a32b-450fecf2bffb/?q=&o=postedDateDesc&w=&wc=&we=&wpst=,2025-07-11T01:06:15.397503,ultipro
Artis Senior Living_1728958436745223430,Home Health Aide (HHA) - Part Time / PRN,Artis Senior Living,"Artis Senior Living


Spring Valley, NY 10977, USA",Spring Valley,NY,"Home Health Aide (HHA) - Part Time / PRN
Jun 27, 2025
Job Category: Care Partner
Requisition Number: HOMEH003471
Schedule: Part Time

Artis Senior Living


Spring Valley, NY 10977, USA





The Home Health Aide (HHA) will provide assistance with daily living activities for residents with Alzheimer's/Dementia. You may be required to respond to emergency calls and situations, document and report care provided, and transport residents to various functions or locations. Familiarity with Alzheimer's/...",Requirements not specified,$18,Part-time,https://recruiting.ultipro.com/ART1008ARTH/JobBoard/dc78aa87-cca0-413e-a32b-450fecf2bffb/OpportunityDetail?opportunityId=6c0772ca-0034-4018-b9cd-9951ec80b318,Artis Senior Living,https://recruiting.ultipro.com/ART1008ARTH/JobBoard/dc78aa87-cca0-413e-a32b-450fecf2bffb/?q=&o=postedDateDesc&w=&wc=&we=&wpst=,2025-07-11T01:06:17.481486,ultipro
Artis Senior Living_511508006950365264,Licensed Practical Nurse (LPN) - Part Time,Artis Senior Living,"Artis Senior Living


Huntingdon Valley, PA 19006, USA",Huntingdon Valley,PA,"Licensed Practical Nurse (LPN) - Part Time
Jun 27, 2025
Job Category: CHW
Requisition Number: LICEN003469
Schedule: Part Time

Artis Senior Living


Huntingdon Valley, PA 19006, USA





The Licensed Practical Nurse (LPN) will provide clinical monitoring and support for residents with Alzheimer's/Dementia. Ensures that all restorative, support and preventative measures are met in accordance with applicable state laws and regulations. Experience with Alzheimer's/Dementia or behavioral health cond...","with Alzheimer's/Dementia or behavioral health conditions, and a willingness to work with the elderly population is essential for this role. *Starting pay is $30 / hour! *This is a part time position offering 12 hour shifts, 7am-7pm, OR 7pm-7am! Every other weekend is required!",$30,Part-time,https://recruiting.ultipro.com/ART1008ARTH/JobBoard/dc78aa87-cca0-413e-a32b-450fecf2bffb/OpportunityDetail?opportunityId=4086700f-25d1-4fe8-ac34-5f588e9cf45e,Artis Senior Living,https://recruiting.ultipro.com/ART1008ARTH/JobBoard/dc78aa87-cca0-413e-a32b-450fecf2bffb/?q=&o=postedDateDesc&w=&wc=&we=&wpst=,2025-07-11T01:06:19.664460,ultipro
Artis Senior Living_2422964560151618828,Licensed Practical Nurse (LPN),Artis Senior Living,"Artis Senior Living


Huntingdon Valley, PA 19006, USA",Huntingdon Valley,PA,"Licensed Practical Nurse (LPN)
Jun 27, 2025
Job Category: CHW
Requisition Number: LICEN003468
Schedule: Full Time

Artis Senior Living


Huntingdon Valley, PA 19006, USA





The Licensed Practical Nurse (LPN) will provide clinical monitoring and support for residents with Alzheimer's/Dementia. Ensures that all restorative, support and preventative measures are met in accordance with applicable state laws and regulations. Experience with Alzheimer's/Dementia or behavioral health conditions, and ...","with Alzheimer's/Dementia or behavioral health conditions, and a willingness to work with the elderly population is essential for this role. *Starting pay is $30 / hour! *This is a full time position offering 12 hour shifts, 7am-7pm, OR 7pm-7am! Every other weekend is required!",$30,Full-time,https://recruiting.ultipro.com/ART1008ARTH/JobBoard/dc78aa87-cca0-413e-a32b-450fecf2bffb/OpportunityDetail?opportunityId=9ad20268-34c0-413e-b166-17985e7da0bf,Artis Senior Living,https://recruiting.ultipro.com/ART1008ARTH/JobBoard/dc78aa87-cca0-413e-a32b-450fecf2bffb/?q=&o=postedDateDesc&w=&wc=&we=&wpst=,2025-07-11T01:06:21.357782,ultipro
Artis Senior Living_2598780332592066221,Home Health Aide (HHA),Artis Senior Living,"Artis Senior Living


Spring Valley, NY 10977, USA",Spring Valley,NY,"Home Health Aide (HHA)
Jun 27, 2025
Job Category: Care Partner
Requisition Number: HOMEH003467
Schedule: Full Time

Artis Senior Living


Spring Valley, NY 10977, USA





The Home Health Aide (HHA) will provide assistance with daily living activities for residents with Alzheimer's/Dementia. You may be required to respond to emergency calls and situations, document and report care provided, and transport residents to various functions or locations. Familiarity with Alzheimer's/Dementia, and a wi...",Requirements not specified,$18,Full-time,https://recruiting.ultipro.com/ART1008ARTH/JobBoard/dc78aa87-cca0-413e-a32b-450fecf2bffb/OpportunityDetail?opportunityId=cb7cb487-b738-4c2a-803b-eab384630de4,Artis Senior Living,https://recruiting.ultipro.com/ART1008ARTH/JobBoard/dc78aa87-cca0-413e-a32b-450fecf2bffb/?q=&o=postedDateDesc&w=&wc=&we=&wpst=,2025-07-11T01:06:22.859127,ultipro
Artis Senior Living_4378035563640545954,CNA / HHA (Home Health Aide),Artis Senior Living,"Artis Senior Living | Waltham


Lexington, MA 02421, USA",Lexington,MA,"CNA / HHA (Home Health Aide)
Jun 25, 2025
Job Category: Care Partner
Requisition Number: CNAHH003464
Schedule: Full Time

Artis Senior Living | Waltham


Lexington, MA 02421, USA





The CNA will provide assistance with daily living activities for residents with Alzheimer's/Dementia. You may be required to respond to emergency calls and situations, document and report care provided, and transport residents to various functions or locations. Familiarity with Alzheimer's/Dementia, and a willingne...",Requirements not specified,$20,Full-time,https://recruiting.ultipro.com/ART1008ARTH/JobBoard/dc78aa87-cca0-413e-a32b-450fecf2bffb/OpportunityDetail?opportunityId=2117e9e8-35ba-4e81-8518-179c6dc25d89,Artis Senior Living,https://recruiting.ultipro.com/ART1008ARTH/JobBoard/dc78aa87-cca0-413e-a32b-450fecf2bffb/?q=&o=postedDateDesc&w=&wc=&we=&wpst=,2025-07-11T01:06:24.472366,ultipro
Artis Senior Living_3355986419218194344,Concierge / Front Desk,Artis Senior Living,"Artis Senior Living


Boca Raton, FL 33487, USA",Boca Raton,FL,"Concierge / Front Desk
Jun 24, 2025
Job Category: CHW
Requisition Number: CONCI003463
Schedule: Full Time

Artis Senior Living


Boca Raton, FL 33487, USA





The Concierge will manage the reception area and provide administrative support for the Business Office, Marketing, and the Executive Director. The Concierge will answer telephones promptly and professionally, direct calls to the appropriate team, greet incoming guests, accept deliveries, and provide administrative support for business se...",Requirements not specified,$15,Full-time,https://recruiting.ultipro.com/ART1008ARTH/JobBoard/dc78aa87-cca0-413e-a32b-450fecf2bffb/OpportunityDetail?opportunityId=f5382ba0-f4f3-4ceb-bfff-89802326a838,Artis Senior Living,https://recruiting.ultipro.com/ART1008ARTH/JobBoard/dc78aa87-cca0-413e-a32b-450fecf2bffb/?q=&o=postedDateDesc&w=&wc=&we=&wpst=,2025-07-11T01:06:26.142024,ultipro
Artis Senior Living_2670363884543174153,Cook,Artis Senior Living,"Evesham, NJ 08053, USA",Evesham,NJ,"Cook
Jun 24, 2025
Job Category: General
Requisition Number: COOK0003461
Schedule: Full Time




Evesham, NJ 08053, USA





Are you looking for an opportunity to explore your culinary curiosity? Do you enjoy learning unique recipes and having creative freedom at work? The Cook position offers a flexible schedule, work/life balance AND room for advancement! *Starting pay is $18 / hour! *This is a full time position offering a day time schedule. Every other weekend is required!",Requirements not specified,$18,Full-time,https://recruiting.ultipro.com/ART1008ARTH/JobBoard/dc78aa87-cca0-413e-a32b-450fecf2bffb/OpportunityDetail?opportunityId=690546a2-0c1c-4d8e-823d-53292d42d968,Artis Senior Living,https://recruiting.ultipro.com/ART1008ARTH/JobBoard/dc78aa87-cca0-413e-a32b-450fecf2bffb/?q=&o=postedDateDesc&w=&wc=&we=&wpst=,2025-07-11T01:06:27.743828,ultipro
Artis Senior Living_2076042592318221436,Cook,Artis Senior Living,"Artis Senior Living


Briarcliff Manor, NY 10510, USA",Briarcliff Manor,NY,"Cook
Jun 23, 2025
Job Category: General
Requisition Number: COOK0003374
Schedule: Full Time

Artis Senior Living


Briarcliff Manor, NY 10510, USA





Are you looking for an opportunity to explore your culinary curiosity? Do you enjoy learning unique recipes and having creative freedom at work? The Cook position offers a flexible schedule, work/life balance AND room for advancement! *Starting pay is $22 / hour! *This is a full time position offering a flexible day time schedule! Some weekends a...",Requirements not specified,$22,Full-time,https://recruiting.ultipro.com/ART1008ARTH/JobBoard/dc78aa87-cca0-413e-a32b-450fecf2bffb/OpportunityDetail?opportunityId=e4ade823-7b47-48d0-9ff6-5fdcf7b4a3cb,Artis Senior Living,https://recruiting.ultipro.com/ART1008ARTH/JobBoard/dc78aa87-cca0-413e-a32b-450fecf2bffb/?q=&o=postedDateDesc&w=&wc=&we=&wpst=,2025-07-11T01:06:29.560814,ultipro
Artis Senior Living_6532892297015984991,Licensed Practical Nurse (LPN),Artis Senior Living,"Artis Senior Living | Waltham


Lexington, MA 02421, USA",Lexington,MA,"Licensed Practical Nurse (LPN)
Jun 23, 2025
Job Category: CHW
Requisition Number: LICEN003460
Schedule: Full Time

Artis Senior Living | Waltham


Lexington, MA 02421, USA





The LPN will provide clinical monitoring and support for residents with Alzheimer's/Dementia. Ensures that all restorative, support and preventative measures are met in accordance with applicable state laws and regulations. Experience with Alzheimer's/Dementia or behavioral health conditions, and a willingness to work wit...","with Alzheimer's/Dementia or behavioral health conditions, and a willingness to work with the elderly population is essential for this role. *Starting pay is $40 / hour! *This is a full-time position offering a flexible schedule on 1st shift (7am-3pm) OR 2nd shift (3pm-11pm). Every other weekend is required!",$40,Full-time,https://recruiting.ultipro.com/ART1008ARTH/JobBoard/dc78aa87-cca0-413e-a32b-450fecf2bffb/OpportunityDetail?opportunityId=024e99ab-2635-4969-9ddb-2bed25d9e59f,Artis Senior Living,https://recruiting.ultipro.com/ART1008ARTH/JobBoard/dc78aa87-cca0-413e-a32b-450fecf2bffb/?q=&o=postedDateDesc&w=&wc=&we=&wpst=,2025-07-11T01:06:31.318545,ultipro
Artis Senior Living_5500280412716702237,Licensed Practical Nurse (LPN),Artis Senior Living,"Artis Senior Living | Potomac


Bethesda, MD 20817, USA",Bethesda,MD,"Licensed Practical Nurse (LPN)
Jun 22, 2025
Job Category: CHW
Requisition Number: LICEN003459
Schedule: Full Time

Artis Senior Living | Potomac


Bethesda, MD 20817, USA





The Licensed Practical Nurse (LPN) will provide clinical monitoring and support for residents with Alzheimer's/Dementia. Ensures that all restorative, support and preventative measures are met in accordance with applicable state laws and regulations. Experience with Alzheimer's/Dementia or behavioral health conditions, and...","with Alzheimer's/Dementia or behavioral health conditions, and a willingness to work with the elderly population is essential for this role. *Starting pay is $32 / hour! *This is a full time position offering a flexible schedule working 12 hour shifts, 7pm-7am! Every other weekend is required!",$32,Full-time,https://recruiting.ultipro.com/ART1008ARTH/JobBoard/dc78aa87-cca0-413e-a32b-450fecf2bffb/OpportunityDetail?opportunityId=05027b46-9a4d-4c4d-b894-f07f903eb31d,Artis Senior Living,https://recruiting.ultipro.com/ART1008ARTH/JobBoard/dc78aa87-cca0-413e-a32b-450fecf2bffb/?q=&o=postedDateDesc&w=&wc=&we=&wpst=,2025-07-11T01:06:33.052561,ultipro
Artis Senior Living_6189775901639744241,Licensed Practical Nurse (LPN) - Part Time,Artis Senior Living,"Artis Senior Living | Potomac


Bethesda, MD 20817, USA",Bethesda,MD,"Licensed Practical Nurse (LPN) - Part Time
Jun 22, 2025
Job Category: CHW
Requisition Number: LICEN003458
Schedule: Part Time

Artis Senior Living | Potomac


Bethesda, MD 20817, USA





The Licensed Practical Nurse (LPN) will provide clinical monitoring and support for residents with Alzheimer's/Dementia. Ensures that all restorative, support and preventative measures are met in accordance with applicable state laws and regulations. Experience with Alzheimer's/Dementia or behavioral health con...","with Alzheimer's/Dementia or behavioral health conditions, and a willingness to work with the elderly population is essential for this role. *Starting pay is $32 / hour! *This is a part time position offering a flexible schedule working 12 hour shifts, 7pm-7am! Every other weekend is required!",$32,Part-time,https://recruiting.ultipro.com/ART1008ARTH/JobBoard/dc78aa87-cca0-413e-a32b-450fecf2bffb/OpportunityDetail?opportunityId=a862332f-bdfe-4cbd-a1f1-8413419fab72,Artis Senior Living,https://recruiting.ultipro.com/ART1008ARTH/JobBoard/dc78aa87-cca0-413e-a32b-450fecf2bffb/?q=&o=postedDateDesc&w=&wc=&we=&wpst=,2025-07-11T01:06:34.585598,ultipro
Artis Senior Living_9183880100770463013,CNA - Part Time / PRN,Artis Senior Living,"Artis Senior Living | Potomac


Bethesda, MD 20817, USA",Bethesda,MD,"CNA - Part Time / PRN
Jun 22, 2025
Job Category: Care Partner
Requisition Number: CNAPA003457
Schedule: Part Time

Artis Senior Living | Potomac


Bethesda, MD 20817, USA





The CNA will provide assistance with daily living activities for residents with Alzheimer's/Dementia. You may be required to respond to emergency calls and situations, document and report care provided, and transport residents to various functions or locations. Familiarity with Alzheimer's/Dementia, and a willingness to wo...",Requirements not specified,$20,Part-time,https://recruiting.ultipro.com/ART1008ARTH/JobBoard/dc78aa87-cca0-413e-a32b-450fecf2bffb/OpportunityDetail?opportunityId=3f0f496e-9cda-4165-ae4d-c55c266198fd,Artis Senior Living,https://recruiting.ultipro.com/ART1008ARTH/JobBoard/dc78aa87-cca0-413e-a32b-450fecf2bffb/?q=&o=postedDateDesc&w=&wc=&we=&wpst=,2025-07-11T01:06:36.215135,ultipro
Maplewood Senior Living_5361120722656737629,Nursing Assistant / Caregiver / STNA Full Time 3p-11p,Maplewood Senior Living,"Cuyahoga Falls, OH 44223, USA",Cuyahoga Falls,OH,"Nursing Assistant / Caregiver / STNA Full Time 3p-11p
Jul 10, 2025
Job Category: Resident Care/Healthcare
Requisition Number: NURSI011560
Schedule: Full Time




Cuyahoga Falls, OH 44223, USA





The Nursing Assistant plays an integral role in providing exceptional care and service to our residents in need of dedicated hands on assistance based on the individual resident service plan.",Requirements not specified,Salary not specified,Full-time,https://recruiting.ultipro.com/MAP1003/JobBoard/51997001-de38-2b3c-51f7-8dfc3b02a5dd/OpportunityDetail?opportunityId=8fead11f-baaa-4d06-95a1-87982822c27a,Maplewood Senior Living,https://recruiting.ultipro.com/MAP1003/JobBoard/51997001-de38-2b3c-51f7-8dfc3b02a5dd/?q=&o=postedDateDesc&w=&wc=&we=&wpst=,2025-07-11T01:15:46.090863,ultipro
Maplewood Senior Living_5290330099610126506,Nursing Assistant / Caregiver / STNA Per Diem,Maplewood Senior Living,"Cuyahoga Falls, OH 44223, USA",Cuyahoga Falls,OH,"Nursing Assistant / Caregiver / STNA Per Diem
Jul 10, 2025
Job Category: Resident Care/Healthcare
Requisition Number: NURSI011724
Schedule: Part Time




Cuyahoga Falls, OH 44223, USA





The Resident Services Associate provides service and care to each resident based on the individual resident’s service plan. Maplewood at Cuyahoga Falls, 190 West Bath Rd Cuyahoga Falls, OH Maplewood Senior Living is a state-of-the-art, forward-thinking senior living provider offering a home-like, luxury enviro...",Requirements not specified,Salary not specified,Full-time,https://recruiting.ultipro.com/MAP1003/JobBoard/51997001-de38-2b3c-51f7-8dfc3b02a5dd/OpportunityDetail?opportunityId=17892c11-0a10-4aa8-ae26-518a09226d55,Maplewood Senior Living,https://recruiting.ultipro.com/MAP1003/JobBoard/51997001-de38-2b3c-51f7-8dfc3b02a5dd/?q=&o=postedDateDesc&w=&wc=&we=&wpst=,2025-07-11T01:15:48.094377,ultipro
Maplewood Senior Living_4668238335354976721,Medical Records Support/Unit Secretary,Maplewood Senior Living,"Mayflower SNF


West Yarmouth, MA 02673, USA",West Yarmouth,MA,"Medical Records Support/Unit Secretary
Jul 10, 2025
Job Category: Administration/Customer Services
Requisition Number: MEDIC011860
Schedule: Full Time

Mayflower SNF


West Yarmouth, MA 02673, USA





As a Medical Records Specialist at our skilled nursing facility, you will play a crucial role in managing and maintaining accurate and up-to-date medical records for our residents. Your primary responsibility will be to ensure that all medical documentation is organized, complete, and adheres to t...",. We offer: ✦ Competitive wages ✦ Flexible shifts ✦ Bonus & incentive programs ✦ Paid training ✦ Growth opportunities ✦ 401k match Maplewood at Mayflower Place Skilled Nursing & Rehab Center,Salary not specified,Full-time,https://recruiting.ultipro.com/MAP1003/JobBoard/51997001-de38-2b3c-51f7-8dfc3b02a5dd/OpportunityDetail?opportunityId=2322ba4a-31cf-4d9b-a45b-9b78a65a7fd3,Maplewood Senior Living,https://recruiting.ultipro.com/MAP1003/JobBoard/51997001-de38-2b3c-51f7-8dfc3b02a5dd/?q=&o=postedDateDesc&w=&wc=&we=&wpst=,2025-07-11T01:15:50.444570,ultipro
Maplewood Senior Living_100302724855933834,Executive Director - Senior Living,Maplewood Senior Living,"West Yarmouth, MA 02673, MA 02673, USA",West Yarmouth,MA,"Executive Director - Senior Living
Jul 9, 2025
Job Category: Management
Requisition Number: EXECU011861
Schedule: Full Time
Job Location Type: On-site




West Yarmouth, MA 02673, MA 02673, USA





The Executive Director is responsible for the day-to-day operations of the community including the planning, development, implementation, evaluation and improvement of program services, management of staff and the delivery of high-quality service to the residents and their families. The Executive Dir...",Requirements not specified,Salary not specified,Full-time,https://recruiting.ultipro.com/MAP1003/JobBoard/51997001-de38-2b3c-51f7-8dfc3b02a5dd/OpportunityDetail?opportunityId=0b15c02f-b59e-4525-885a-fc29faa181a2,Maplewood Senior Living,https://recruiting.ultipro.com/MAP1003/JobBoard/51997001-de38-2b3c-51f7-8dfc3b02a5dd/?q=&o=postedDateDesc&w=&wc=&we=&wpst=,2025-07-11T01:15:51.882088,ultipro
Maplewood Senior Living_536074064183911833,Concierge - Part Time,Maplewood Senior Living,"West Yarmouth, MA 02673, MA 02673, USA",West Yarmouth,MA,"Concierge - Part Time
Jul 9, 2025
Job Category: Administration/Customer Services
Requisition Number: CONCI011783
Schedule: Part Time




West Yarmouth, MA 02673, MA 02673, USA





The Concierge serves as an ambassador to the community and supports the Business Office Manager in meeting his/her responsibility for overall administration of the community. All responsibilities will be conducted in a manner that is consistent with the Maplewood Community philosophy.",Requirements not specified,Salary not specified,Part-time,https://recruiting.ultipro.com/MAP1003/JobBoard/51997001-de38-2b3c-51f7-8dfc3b02a5dd/OpportunityDetail?opportunityId=fb7a9409-4384-408d-8a5f-b4ce05a37a4d,Maplewood Senior Living,https://recruiting.ultipro.com/MAP1003/JobBoard/51997001-de38-2b3c-51f7-8dfc3b02a5dd/?q=&o=postedDateDesc&w=&wc=&we=&wpst=,2025-07-11T01:15:53.342852,ultipro
Maplewood Senior Living_3046828920157549689,LPN Wellness Nurse Part Time 4p-9p,Maplewood Senior Living,"Bethel, CT 06801, USA",Bethel,CT,"LPN Wellness Nurse Part Time 4p-9p
Jul 9, 2025
Job Category: Resident Care/Healthcare
Requisition Number: LPNWE011859
Schedule: Part Time




Bethel, CT 06801, USA





The Licensed Practical Nurse (LPN) assists and supports the Resident Services Director with the overall implementation, delivery, and coordination of nursing services in the community. Maplewood at Stony Hill, in Bethel, is hiring Practical Nurses (LPNs) for the Part Time 4p-9p shift. We offer ✦ Competitive wages ✦ Flexible shift...",Requirements not specified,Salary not specified,Part-time,https://recruiting.ultipro.com/MAP1003/JobBoard/51997001-de38-2b3c-51f7-8dfc3b02a5dd/OpportunityDetail?opportunityId=9b707969-b821-4c4a-a3d4-112953b57ecd,Maplewood Senior Living,https://recruiting.ultipro.com/MAP1003/JobBoard/51997001-de38-2b3c-51f7-8dfc3b02a5dd/?q=&o=postedDateDesc&w=&wc=&we=&wpst=,2025-07-11T01:15:54.944280,ultipro
Maplewood Senior Living_4505841986640023112,Certified Nursing Assistant / CNA / HHA Part Time,Maplewood Senior Living,"West Yarmouth, MA 02673, MA 02673, USA",West Yarmouth,MA,"Certified Nursing Assistant / CNA / HHA Part Time
Jul 9, 2025
Job Category: Resident Care/Healthcare
Requisition Number: CERTI011857
Schedule: Part Time




West Yarmouth, MA 02673, MA 02673, USA





The Certified Nursing Assistant plays an integral role in providing exceptional care and service to our residents in need of dedicated hands-on assistance. Valid Massachusetts Nurse’s Aide Registration Required. Part Time 11p-7a shift with rotating weekend availability. We offer: ✦ Competitive wage...",Requirements not specified,Salary not specified,Full-time,https://recruiting.ultipro.com/MAP1003/JobBoard/51997001-de38-2b3c-51f7-8dfc3b02a5dd/OpportunityDetail?opportunityId=e51a8ba5-f67e-4620-9648-d7b594e49a4e,Maplewood Senior Living,https://recruiting.ultipro.com/MAP1003/JobBoard/51997001-de38-2b3c-51f7-8dfc3b02a5dd/?q=&o=postedDateDesc&w=&wc=&we=&wpst=,2025-07-11T01:15:56.406924,ultipro
Maplewood Senior Living_4189476268573943969,Nursing Assistant / Caregiver - Part Time 11p-7a,Maplewood Senior Living,"Chardon, OH 44024, USA",Chardon,OH,"Nursing Assistant / Caregiver - Part Time 11p-7a
Jul 9, 2025
Job Category: Resident Care/Healthcare
Requisition Number: NURSI011854
Schedule: Part Time




Chardon, OH 44024, USA





The Nursing Assistant plays an integral role in providing exceptional care and service to our residents in need of dedicated hands on assistance based on the individual resident service plan.",Requirements not specified,Salary not specified,Part-time,https://recruiting.ultipro.com/MAP1003/JobBoard/51997001-de38-2b3c-51f7-8dfc3b02a5dd/OpportunityDetail?opportunityId=82108592-8d2a-4848-ac75-c933cb79c573,Maplewood Senior Living,https://recruiting.ultipro.com/MAP1003/JobBoard/51997001-de38-2b3c-51f7-8dfc3b02a5dd/?q=&o=postedDateDesc&w=&wc=&we=&wpst=,2025-07-11T01:15:58.189629,ultipro
Maplewood Senior Living_5013227702275606947,Resident Service Designee (Assistant Director of Nursing) RN,Maplewood Senior Living,"Plainsboro, NJ 08536, USA",Plainsboro,NJ,"Resident Service Designee (Assistant Director of Nursing) RN
Jul 9, 2025
Job Category: Resident Care/Healthcare
Requisition Number: RESID011855
Schedule: Full Time
Job Location Type: On-site




Plainsboro, NJ 08536, USA





The Resident Service Designee supports the Director of Nursing in the administration of the nursing services. Must be an RN, licensed to practice in the state of New Jersey, with a minimum one-year experience in assisted living or home care.",in assisted living or home care.,Salary not specified,Full-time,https://recruiting.ultipro.com/MAP1003/JobBoard/51997001-de38-2b3c-51f7-8dfc3b02a5dd/OpportunityDetail?opportunityId=9bfc4100-9947-40ef-b94d-57cd69d75d6c,Maplewood Senior Living,https://recruiting.ultipro.com/MAP1003/JobBoard/51997001-de38-2b3c-51f7-8dfc3b02a5dd/?q=&o=postedDateDesc&w=&wc=&we=&wpst=,2025-07-11T01:15:59.883906,ultipro
Maplewood Senior Living_1518517247197876151,Nursing Assistant / Caregiver / STNA Part Time 7a-3p,Maplewood Senior Living,"Twinsburg, OH 44087, USA",Twinsburg,OH,"Nursing Assistant / Caregiver / STNA Part Time 7a-3p
Jul 8, 2025
Job Category: Resident Care/Healthcare
Requisition Number: NURSI011842
Schedule: Part Time
Job Location Type: On-site




Twinsburg, OH 44087, USA





The Nursing Assistant plays an integral role in providing exceptional care and service to our residents in need of dedicated hands on assistance based on the individual resident service plan. Maplewood Senior Living, an innovative, forward-thinking senior living provider, strives to...",Requirements not specified,Salary not specified,Part-time,https://recruiting.ultipro.com/MAP1003/JobBoard/51997001-de38-2b3c-51f7-8dfc3b02a5dd/OpportunityDetail?opportunityId=96a93c79-4b34-4e68-a23a-3c23503c4a5b,Maplewood Senior Living,https://recruiting.ultipro.com/MAP1003/JobBoard/51997001-de38-2b3c-51f7-8dfc3b02a5dd/?q=&o=postedDateDesc&w=&wc=&we=&wpst=,2025-07-11T01:16:01.349186,ultipro
Maplewood Senior Living_9116496826663754585,Nursing Assistant / Caregiver / STNA Full Time 11p-7a,Maplewood Senior Living,"Twinsburg, OH 44087, USA",Twinsburg,OH,"Nursing Assistant / Caregiver / STNA Full Time 11p-7a
Jul 8, 2025
Job Category: Resident Care/Healthcare
Requisition Number: NURSI011846
Schedule: Part Time
Job Location Type: On-site




Twinsburg, OH 44087, USA





The Nursing Assistant plays an integral role in providing exceptional care and service to our residents in need of dedicated hands on assistance based on the individual resident service plan. Maplewood Senior Living, an innovative, forward-thinking senior living provider, strives t...",Requirements not specified,Salary not specified,Full-time,https://recruiting.ultipro.com/MAP1003/JobBoard/51997001-de38-2b3c-51f7-8dfc3b02a5dd/OpportunityDetail?opportunityId=aa68320a-39c8-432a-a138-62c8dfe31fce,Maplewood Senior Living,https://recruiting.ultipro.com/MAP1003/JobBoard/51997001-de38-2b3c-51f7-8dfc3b02a5dd/?q=&o=postedDateDesc&w=&wc=&we=&wpst=,2025-07-11T01:16:03.069780,ultipro
Maplewood Senior Living_8537966795982646113,Certified Nursing Assistant (CNA) - Full Time 7a-3p,Maplewood Senior Living,"Bethel, CT 06801, USA",Bethel,CT,"Certified Nursing Assistant (CNA) - Full Time 7a-3p
Jul 8, 2025
Job Category: Resident Care/Healthcare
Requisition Number: CERTI011849
Schedule: Full Time




Bethel, CT 06801, USA





Plays an integral role in providing exceptional care and service to our residents in need of dedicated hands on assistance. *Current CT Certified Nursing Assistant License Required* Maplewood at Stony Hill, in Bethel, is hiring Certified Nursing Assistants (CNA). Offering premium pay for experience and talent! Co...","and talent! Conveniently located on Route 6 in Bethel, only 4 miles from Danbury Center, Maplewood at Stony Hill is on the public bus line (HART Bus 2 from Danbury).",Salary not specified,Full-time,https://recruiting.ultipro.com/MAP1003/JobBoard/51997001-de38-2b3c-51f7-8dfc3b02a5dd/OpportunityDetail?opportunityId=75fcd1f4-3663-4a65-b8ed-dc3c748c0c51,Maplewood Senior Living,https://recruiting.ultipro.com/MAP1003/JobBoard/51997001-de38-2b3c-51f7-8dfc3b02a5dd/?q=&o=postedDateDesc&w=&wc=&we=&wpst=,2025-07-11T01:16:04.712795,ultipro
Maplewood Senior Living_7650979740055305818,Certified Nursing Assistant (CNA) - Part Time 3p-11p,Maplewood Senior Living,"Bethel, CT 06801, USA",Bethel,CT,"Certified Nursing Assistant (CNA) - Part Time 3p-11p
Jul 8, 2025
Job Category: Resident Care/Healthcare
Requisition Number: CERTI011702
Schedule: Part Time




Bethel, CT 06801, USA





Plays an integral role in providing exceptional care and service to our residents in need of dedicated hands on assistance. *Current CT Certified Nursing Assistant License Required* Maplewood at Stony Hill, in Bethel, is hiring Certified Nursing Assistants (CNA). Offering premium pay for experience and talent! C...","and talent! Conveniently located on Route 6 in Bethel, only 4 miles from Danbury Center, Maplewood at Stony Hill is on the public bus line (HART Bus 2 from Danbury).",Salary not specified,Part-time,https://recruiting.ultipro.com/MAP1003/JobBoard/51997001-de38-2b3c-51f7-8dfc3b02a5dd/OpportunityDetail?opportunityId=772dc39f-70e4-48c6-85e2-c7149184a77b,Maplewood Senior Living,https://recruiting.ultipro.com/MAP1003/JobBoard/51997001-de38-2b3c-51f7-8dfc3b02a5dd/?q=&o=postedDateDesc&w=&wc=&we=&wpst=,2025-07-11T01:16:06.444457,ultipro
Maplewood Senior Living_2390616825337722648,Nursing Assistant / Caregiver / STNA Part Time 3p-11p,Maplewood Senior Living,"Chardon, OH 44024, USA",Chardon,OH,"Nursing Assistant / Caregiver / STNA Part Time 3p-11p
Jul 7, 2025
Job Category: Resident Care/Healthcare
Requisition Number: NURSI011839
Schedule: Part Time
Job Location Type: On-site




Chardon, OH 44024, USA





The Nursing Assistant plays an integral role in providing exceptional care and service to our residents in need of dedicated hands on assistance based on the individual resident service plan.",Requirements not specified,Salary not specified,Part-time,https://recruiting.ultipro.com/MAP1003/JobBoard/51997001-de38-2b3c-51f7-8dfc3b02a5dd/OpportunityDetail?opportunityId=6b1769dc-d7de-4d49-a534-0d4febf9735b,Maplewood Senior Living,https://recruiting.ultipro.com/MAP1003/JobBoard/51997001-de38-2b3c-51f7-8dfc3b02a5dd/?q=&o=postedDateDesc&w=&wc=&we=&wpst=,2025-07-11T01:16:08.421980,ultipro
Maplewood Senior Living_301851348486639220,Nursing Assistant / Caregiver / STNA Full Time 3p-11p,Maplewood Senior Living,"Chardon, OH 44024, USA",Chardon,OH,"Nursing Assistant / Caregiver / STNA Full Time 3p-11p
Jul 7, 2025
Job Category: Resident Care/Healthcare
Requisition Number: NURSI011837
Schedule: Full Time
Job Location Type: On-site




Chardon, OH 44024, USA





The Nursing Assistant plays an integral role in providing exceptional care and service to our residents in need of dedicated hands on assistance based on the individual resident service plan.",Requirements not specified,Salary not specified,Full-time,https://recruiting.ultipro.com/MAP1003/JobBoard/51997001-de38-2b3c-51f7-8dfc3b02a5dd/OpportunityDetail?opportunityId=441dfa1e-3f60-474d-99a2-8f97e9042625,Maplewood Senior Living,https://recruiting.ultipro.com/MAP1003/JobBoard/51997001-de38-2b3c-51f7-8dfc3b02a5dd/?q=&o=postedDateDesc&w=&wc=&we=&wpst=,2025-07-11T01:16:10.265347,ultipro
Maplewood Senior Living_2269992662852799753,Certified Nursing Assistant (CNA) - Part Time 11p-7a,Maplewood Senior Living,"Bethel, CT 06801, USA",Bethel,CT,"Certified Nursing Assistant (CNA) - Part Time 11p-7a
Jul 7, 2025
Job Category: Resident Care/Healthcare
Requisition Number: CERTI011835
Schedule: Part Time




Bethel, CT 06801, USA





Plays an integral role in providing exceptional care and service to our residents in need of dedicated hands on assistance. *Current CT Certified Nursing Assistant License Required* Maplewood at Stony Hill, in Bethel, is hiring Certified Nursing Assistants (CNA). Offering premium pay for experience and talent! C...","and talent! Conveniently located on Route 6 in Bethel, only 4 miles from Danbury Center, Maplewood at Stony Hill is on the public bus line (HART Bus 2 from Danbury).",Salary not specified,Part-time,https://recruiting.ultipro.com/MAP1003/JobBoard/51997001-de38-2b3c-51f7-8dfc3b02a5dd/OpportunityDetail?opportunityId=69c0d50a-4449-4d62-9769-99b58781dd33,Maplewood Senior Living,https://recruiting.ultipro.com/MAP1003/JobBoard/51997001-de38-2b3c-51f7-8dfc3b02a5dd/?q=&o=postedDateDesc&w=&wc=&we=&wpst=,2025-07-11T01:16:13.535175,ultipro
Maplewood Senior Living_2123674953145686162,Human Resources Generalist,Maplewood Senior Living,"Cuyahoga Falls, OH 44223, USA",Cuyahoga Falls,OH,"Human Resources Generalist
Jul 7, 2025
Job Category: Human Resources
Requisition Number: COMMU011817
Schedule: Full Time




Cuyahoga Falls, OH 44223, USA





The Human Resources Generalist plays a critical role in leading the day-to-day operations of the human resources function within the community with the goal of reducing turnover and improving associate satisfaction. This role is responsible for overseeing HR activities, ensuring alignment with company policies and fostering a positive wor...",Requirements not specified,Salary not specified,Full-time,https://recruiting.ultipro.com/MAP1003/JobBoard/51997001-de38-2b3c-51f7-8dfc3b02a5dd/OpportunityDetail?opportunityId=590d5669-727a-41a1-a1ac-70c1373577d3,Maplewood Senior Living,https://recruiting.ultipro.com/MAP1003/JobBoard/51997001-de38-2b3c-51f7-8dfc3b02a5dd/?q=&o=postedDateDesc&w=&wc=&we=&wpst=,2025-07-11T01:16:15.258243,ultipro
Maplewood Senior Living_3041126132733263820,LPN Wellness Nurse Part Time 3p-11p,Maplewood Senior Living,"Bethel, CT 06801, USA",Bethel,CT,"LPN Wellness Nurse Part Time 3p-11p
Jul 7, 2025
Job Category: Resident Care/Healthcare
Requisition Number: LPNWE011827
Schedule: Part Time




Bethel, CT 06801, USA





The Licensed Practical Nurse (LPN) assists and supports the Resident Services Director with the overall implementation, delivery, and coordination of nursing services in the community. Maplewood at Stony Hill, in Bethel, is hiring Practical Nurses (LPNs) for the 7a - 3p per-diem shift including one weekend a month. We offer ✦ Co...",Requirements not specified,Salary not specified,Part-time,https://recruiting.ultipro.com/MAP1003/JobBoard/51997001-de38-2b3c-51f7-8dfc3b02a5dd/OpportunityDetail?opportunityId=92c252fb-5fe1-4278-8c98-334c588cb0b6,Maplewood Senior Living,https://recruiting.ultipro.com/MAP1003/JobBoard/51997001-de38-2b3c-51f7-8dfc3b02a5dd/?q=&o=postedDateDesc&w=&wc=&we=&wpst=,2025-07-11T01:16:17.482769,ultipro
Maplewood Senior Living_5892914203430708853,Certified Nursing Assistant (CNA) - Part Time 7a-3p,Maplewood Senior Living,"Bethel, CT 06801, USA",Bethel,CT,"Certified Nursing Assistant (CNA) - Part Time 7a-3p
Jul 7, 2025
Job Category: Resident Care/Healthcare
Requisition Number: CERTI011834
Schedule: Part Time




Bethel, CT 06801, USA





Plays an integral role in providing exceptional care and service to our residents in need of dedicated hands on assistance. *Current CT Certified Nursing Assistant License Required* Maplewood at Stony Hill, in Bethel, is hiring Certified Nursing Assistants (CNA). Offering premium pay for experience and talent! Co...","and talent! Conveniently located on Route 6 in Bethel, only 4 miles from Danbury Center, Maplewood at Stony Hill is on the public bus line (HART Bus 2 from Danbury).",Salary not specified,Part-time,https://recruiting.ultipro.com/MAP1003/JobBoard/51997001-de38-2b3c-51f7-8dfc3b02a5dd/OpportunityDetail?opportunityId=1bd1a7a8-e7c5-41dd-bc96-91a3024837c5,Maplewood Senior Living,https://recruiting.ultipro.com/MAP1003/JobBoard/51997001-de38-2b3c-51f7-8dfc3b02a5dd/?q=&o=postedDateDesc&w=&wc=&we=&wpst=,2025-07-11T01:16:19.292922,ultipro
Maplewood Senior Living_1508672226202879975,LPN Wellness Nurse Per Diem,Maplewood Senior Living,"Bethel, CT 06801, USA",Bethel,CT,"LPN Wellness Nurse Per Diem
Jul 7, 2025
Job Category: Resident Care/Healthcare
Requisition Number: LPNWE011828
Schedule: Part Time




Bethel, CT 06801, USA





The Licensed Practical Nurse (LPN) assists and supports the Resident Services Director with the overall implementation, delivery, and coordination of nursing services in the community. Maplewood at Stony Hill, in Bethel, is hiring Practical Nurses (LPNs) for the 7a - 3p per-diem shift including one weekend a month. We offer ✦ Competitiv...",Requirements not specified,Salary not specified,Part-time,https://recruiting.ultipro.com/MAP1003/JobBoard/51997001-de38-2b3c-51f7-8dfc3b02a5dd/OpportunityDetail?opportunityId=45b2c91d-52fc-466c-b9ca-313163bd8e22,Maplewood Senior Living,https://recruiting.ultipro.com/MAP1003/JobBoard/51997001-de38-2b3c-51f7-8dfc3b02a5dd/?q=&o=postedDateDesc&w=&wc=&we=&wpst=,2025-07-11T01:16:20.827175,ultipro
Maplewood Senior Living_4696535112371026398,Certified Nursing Assistant (CNA) Part Time 11pm - 7am,Maplewood Senior Living,"Plainsboro, NJ 08536, USA",Plainsboro,NJ,"Certified Nursing Assistant (CNA) Part Time 11pm - 7am
Jul 7, 2025
Job Category: Resident Care/Healthcare
Requisition Number: CERTI011829
Schedule: Part Time




Plainsboro, NJ 08536, USA





We are seeking a compassionate and dedicated Certified Nurse Assistant (CNA) to join our team. As a CNA, you will play a vital role in providing exceptional care to residents, assisting with daily activities and ensuring their comfort and well-being.",Requirements not specified,Salary not specified,Part-time,https://recruiting.ultipro.com/MAP1003/JobBoard/51997001-de38-2b3c-51f7-8dfc3b02a5dd/OpportunityDetail?opportunityId=a0065aa3-30c1-42e0-83c5-bc5ab09bf703,Maplewood Senior Living,https://recruiting.ultipro.com/MAP1003/JobBoard/51997001-de38-2b3c-51f7-8dfc3b02a5dd/?q=&o=postedDateDesc&w=&wc=&we=&wpst=,2025-07-11T01:16:22.434073,ultipro
Maplewood Senior Living_8416603029034153011,Licensed Practical Nurse LPN - Per Diem,Maplewood Senior Living,"Newtown, CT 06470, USA",Newtown,CT,"Licensed Practical Nurse LPN - Per Diem
Jul 7, 2025
Job Category: Resident Care/Healthcare
Requisition Number: LICEN011832
Schedule: Full Time




Newtown, CT 06470, USA





Maplewood at Newtown is hiring Licensed Practical Nurses (LPN) Part time/ Per Diem shifts. The Licensed Practical Nurse (LPN) assists and supports the Resident Services Director with the overall implementation, delivery, and coordination of nursing services in the community. *Must be a Licensed Practical Nurse currently lic...",Requirements not specified,Salary not specified,Full-time,https://recruiting.ultipro.com/MAP1003/JobBoard/51997001-de38-2b3c-51f7-8dfc3b02a5dd/OpportunityDetail?opportunityId=68ee5b5f-bfd4-4d86-9c7e-d0b3a96dea52,Maplewood Senior Living,https://recruiting.ultipro.com/MAP1003/JobBoard/51997001-de38-2b3c-51f7-8dfc3b02a5dd/?q=&o=postedDateDesc&w=&wc=&we=&wpst=,2025-07-11T01:16:24.193657,ultipro
Maplewood Senior Living_6922739391254263469,Community HR Director,Maplewood Senior Living,"Chardon, OH 44024, USA",Chardon,OH,"Community HR Director
Jul 3, 2025
Job Category: Human Resources
Requisition Number: COMMU011821
Schedule: Full Time




Chardon, OH 44024, USA





The Community HR Director plays a critical role in leading the day-to-day operations of the human resources function within the community with the goal of reducing turnover and improving associate satisfaction. This role is responsible for overseeing HR activities, ensuring alignment with company policies and fostering a positive work environment. Ke...",Requirements not specified,Salary not specified,Full-time,https://recruiting.ultipro.com/MAP1003/JobBoard/51997001-de38-2b3c-51f7-8dfc3b02a5dd/OpportunityDetail?opportunityId=f5cc0b30-8f4c-444b-b75b-1338465e6889,Maplewood Senior Living,https://recruiting.ultipro.com/MAP1003/JobBoard/51997001-de38-2b3c-51f7-8dfc3b02a5dd/?q=&o=postedDateDesc&w=&wc=&we=&wpst=,2025-07-11T01:16:25.668933,ultipro
Maplewood Senior Living_946177985298770977,Maintenance Assistant,Maplewood Senior Living,"Cuyahoga Falls, OH 44223, USA",Cuyahoga Falls,OH,"Maintenance Assistant
Jul 3, 2025
Job Category: Plant Operations
Requisition Number: MAINT011814
Schedule: Full Time




Cuyahoga Falls, OH 44223, USA





The Maintenance Assistant is responsible the general operating maintenance, repair and housekeeping of the residence and the community’s physical plant to maintain proper operations of the residence. The Maintenance Assistant is also responsible for communication and helps coordinate the necessary tasks to accomplish repairs and alterations t...",Requirements not specified,Salary not specified,Full-time,https://recruiting.ultipro.com/MAP1003/JobBoard/51997001-de38-2b3c-51f7-8dfc3b02a5dd/OpportunityDetail?opportunityId=aa5417b3-88df-4a2f-9925-3adf92e76a6c,Maplewood Senior Living,https://recruiting.ultipro.com/MAP1003/JobBoard/51997001-de38-2b3c-51f7-8dfc3b02a5dd/?q=&o=postedDateDesc&w=&wc=&we=&wpst=,2025-07-11T01:16:27.296198,ultipro
Maplewood Senior Living_446689997245620727,Lifestyle Assistant - Part Time,Maplewood Senior Living,"Southport, CT 06890, USA",Southport,CT,"Lifestyle Assistant - Part Time
Jul 3, 2025
Job Category: Resident Care/Healthcare
Requisition Number: LIFES011820
Schedule: Part Time
Job Location Type: On-site




Southport, CT 06890, USA





The Lifestyle Assistant is responsible for implementation of all programs and ensuring that it is therapeutic to the residents and maximizes their quality of life. Maplewood Senior Living offers a full range of social, physical, cognitive, emotional, spiritual and purposeful programs to meet overall wel...",Requirements not specified,Salary not specified,Part-time,https://recruiting.ultipro.com/MAP1003/JobBoard/51997001-de38-2b3c-51f7-8dfc3b02a5dd/OpportunityDetail?opportunityId=9311747d-6f3c-4e76-87dc-708a75540566,Maplewood Senior Living,https://recruiting.ultipro.com/MAP1003/JobBoard/51997001-de38-2b3c-51f7-8dfc3b02a5dd/?q=&o=postedDateDesc&w=&wc=&we=&wpst=,2025-07-11T01:16:29.447978,ultipro
Maplewood Senior Living_5850004496579629105,Cook - Per Diem,Maplewood Senior Living,"Bethel, CT 06801, USA",Bethel,CT,"Cook - Per Diem
Jul 2, 2025
Job Category: Dining Services
Requisition Number: COOKF010061
Schedule: Part Time




Bethel, CT 06801, USA





Maplewood at Stony Hill is hiring a Per Diem Cook/Chef. The Cook works directly with the Culinary Service Director and plays an integral role in planning/delivering an outstanding dining experience for our residents and guests. We offer: ✦ Competitive wages ✦ Flexible shifts ✦ Paid training & uniforms ✦ Bonus & incentives ✦ Growth opportunities Conveniently...","for our residents and guests. We offer: ✦ Competitive wages ✦ Flexible shifts ✦ Paid training & uniforms ✦ Bonus & incentives ✦ Growth opportunities Conveniently located on Route 6 in Bethel, only 4 miles from Danbury Center, Maplewood at Stony Hill is on the public bus line (HART Bus 2 from Danbury).",Salary not specified,Part-time,https://recruiting.ultipro.com/MAP1003/JobBoard/51997001-de38-2b3c-51f7-8dfc3b02a5dd/OpportunityDetail?opportunityId=df501dcc-e7da-4ae1-baaa-eb732985abef,Maplewood Senior Living,https://recruiting.ultipro.com/MAP1003/JobBoard/51997001-de38-2b3c-51f7-8dfc3b02a5dd/?q=&o=postedDateDesc&w=&wc=&we=&wpst=,2025-07-11T01:16:32.814934,ultipro
Maplewood Senior Living_4948553530100336451,Server - Part Time,Maplewood Senior Living,"Danbury, CT 06810, USA",Danbury,CT,"Server - Part Time
Jul 2, 2025
Job Category: Dining Services
Requisition Number: SERVE011573
Schedule: Part Time




Danbury, CT 06810, USA





The Server is responsible for assisting in the set-up, service and cleaning of the dining room. Maplewood Senior Living, an innovative, forward-thinking senior living provider, strives to inspire our associates to learn, develop, and succeed. As we continue to grow, we are seeking devoted and caring Servers to become part of our family.",Requirements not specified,Salary not specified,Part-time,https://recruiting.ultipro.com/MAP1003/JobBoard/51997001-de38-2b3c-51f7-8dfc3b02a5dd/OpportunityDetail?opportunityId=669baae5-ade2-4167-8574-88476117de8d,Maplewood Senior Living,https://recruiting.ultipro.com/MAP1003/JobBoard/51997001-de38-2b3c-51f7-8dfc3b02a5dd/?q=&o=postedDateDesc&w=&wc=&we=&wpst=,2025-07-11T01:16:36.053952,ultipro
Maplewood Senior Living_5980122510035940067,Cook - Per Diem,Maplewood Senior Living,"Norwalk, CT 06855, USA",Norwalk,CT,"Cook - Per Diem
Jul 2, 2025
Job Category: Dining Services
Requisition Number: COOKP011810
Schedule: Part Time




Norwalk, CT 06855, USA





Maplewood Senior Living, an innovative, forward-thinking senior living provider, strives to inspire our associates to learn, develop, and succeed. As we continue to grow, we are seeking a devoted and caring Cook to become part of our family. Join us and explore a rewarding career where you can make a difference in the lives of seniors every day. We offer t...",Requirements not specified,Salary not specified,Part-time,https://recruiting.ultipro.com/MAP1003/JobBoard/51997001-de38-2b3c-51f7-8dfc3b02a5dd/OpportunityDetail?opportunityId=964ed400-b354-41b6-9df8-9483956587c8,Maplewood Senior Living,https://recruiting.ultipro.com/MAP1003/JobBoard/51997001-de38-2b3c-51f7-8dfc3b02a5dd/?q=&o=postedDateDesc&w=&wc=&we=&wpst=,2025-07-11T01:16:37.644434,ultipro
Maplewood Senior Living_6367743946000664665,Server - Part Time,Maplewood Senior Living,"Orange, CT 06477, USA",Orange,CT,"Server - Part Time
Jul 2, 2025
Job Category: Dining Services
Requisition Number: SERVE011813
Schedule: Part Time




Orange, CT 06477, USA





The Server is responsible for assisting in the set-up, service and cleaning of the dining room. Maplewood Senior Living, an innovative, forward-thinking senior living provider, strives to inspire our associates to learn, develop, and succeed. Maplewood at Orange is hiring Part Time Servers with flexible schedules and rotating weekend availability for PT ...",Requirements not specified,Salary not specified,Part-time,https://recruiting.ultipro.com/MAP1003/JobBoard/51997001-de38-2b3c-51f7-8dfc3b02a5dd/OpportunityDetail?opportunityId=ef04cae3-430b-4b06-8bb1-f3f26496030c,Maplewood Senior Living,https://recruiting.ultipro.com/MAP1003/JobBoard/51997001-de38-2b3c-51f7-8dfc3b02a5dd/?q=&o=postedDateDesc&w=&wc=&we=&wpst=,2025-07-11T01:16:40.348639,ultipro
Maplewood Senior Living_2108067005066114713,Memory Care Director,Maplewood Senior Living,"Darien, CT 06820, USA",Darien,CT,"Memory Care Director
Jul 1, 2025
Job Category: Administration/Customer Services
Requisition Number: MEMOR011809
Schedule: Full Time
Job Location Type: On-site




Darien, CT 06820, USA





Maplewood at Darien is currently hiring a full time Memory Care Director position. Maplewood offers a comprehensive benefits package for full time employees including medical, dental, and more including paid time-off and a 401k plan. Maplewood at Darien 599 Boston Post Road Darien, CT 06820",Requirements not specified,Salary not specified,Full-time,https://recruiting.ultipro.com/MAP1003/JobBoard/51997001-de38-2b3c-51f7-8dfc3b02a5dd/OpportunityDetail?opportunityId=d8cfa981-c85f-4134-9882-55720042244f,Maplewood Senior Living,https://recruiting.ultipro.com/MAP1003/JobBoard/51997001-de38-2b3c-51f7-8dfc3b02a5dd/?q=&o=postedDateDesc&w=&wc=&we=&wpst=,2025-07-11T01:16:42.237435,ultipro
Maplewood Senior Living_1380088356240404703,Certified Nursing Assistant (CNA) Per Diem 7am - 3pm & 11p - 7am,Maplewood Senior Living,"Norwalk, CT 06855, USA",Norwalk,CT,"Certified Nursing Assistant (CNA) Per Diem 7am - 3pm & 11p - 7am
Jul 1, 2025
Job Category: Resident Care/Healthcare
Requisition Number: CERTI011811
Schedule: Part Time
Job Location Type: On-site




Norwalk, CT 06855, USA





Maplewood Senior Living, an innovative, forward-thinking senior living provider, strives to inspire our associates to learn, develop, and succeed. Maplewood at Strawberry Hill, in East Norwalk, is hiring Certified Nursing Assistants (CNA) for all shifts. The Certified Nurs...",Requirements not specified,Salary not specified,Part-time,https://recruiting.ultipro.com/MAP1003/JobBoard/51997001-de38-2b3c-51f7-8dfc3b02a5dd/OpportunityDetail?opportunityId=645c35d1-4a35-43ee-b64c-76725c4f85af,Maplewood Senior Living,https://recruiting.ultipro.com/MAP1003/JobBoard/51997001-de38-2b3c-51f7-8dfc3b02a5dd/?q=&o=postedDateDesc&w=&wc=&we=&wpst=,2025-07-11T01:16:43.880789,ultipro
Maplewood Senior Living_7756912379905147162,Dishwasher - Part Time,Maplewood Senior Living,"Danbury, CT 06810, USA",Danbury,CT,"Dishwasher - Part Time
Jul 1, 2025
Job Category: Dining Services
Requisition Number: DISHW011807
Schedule: Part Time




Danbury, CT 06810, USA





The Dishwasher performs a variety of food service functions in maintaining clean and sanitary conditions of food services, facilities, and equipment. S (he) is responsible for the removal of all garbage, leaving machinery empty, clean and dry and floors clean after each meal. Dishwasher: Part-time, flexible shifts, Luxury Senior Living Maplewood Sen...",Requirements not specified,Salary not specified,Part-time,https://recruiting.ultipro.com/MAP1003/JobBoard/51997001-de38-2b3c-51f7-8dfc3b02a5dd/OpportunityDetail?opportunityId=883b916a-0e95-4b04-906f-140ac1ac7960,Maplewood Senior Living,https://recruiting.ultipro.com/MAP1003/JobBoard/51997001-de38-2b3c-51f7-8dfc3b02a5dd/?q=&o=postedDateDesc&w=&wc=&we=&wpst=,2025-07-11T01:16:45.893470,ultipro
Maplewood Senior Living_2692075402251359402,Certified Nursing Assistant / CNA / HHA - Full Time 7a-3p,Maplewood Senior Living,"West Yarmouth, MA 02673, MA 02673, USA",West Yarmouth,MA,"Certified Nursing Assistant / CNA / HHA - Full Time 7a-3p
Jul 1, 2025
Job Category: Resident Care/Healthcare
Requisition Number: CERTI011805
Schedule: Full Time




West Yarmouth, MA 02673, MA 02673, USA





The Certified Nursing Assistant plays an integral role in providing exceptional care and service to our residents in need of dedicated hands-on assistance. Valid Massachusetts Nurse’s Aide Registration Required. Full Time with rotating weekend availability.",Requirements not specified,Salary not specified,Full-time,https://recruiting.ultipro.com/MAP1003/JobBoard/51997001-de38-2b3c-51f7-8dfc3b02a5dd/OpportunityDetail?opportunityId=2ebd440a-dd89-4aeb-80dd-28874f8782b1,Maplewood Senior Living,https://recruiting.ultipro.com/MAP1003/JobBoard/51997001-de38-2b3c-51f7-8dfc3b02a5dd/?q=&o=postedDateDesc&w=&wc=&we=&wpst=,2025-07-11T01:16:47.661637,ultipro
Maplewood Senior Living_9004433312306009921,Certified Nursing Assistant / CNA / HHA - Full Time,Maplewood Senior Living,"West Yarmouth, MA 02673, MA 02673, USA",West Yarmouth,MA,"Certified Nursing Assistant / CNA / HHA - Full Time
Jul 1, 2025
Job Category: Resident Care/Healthcare
Requisition Number: CERTI011806
Schedule: Full Time




West Yarmouth, MA 02673, MA 02673, USA





The Certified Nursing Assistant plays an integral role in providing exceptional care and service to our residents in need of dedicated hands-on assistance. Valid Massachusetts Nurse’s Aide Registration Required. Full Time with rotating weekend availability.",Requirements not specified,Salary not specified,Full-time,https://recruiting.ultipro.com/MAP1003/JobBoard/51997001-de38-2b3c-51f7-8dfc3b02a5dd/OpportunityDetail?opportunityId=ec458260-6fc1-4915-9cda-6fb5913e0c88,Maplewood Senior Living,https://recruiting.ultipro.com/MAP1003/JobBoard/51997001-de38-2b3c-51f7-8dfc3b02a5dd/?q=&o=postedDateDesc&w=&wc=&we=&wpst=,2025-07-11T01:16:49.317115,ultipro
Maplewood Senior Living_1996684633269138864,Certified Nursing Assistant/CNA Full Time 7a-3p,Maplewood Senior Living,"Mayflower SNF


West Yarmouth, MA 02673, USA",West Yarmouth,MA,"Certified Nursing Assistant/CNA Full Time 7a-3p
Jul 1, 2025
Job Category: Resident Care/Healthcare
Requisition Number: CERTI011801
Schedule: Full Time

Mayflower SNF


West Yarmouth, MA 02673, USA





The Certified Nursing Assistant (CNA) in our Skilled Nursing & Rehab Center plays an integral role in providing exceptional care and service to our residents in need of dedicated hands-on assistance. Current Massachusetts's Nurse’s Aide License Required. The starting rate for this position is $25 ...","ed Nursing & Rehab Center plays an integral role in providing exceptional care and service to our residents in need of dedicated hands-on assistance. Current Massachusetts's Nurse’s Aide License Required. The starting rate for this position is $25 with shift differentials. The rate will depend on shift, day of the week, location, experience, and prior tenure with Maplewood/Inspir Carnegie Hill.",$25,Full-time,https://recruiting.ultipro.com/MAP1003/JobBoard/51997001-de38-2b3c-51f7-8dfc3b02a5dd/OpportunityDetail?opportunityId=91b9708b-2574-44cd-84e1-6c4b02cd6bfa,Maplewood Senior Living,https://recruiting.ultipro.com/MAP1003/JobBoard/51997001-de38-2b3c-51f7-8dfc3b02a5dd/?q=&o=postedDateDesc&w=&wc=&we=&wpst=,2025-07-11T01:16:51.388413,ultipro
Maplewood Senior Living_5649436815689195087,Director of Community Relations,Maplewood Senior Living,"Cuyahoga Falls, OH 44223, USA",Cuyahoga Falls,OH,"Director of Community Relations
Jun 30, 2025
Job Category: Sales/Leasing
Requisition Number: DIREC011800
Schedule: Full Time




Cuyahoga Falls, OH 44223, USA





The Community Relations Director is responsible for achieving maximum occupancy and total revenue potential of the community by attracting qualified prospects to the community and converting those prospects into residents. Manage and cultivate the sales and marketing plan, leads and database and the move-in process in its entirety.",Requirements not specified,Salary not specified,Full-time,https://recruiting.ultipro.com/MAP1003/JobBoard/51997001-de38-2b3c-51f7-8dfc3b02a5dd/OpportunityDetail?opportunityId=248a81af-3ff6-4281-9bda-475d70ceca7c,Maplewood Senior Living,https://recruiting.ultipro.com/MAP1003/JobBoard/51997001-de38-2b3c-51f7-8dfc3b02a5dd/?q=&o=postedDateDesc&w=&wc=&we=&wpst=,2025-07-11T01:16:53.518336,ultipro
Maplewood Senior Living_486504970689081519,LPN Wellness Nurse - Part Time 4p-8p,Maplewood Senior Living,"Southport, CT 06890, USA",Southport,CT,"LPN Wellness Nurse - Part Time 4p-8p
Jun 30, 2025
Job Category: Resident Care/Healthcare
Requisition Number: LPNWE011795
Schedule: Part Time
Job Location Type: On-site




Southport, CT 06890, USA





Summary: The Resident Services Nurse (Licensed Practical Nurse) is responsible for assisting the Resident Services Director with the overall implementation, delivery, and coordination of Resident Care Services at the Community.",Requirements not specified,Salary not specified,Part-time,https://recruiting.ultipro.com/MAP1003/JobBoard/51997001-de38-2b3c-51f7-8dfc3b02a5dd/OpportunityDetail?opportunityId=ea4a7358-6a34-4957-992a-313bd4a58b57,Maplewood Senior Living,https://recruiting.ultipro.com/MAP1003/JobBoard/51997001-de38-2b3c-51f7-8dfc3b02a5dd/?q=&o=postedDateDesc&w=&wc=&we=&wpst=,2025-07-11T01:16:55.496677,ultipro
Maplewood Senior Living_6007616783103058460,Licensed Practical Nurse / LPN Full Time: 7a-3p,Maplewood Senior Living,"Danbury, CT 06810, USA",Danbury,CT,"Licensed Practical Nurse / LPN Full Time: 7a-3p
Jun 30, 2025
Job Category: Resident Care/Healthcare
Requisition Number: LICEN011793
Schedule: Full Time




Danbury, CT 06810, USA





The Licensed Practical Nurse (LPN) assists and supports the Resident Services Director with the overall implementation, delivery, and coordination of nursing services in the community. **Must be a Licensed Practical Nurse currently licensed to practice in the State of Connecticut.",Requirements not specified,Salary not specified,Full-time,https://recruiting.ultipro.com/MAP1003/JobBoard/51997001-de38-2b3c-51f7-8dfc3b02a5dd/OpportunityDetail?opportunityId=f612df98-24f0-43a1-a508-0b824bb7bd99,Maplewood Senior Living,https://recruiting.ultipro.com/MAP1003/JobBoard/51997001-de38-2b3c-51f7-8dfc3b02a5dd/?q=&o=postedDateDesc&w=&wc=&we=&wpst=,2025-07-11T01:16:57.121705,ultipro
Maplewood Senior Living_3363690056339100603,Licensed Practical Nurse / LPN Part Time 11p-7a,Maplewood Senior Living,"Danbury, CT 06810, USA",Danbury,CT,"Licensed Practical Nurse / LPN Part Time 11p-7a
Jun 27, 2025
Job Category: Resident Care/Healthcare
Requisition Number: LICEN010342
Schedule: Part Time




Danbury, CT 06810, USA





The Licensed Practical Nurse (LPN) assists and supports the Resident Services Director with the overall implementation, delivery, and coordination of nursing services in the community. **Must be a Licensed Practical Nurse currently licensed to practice in the State of Connecticut. Immediate need on 3p - 11p.",Requirements not specified,Salary not specified,Part-time,https://recruiting.ultipro.com/MAP1003/JobBoard/51997001-de38-2b3c-51f7-8dfc3b02a5dd/OpportunityDetail?opportunityId=e4148523-293e-4f98-86d9-3a508aac719a,Maplewood Senior Living,https://recruiting.ultipro.com/MAP1003/JobBoard/51997001-de38-2b3c-51f7-8dfc3b02a5dd/?q=&o=postedDateDesc&w=&wc=&we=&wpst=,2025-07-11T01:17:00.558966,ultipro
Integritus Healthcare_5579564446217428293,HOUSEKEEPER,Integritus Healthcare,"Day Brook Nursing Center


Holyoke, MA 01040, USA",Holyoke,MA,"HOUSEKEEPER
Jul 10, 2025
Job Category: Operations Group
Requisition Number: HOUSE003192
Schedule: Part Time
Job Location Type: On-site

Day Brook Nursing Center


Holyoke, MA 01040, USA





Clean resident rooms and other areas of the nursing facility as instructed by the supervisor.",Requirements not specified,Salary not specified,Part-time,https://recruiting.ultipro.com/BER1002BHCS/JobBoard/ab6dd2ae-e2f4-4e5a-9d54-ba5e47b6291f/OpportunityDetail?opportunityId=1a3888c2-79a8-4931-9af2-129e7684ad41,Integritus Healthcare,https://recruiting.ultipro.com/BER1002BHCS/JobBoard/ab6dd2ae-e2f4-4e5a-9d54-ba5e47b6291f/?q=&o=postedDateDesc,2025-07-11T02:39:41.807091,ultipro
Integritus Healthcare_3518617883489085728,ACTIVITIES AIDE,Integritus Healthcare,"Bourne Manor


Bourne, Town of, MA 02532, USA",Town of,MA,"ACTIVITIES AIDE
Jul 10, 2025
Job Category: Administration Group
Requisition Number: ACTIV003191
Schedule: Part Time

Bourne Manor


Bourne, Town of, MA 02532, USA





Great opportunity to get paid to have fun! Activities Aides help to encourage socialization, provide entertainment, lead groups and more! Training is provided. Activities Aides help to encourage socialization, provide entertainment, relaxation and fulfillment, and improve daily living skills.",Requirements not specified,Salary not specified,Part-time,https://recruiting.ultipro.com/BER1002BHCS/JobBoard/ab6dd2ae-e2f4-4e5a-9d54-ba5e47b6291f/OpportunityDetail?opportunityId=0c36d172-d2f9-47dc-a673-bb492453f649,Integritus Healthcare,https://recruiting.ultipro.com/BER1002BHCS/JobBoard/ab6dd2ae-e2f4-4e5a-9d54-ba5e47b6291f/?q=&o=postedDateDesc,2025-07-11T02:39:43.592631,ultipro
Integritus Healthcare_6336294396718100821,RN Weekend Coordinator,Integritus Healthcare,"Pioneer Valley Hospice


Greenfield, MA 01301, USA",Greenfield,MA,"RN Weekend Coordinator
Jul 10, 2025
Job Category: Operations Group
Requisition Number: RNWEE003190
Schedule: Part Time

Pioneer Valley Hospice


Greenfield, MA 01301, USA





Pioneer Valley Hospice & Palliative Care (formerly Hospice of Franklin County) is expanding throughout all of Pioneer Valley and seeking experienced, compassionate candidates to join our growing team. Our mission has always been to support and care for those living with life-limiting illnesses so they may live as fully and...","d, compassionate candidates to join our growing team. Our mission has always been to support and care for those living with life-limiting illnesses so they may live as fully and comfortably as possible. We take pride in our collaborative, innovative approach to care. As part of Integritus Healthcare (formerly Berkshire Healthcare), we offer weekly pay, generous paid time off, low-cost health insurance, and opportunities for professional growth. Join us and be part of a team that truly makes a di...",",",Part-time,https://recruiting.ultipro.com/BER1002BHCS/JobBoard/ab6dd2ae-e2f4-4e5a-9d54-ba5e47b6291f/OpportunityDetail?opportunityId=5c2d90a5-3207-44f2-896e-8cc8d70e35c5,Integritus Healthcare,https://recruiting.ultipro.com/BER1002BHCS/JobBoard/ab6dd2ae-e2f4-4e5a-9d54-ba5e47b6291f/?q=&o=postedDateDesc,2025-07-11T02:39:45.641678,ultipro
Integritus Healthcare_3085938764392325110,Hospice Registered Nurse (RN),Integritus Healthcare,"Pioneer Valley Hospice


Greenfield, MA 01301, USA",Greenfield,MA,"Hospice Registered Nurse (RN)
Jul 10, 2025
Job Category: Operations Group
Requisition Number: HOSPI003074
Schedule: Full Time

Pioneer Valley Hospice


Greenfield, MA 01301, USA

















































































































































+14 more
Pioneer Valley Hospice & Palliative Care (formerly Hospice of Franklin County) is expanding throughout all of Pioneer Valley and seeking experienced, compassionate cand...","d, compassionate candidates to join our growing team. Our mission has always been to support and care for those living with life-limiting illnesses so they may live as fully and comfortably as possible. We take pride in our collaborative, innovative approach to care. As part of Integritus Healthcare (formerly Berkshire Healthcare), we offer weekly pay, generous paid time off, low-cost health insurance, and opportunities for professional growth. Join us and be part of a team that truly makes a di...",",",Full-time,https://recruiting.ultipro.com/BER1002BHCS/JobBoard/ab6dd2ae-e2f4-4e5a-9d54-ba5e47b6291f/OpportunityDetail?opportunityId=a46afb11-6242-4dc4-a4af-3195b5a9dd1d,Integritus Healthcare,https://recruiting.ultipro.com/BER1002BHCS/JobBoard/ab6dd2ae-e2f4-4e5a-9d54-ba5e47b6291f/?q=&o=postedDateDesc,2025-07-11T02:39:47.410304,ultipro
Integritus Healthcare_625063585321821569,NURSE PRACTITIONER (FULL-TIME),Integritus Healthcare,"Pioneer Valley Hospice


Greenfield, MA 01301, USA",Greenfield,MA,"NURSE PRACTITIONER (FULL-TIME)
Jul 10, 2025
Job Category: Operations Group
Requisition Number: NURSE003075
Schedule: Full Time

Pioneer Valley Hospice


Greenfield, MA 01301, USA









































































































+10 more
Pioneer Valley Hospice & Palliative Care (formerly Hospice of Franklin County) is expanding throughout all of Pioneer Valley and seeking experienced, compassionate candidates to join our growing team. Our mi...","d, compassionate candidates to join our growing team. Our mission has always been to support and care for those living with life-limiting illnesses so they may live as fully and comfortably as possible. We take pride in our collaborative, innovative approach to care. As part of Integritus Healthcare (formerly Berkshire Healthcare), we offer weekly pay, generous paid time off, low-cost health insurance, and opportunities for professional growth. Join us and be part of a team that truly makes a di...",",",Full-time,https://recruiting.ultipro.com/BER1002BHCS/JobBoard/ab6dd2ae-e2f4-4e5a-9d54-ba5e47b6291f/OpportunityDetail?opportunityId=0f694823-6459-4e90-870d-613a39bb6269,Integritus Healthcare,https://recruiting.ultipro.com/BER1002BHCS/JobBoard/ab6dd2ae-e2f4-4e5a-9d54-ba5e47b6291f/?q=&o=postedDateDesc,2025-07-11T02:39:49.150711,ultipro
Integritus Healthcare_5195461738953392752,LICENSED PRACTICAL NURSE,Integritus Healthcare,"Pioneer Valley Hospice


Greenfield, MA 01301, USA",Greenfield,MA,"LICENSED PRACTICAL NURSE
Jul 10, 2025
Job Category: Operations Group
Requisition Number: LICEN003099
Schedule: Full Time

Pioneer Valley Hospice


Greenfield, MA 01301, USA





Pioneer Valley Hospice & Palliative Care (formerly Hospice of Franklin County) is expanding throughout all of Pioneer Valley and seeking experienced, compassionate candidates to join our growing team. Our mission has always been to support and care for those living with life-limiting illnesses so they may live as fully a...","d, compassionate candidates to join our growing team. Our mission has always been to support and care for those living with life-limiting illnesses so they may live as fully and comfortably as possible. We take pride in our collaborative, innovative approach to care. As part of Integritus Healthcare (formerly Berkshire Healthcare), we offer weekly pay, generous paid time off, low-cost health insurance, and opportunities for professional growth. Join us and be part of a team that truly makes a di...",",",Full-time,https://recruiting.ultipro.com/BER1002BHCS/JobBoard/ab6dd2ae-e2f4-4e5a-9d54-ba5e47b6291f/OpportunityDetail?opportunityId=507f8677-ed03-4276-ac06-f8315cde667c,Integritus Healthcare,https://recruiting.ultipro.com/BER1002BHCS/JobBoard/ab6dd2ae-e2f4-4e5a-9d54-ba5e47b6291f/?q=&o=postedDateDesc,2025-07-11T02:39:50.940981,ultipro
Integritus Healthcare_7308810640826939282,PATIENT CARE COORDINATOR (RN),Integritus Healthcare,"Pioneer Valley Hospice


Greenfield, MA 01301, USA",Greenfield,MA,"PATIENT CARE COORDINATOR (RN)
Jul 10, 2025
Job Category: Operations Group
Requisition Number: PATIE003183
Schedule: Full Time
Job Location Type: On-site

Pioneer Valley Hospice


Greenfield, MA 01301, USA





Pioneer Valley Hospice & Palliative Care (formerly Hospice of Franklin County) is expanding throughout all of Pioneer Valley and seeking experienced, compassionate candidates to join our growing team. Our mission has always been to support and care for those living with life-limiting illne...","d, compassionate candidates to join our growing team. Our mission has always been to support and care for those living with life-limiting illnesses so they may live as fully and comfortably as possible. We take pride in our collaborative, innovative approach to care. As part of Integritus Healthcare (formerly Berkshire Healthcare), we offer weekly pay, generous paid time off, low-cost health insurance, and opportunities for professional growth. Join us and be part of a team that truly makes a di...",",",Full-time,https://recruiting.ultipro.com/BER1002BHCS/JobBoard/ab6dd2ae-e2f4-4e5a-9d54-ba5e47b6291f/OpportunityDetail?opportunityId=61fe2402-fede-4238-a1ef-17ff958a82f1,Integritus Healthcare,https://recruiting.ultipro.com/BER1002BHCS/JobBoard/ab6dd2ae-e2f4-4e5a-9d54-ba5e47b6291f/?q=&o=postedDateDesc,2025-07-11T02:39:52.433804,ultipro
Integritus Healthcare_8384783200277441680,HOSPICE AIDE (CNA),Integritus Healthcare,"Springfield, MA 01104, USA",Springfield,MA,"HOSPICE AIDE (CNA)
Jul 10, 2025
Job Category: Operations Group
Requisition Number: HOSPI002914
Schedule: Full Time




Springfield, MA 01104, USA























































+5 more
Pioneer Valley Hospice & Palliative Care (formerly Hospice of Franklin County) is expanding throughout all of Pioneer Valley and seeking experienced, compassionate candidates to join our growing team. Our mission has always been to support and care for those living with life-limiting illnes...","d, compassionate candidates to join our growing team. Our mission has always been to support and care for those living with life-limiting illnesses so they may live as fully and comfortably as possible. We take pride in our collaborative, innovative approach to care. As part of Integritus Healthcare (formerly Berkshire Healthcare), we offer weekly pay, generous paid time off, low-cost health insurance, and opportunities for professional growth. Join us and be part of a team that truly makes a di...",",",Full-time,https://recruiting.ultipro.com/BER1002BHCS/JobBoard/ab6dd2ae-e2f4-4e5a-9d54-ba5e47b6291f/OpportunityDetail?opportunityId=9109be15-31cf-4117-a20d-8be58c3b1be4,Integritus Healthcare,https://recruiting.ultipro.com/BER1002BHCS/JobBoard/ab6dd2ae-e2f4-4e5a-9d54-ba5e47b6291f/?q=&o=postedDateDesc,2025-07-11T02:39:54.021825,ultipro
Integritus Healthcare_5167289135819958059,RESIDENT ASSISTANT,Integritus Healthcare,"East Longmeadow Memory Care Assisted Living


East Longmeadow, MA, USA",East Longmeadow,MA,"RESIDENT ASSISTANT
Jul 8, 2025
Job Category: Operations Group
Requisition Number: RESID003174
Schedule: Full Time

East Longmeadow Memory Care Assisted Living


East Longmeadow, MA, USA





Resident Assistant 's / Certified Nursing Assistant will assist older people who are functionally, physically, and or socially impaired and need 24-hour oversight. The Resident Care Partner/Resident Assistant’s role is to assist residents with those activities of daily living that they are unable to perform ...",Requirements not specified,Salary not specified,Full-time,https://recruiting.ultipro.com/BER1002BHCS/JobBoard/ab6dd2ae-e2f4-4e5a-9d54-ba5e47b6291f/OpportunityDetail?opportunityId=2004904b-1ca7-4827-8260-c49f6decf023,Integritus Healthcare,https://recruiting.ultipro.com/BER1002BHCS/JobBoard/ab6dd2ae-e2f4-4e5a-9d54-ba5e47b6291f/?q=&o=postedDateDesc,2025-07-11T02:39:55.491357,ultipro
Integritus Healthcare_2660683810805454633,ACTIVITIES AIDE,Integritus Healthcare,"Williamstown Commons | 05201


Williamstown, MA 01267, USA",Williamstown,MA,"ACTIVITIES AIDE
Jul 8, 2025
Job Category: Operations Group
Requisition Number: ACTIV003186
Schedule: Part Time
Job Location Type: On-site

Williamstown Commons | 05201


Williamstown, MA 01267, USA





Great opportunity to get paid to have fun! Activities Aides help to encourage socialization, provide entertainment, lead groups and more! Training is provided. Activities Aides help to encourage socialization, provide entertainment, relaxation and fulfillment, and improve daily living skills.",Requirements not specified,Salary not specified,Part-time,https://recruiting.ultipro.com/BER1002BHCS/JobBoard/ab6dd2ae-e2f4-4e5a-9d54-ba5e47b6291f/OpportunityDetail?opportunityId=1f519a4d-c65a-4c3e-9c1a-f399d43e7302,Integritus Healthcare,https://recruiting.ultipro.com/BER1002BHCS/JobBoard/ab6dd2ae-e2f4-4e5a-9d54-ba5e47b6291f/?q=&o=postedDateDesc,2025-07-11T02:39:57.268156,ultipro
Integritus Healthcare_5471960276032498250,"CERTIFIED NURSING ASST! CNA - 3-day week, 12-hour shifts!!",Integritus Healthcare,"Bourne Manor


Bourne, Town of, MA 02532, USA",Town of,MA,"CERTIFIED NURSING ASST! CNA - 3-day week, 12-hour shifts!!
Jul 8, 2025
Job Category: Operations Group
Requisition Number: CERTI003185
Schedule: Full Time
Job Location Type: On-site

Bourne Manor


Bourne, Town of, MA 02532, USA

































































+6 more
We are looking for a skilled CNA (Certified Nursing Assistant) to become part of our facility’s compassionate care-giving team. The CNA will interact directly with residents, providing comfort, and a...","ed CNA (Certified Nursing Assistant) to become part of our facility’s compassionate care-giving team. The CNA will interact directly with residents, providing comfort, and assisting with daily living needs. We are searching for a dedicated, compassionate and energetic individual to be a vital link between our patients and the nurses and other facility staff.",Salary not specified,Full-time,https://recruiting.ultipro.com/BER1002BHCS/JobBoard/ab6dd2ae-e2f4-4e5a-9d54-ba5e47b6291f/OpportunityDetail?opportunityId=fc2028e4-f4b9-42df-92b5-a9c87fa2607a,Integritus Healthcare,https://recruiting.ultipro.com/BER1002BHCS/JobBoard/ab6dd2ae-e2f4-4e5a-9d54-ba5e47b6291f/?q=&o=postedDateDesc,2025-07-11T02:39:58.965136,ultipro
Integritus Healthcare_4868181795425520531,WAITPERSON- Per Diem,Integritus Healthcare,"Kimball Farms Lifecare Retirement Community


Lenox, MA 01240, USA",Lenox,MA,"WAITPERSON- Per Diem
Jul 7, 2025
Job Category: Operations Group
Requisition Number: WAITP003184
Schedule: Part Time
Job Location Type: On-site

Kimball Farms Lifecare Retirement Community


Lenox, MA 01240, USA





Waitaff will provide quality, efficient table service in the dining room in accordance with established policies and procedures and/or specific directives from the Director of Dining Services. Sets up and resets tables throughout meal service. Assists in plating of salads and dessert...",Requirements not specified,Salary not specified,Part-time,https://recruiting.ultipro.com/BER1002BHCS/JobBoard/ab6dd2ae-e2f4-4e5a-9d54-ba5e47b6291f/OpportunityDetail?opportunityId=397770dd-024f-4c65-b874-cc41ae58ddf8,Integritus Healthcare,https://recruiting.ultipro.com/BER1002BHCS/JobBoard/ab6dd2ae-e2f4-4e5a-9d54-ba5e47b6291f/?q=&o=postedDateDesc,2025-07-11T02:40:01.003951,ultipro
Integritus Healthcare_6429113289977115464,DIET AIDE- Dishwasher,Integritus Healthcare,"Kimball Farms Lifecare Retirement Community


Lenox, MA 01240, USA",Lenox,MA,"DIET AIDE- Dishwasher
Jul 7, 2025
Job Category: Operations Group
Requisition Number: DIETA003182
Schedule: Part Time
Job Location Type: Hybrid

Kimball Farms Lifecare Retirement Community


Lenox, MA 01240, USA





Summary: The Dietary Aide - Dishwasher provides assistance in all dietary functions as directed/instructed and in accordance with established dietary policies and procedures. Will aslo assist in daily or scheduled cleaning duties.",Requirements not specified,Salary not specified,Part-time,https://recruiting.ultipro.com/BER1002BHCS/JobBoard/ab6dd2ae-e2f4-4e5a-9d54-ba5e47b6291f/OpportunityDetail?opportunityId=01131d62-c99d-4c85-9b99-4d6a1a56ea9f,Integritus Healthcare,https://recruiting.ultipro.com/BER1002BHCS/JobBoard/ab6dd2ae-e2f4-4e5a-9d54-ba5e47b6291f/?q=&o=postedDateDesc,2025-07-11T02:40:02.905062,ultipro
Integritus Healthcare_947827142857151155,CERTIFIED NURSING ASST! CNA - SIGN-ON BONUS!!,Integritus Healthcare,"Bourne Manor


Bourne, Town of, MA 02532, USA",Town of,MA,"CERTIFIED NURSING ASST! CNA - SIGN-ON BONUS!!
Jul 7, 2025
Job Category: Operations Group
Requisition Number: CERTI003113
Schedule: Full Time
Job Location Type: On-site

Bourne Manor


Bourne, Town of, MA 02532, USA

































































+6 more
We are looking for a skilled CNA (Certified Nursing Assistant) to become part of our facility’s compassionate care-giving team. The CNA will interact directly with residents, providing comfort, and assisting with...","ed CNA (Certified Nursing Assistant) to become part of our facility’s compassionate care-giving team. The CNA will interact directly with residents, providing comfort, and assisting with daily living needs. We are searching for a dedicated, compassionate and energetic individual to be a vital link between our patients and the nurses and other facility staff.",Salary not specified,Full-time,https://recruiting.ultipro.com/BER1002BHCS/JobBoard/ab6dd2ae-e2f4-4e5a-9d54-ba5e47b6291f/OpportunityDetail?opportunityId=7f8db7ca-c005-421c-915f-c0e2093a6f91,Integritus Healthcare,https://recruiting.ultipro.com/BER1002BHCS/JobBoard/ab6dd2ae-e2f4-4e5a-9d54-ba5e47b6291f/?q=&o=postedDateDesc,2025-07-11T02:40:04.835554,ultipro
Integritus Healthcare_1912005798902985262,LICENSED PRACTICAL NURSE - GENEROUS SIGN-ON BONUS!,Integritus Healthcare,"Bourne Manor


Bourne, Town of, MA 02532, USA",Town of,MA,"LICENSED PRACTICAL NURSE - GENEROUS SIGN-ON BONUS!
Jul 7, 2025
Job Category: Operations Group
Requisition Number: LICEN003114
Schedule: Full Time
Job Location Type: On-site

Bourne Manor


Bourne, Town of, MA 02532, USA











































































+7 more
We are looking for a Licensed Practical Nurse to join our caring, compassionate team. Licensed Nurses plan, monitor, and provide nursing care to the residents within the facility. The successful ca...",Requirements not specified,Salary not specified,Full-time,https://recruiting.ultipro.com/BER1002BHCS/JobBoard/ab6dd2ae-e2f4-4e5a-9d54-ba5e47b6291f/OpportunityDetail?opportunityId=70f64978-91b7-4b05-ac63-656f1393933d,Integritus Healthcare,https://recruiting.ultipro.com/BER1002BHCS/JobBoard/ab6dd2ae-e2f4-4e5a-9d54-ba5e47b6291f/?q=&o=postedDateDesc,2025-07-11T02:40:06.611795,ultipro
Integritus Healthcare_4338273868944160082,REGISTERED NURSE. GENEROUS SIGN-ON BONUS!!,Integritus Healthcare,"Bourne Manor


Bourne, Town of, MA 02532, USA",Town of,MA,"REGISTERED NURSE. GENEROUS SIGN-ON BONUS!!
Jul 7, 2025
Job Category: Operations Group
Requisition Number: REGIS003115
Schedule: Full Time
Job Location Type: On-site

Bourne Manor


Bourne, Town of, MA 02532, USA











































































+7 more
We are looking for a Registered Nurse (RN) to join our caring, compassionate team. Registered Nurses plan, monitor, and provide nursing care to the residents within the facility. The successful candidate w...",Requirements not specified,Salary not specified,Full-time,https://recruiting.ultipro.com/BER1002BHCS/JobBoard/ab6dd2ae-e2f4-4e5a-9d54-ba5e47b6291f/OpportunityDetail?opportunityId=b07e17a7-28c9-4f91-8f6a-261e43d37cf5,Integritus Healthcare,https://recruiting.ultipro.com/BER1002BHCS/JobBoard/ab6dd2ae-e2f4-4e5a-9d54-ba5e47b6291f/?q=&o=postedDateDesc,2025-07-11T02:40:08.397123,ultipro
Integritus Healthcare_341727751347076767,"LICENSED NURSE, 3-DAY WEEK, 12-HOUR SHIFTS!",Integritus Healthcare,"Bourne Manor


Bourne, Town of, MA 02532, USA",Town of,MA,"LICENSED NURSE, 3-DAY WEEK, 12-HOUR SHIFTS!
Jul 7, 2025
Job Category: Operations Group
Requisition Number: LICEN003116
Schedule: Full Time
Job Location Type: On-site

Bourne Manor


Bourne, Town of, MA 02532, USA

































































+6 more
We are looking for a Licensed Nurse to join our caring, compassionate team. Licensed Nurses plan, monitor, and provide nursing care to the residents within the facility. The successful candidate will work within th...",Requirements not specified,Salary not specified,Full-time,https://recruiting.ultipro.com/BER1002BHCS/JobBoard/ab6dd2ae-e2f4-4e5a-9d54-ba5e47b6291f/OpportunityDetail?opportunityId=55f3224b-101d-47e6-a8bd-c988eb1f5cb9,Integritus Healthcare,https://recruiting.ultipro.com/BER1002BHCS/JobBoard/ab6dd2ae-e2f4-4e5a-9d54-ba5e47b6291f/?q=&o=postedDateDesc,2025-07-11T02:40:10.320979,ultipro
Integritus Healthcare_5324523552937242936,LICENSED NURSE (RN/LPN) - GENEROUS SIGN-ON BONUS!,Integritus Healthcare,"Bourne Manor


Bourne, Town of, MA 02532, USA",Town of,MA,"LICENSED NURSE (RN/LPN) - GENEROUS SIGN-ON BONUS!
Jul 7, 2025
Job Category: Operations Group
Requisition Number: LICEN003117
Schedule: Full Time
Job Location Type: On-site

Bourne Manor


Bourne, Town of, MA 02532, USA











































































+7 more
We are looking for a Licensed Nurse to join our caring, compassionate team. Licensed Nurses plan, monitor, and provide nursing care to the residents within the facility. The successful candidate wil...",Requirements not specified,Salary not specified,Full-time,https://recruiting.ultipro.com/BER1002BHCS/JobBoard/ab6dd2ae-e2f4-4e5a-9d54-ba5e47b6291f/OpportunityDetail?opportunityId=5e791942-26c0-4a43-9990-2442b4c96311,Integritus Healthcare,https://recruiting.ultipro.com/BER1002BHCS/JobBoard/ab6dd2ae-e2f4-4e5a-9d54-ba5e47b6291f/?q=&o=postedDateDesc,2025-07-11T02:40:12.019659,ultipro
Integritus Healthcare_1552517328036017220,NURSING COORDINATOR RN - Generous Sign-on Bonus!,Integritus Healthcare,"Windsor Skilled Nursing


South Yarmouth, MA 02664, USA",South Yarmouth,MA,"NURSING COORDINATOR RN - Generous Sign-on Bonus!
Jul 7, 2025
Job Category: Operations Group
Requisition Number: NURSI003119
Schedule: Full Time
Job Location Type: On-site

Windsor Skilled Nursing


South Yarmouth, MA 02664, USA

































































+6 more
We are looking for a Registered Nurse (RN) to join our caring, compassionate team. Registered Nurses plan, monitor, and provide nursing care to the residents within the facility. The successful candi...","ed Nursing South Yarmouth, MA 02664, USA +6 more We are looking for a Registered Nurse (RN) to join our caring, compassionate team. Registered Nurses plan, monitor, and provide nursing care to the residents within the facility. The successful candidate will work within their entire scope of practice, ensuring the utmost in competent care and safety is consistently delivered to all residents.",Salary not specified,Full-time,https://recruiting.ultipro.com/BER1002BHCS/JobBoard/ab6dd2ae-e2f4-4e5a-9d54-ba5e47b6291f/OpportunityDetail?opportunityId=fb74cc70-cd3b-4e9d-8c9f-9f9aaadba113,Integritus Healthcare,https://recruiting.ultipro.com/BER1002BHCS/JobBoard/ab6dd2ae-e2f4-4e5a-9d54-ba5e47b6291f/?q=&o=postedDateDesc,2025-07-11T02:40:13.745116,ultipro
Integritus Healthcare_2884080414364387558,NURSING COORDINATOR LPN - Sign-on Bonus!,Integritus Healthcare,"Windsor Skilled Nursing


South Yarmouth, MA 02664, USA",South Yarmouth,MA,"NURSING COORDINATOR LPN - Sign-on Bonus!
Jul 7, 2025
Job Category: Operations Group
Requisition Number: NURSI003120
Schedule: Full Time
Job Location Type: On-site

Windsor Skilled Nursing


South Yarmouth, MA 02664, USA

































































+6 more
We are looking for a Licensed Practical Nurse (LPN) to join our caring, compassionate team. Licensed Nurses plan, monitor, and provide nursing care to the residents within the facility. The successful candid...","ed Nursing South Yarmouth, MA 02664, USA +6 more We are looking for a Licensed Practical Nurse (LPN) to join our caring, compassionate team. Licensed Nurses plan, monitor, and provide nursing care to the residents within the facility. The successful candidate will work within their entire scope of practice, ensuring the utmost in competent care and safety is consistently delivered to all residents.",Salary not specified,Full-time,https://recruiting.ultipro.com/BER1002BHCS/JobBoard/ab6dd2ae-e2f4-4e5a-9d54-ba5e47b6291f/OpportunityDetail?opportunityId=eb92dd7e-977b-4cb4-989c-11b1975e17d8,Integritus Healthcare,https://recruiting.ultipro.com/BER1002BHCS/JobBoard/ab6dd2ae-e2f4-4e5a-9d54-ba5e47b6291f/?q=&o=postedDateDesc,2025-07-11T02:40:15.704610,ultipro
Integritus Healthcare_3377487291082179886,"Nurse Unit Manager $10,000 Sign on Bonus!!",Integritus Healthcare,"Hunt Skilled Nursing


Danvers, MA 01923, USA",Danvers,MA,"Nurse Unit Manager $10,000 Sign on Bonus!!
Jul 7, 2025
Job Category: Operations Group
Requisition Number: NURSE003122
Schedule: Full Time
Job Location Type: On-site

Hunt Skilled Nursing


Danvers, MA 01923, USA





















































































+8 more
The primary purpose of this position is to provide quality nursing care to residents, and to supervise the day-to-day activities of nursing assistants. Supervision must be in accordance with fede...","ed Nursing Danvers, MA 01923, USA +8 more The primary purpose of this position is to provide quality nursing care to residents, and to supervise the day-to-day activities of nursing assistants. Supervision must be in accordance with federal, state, & local laws and policies of this organization.","$10,000",Full-time,https://recruiting.ultipro.com/BER1002BHCS/JobBoard/ab6dd2ae-e2f4-4e5a-9d54-ba5e47b6291f/OpportunityDetail?opportunityId=796cab2d-fd5a-4b9e-b482-4e81e6d4eea8,Integritus Healthcare,https://recruiting.ultipro.com/BER1002BHCS/JobBoard/ab6dd2ae-e2f4-4e5a-9d54-ba5e47b6291f/?q=&o=postedDateDesc,2025-07-11T02:40:18.039166,ultipro
Integritus Healthcare_2355016971314437471,REGISTERED NURSE - RN! GREAT SIGN-ON BONUS!!,Integritus Healthcare,"Hunt Skilled Nursing


Danvers, MA 01923, USA",Danvers,MA,"REGISTERED NURSE - RN! GREAT SIGN-ON BONUS!!
Jul 7, 2025
Job Category: Operations Group
Requisition Number: REGIS003123
Schedule: Full Time
Job Location Type: On-site

Hunt Skilled Nursing


Danvers, MA 01923, USA





















































































+8 more
We are looking for a Registered Nurse (RN) to join our caring, compassionate team. Registered Nurses plan, monitor, and provide nursing care to the residents within the facility. The successful...","ed Nursing Danvers, MA 01923, USA +8 more We are looking for a Registered Nurse (RN) to join our caring, compassionate team. Registered Nurses plan, monitor, and provide nursing care to the residents within the facility. The successful candidate will work within their entire scope of practice, ensuring the utmost in competent care and safety is consistently delivered to all residents. Full-time RN will receive an $8000.00 SIGN-ON BONUS!! New Grad RN will receive a $10,000.00 SIGN-ON BONUS!!",$8000.00,Full-time,https://recruiting.ultipro.com/BER1002BHCS/JobBoard/ab6dd2ae-e2f4-4e5a-9d54-ba5e47b6291f/OpportunityDetail?opportunityId=39811fa6-41b7-4584-80ea-2677fed7b969,Integritus Healthcare,https://recruiting.ultipro.com/BER1002BHCS/JobBoard/ab6dd2ae-e2f4-4e5a-9d54-ba5e47b6291f/?q=&o=postedDateDesc,2025-07-11T02:40:20.238149,ultipro
Integritus Healthcare_1488537364509203731,WEEKEND NURSING SUPERVISOR RN/LPN,Integritus Healthcare,"Hunt Skilled Nursing


Danvers, MA 01923, USA",Danvers,MA,"WEEKEND NURSING SUPERVISOR RN/LPN
Jul 7, 2025
Job Category: Administration Group
Requisition Number: WEEKE003124
Schedule: Full Time

Hunt Skilled Nursing


Danvers, MA 01923, USA

































































+6 more
The primary purpose of this position is to provide quality nursing care to residents, and to supervise the day to day activities of nursing assistants. Supervision must be in accordance with federal, state, & local laws and policies of this organi...","ed Nursing Danvers, MA 01923, USA +6 more The primary purpose of this position is to provide quality nursing care to residents, and to supervise the day to day activities of nursing assistants. Supervision must be in accordance with federal, state, & local laws and policies of this organization.",Salary not specified,Full-time,https://recruiting.ultipro.com/BER1002BHCS/JobBoard/ab6dd2ae-e2f4-4e5a-9d54-ba5e47b6291f/OpportunityDetail?opportunityId=6afaba17-b38c-4def-ab64-4caace9aab59,Integritus Healthcare,https://recruiting.ultipro.com/BER1002BHCS/JobBoard/ab6dd2ae-e2f4-4e5a-9d54-ba5e47b6291f/?q=&o=postedDateDesc,2025-07-11T02:40:22.081782,ultipro
Integritus Healthcare_1816842813544424444,LICENSED PRACTICAL NURSE - LPN! GREAT SIGN-ON BONUS!!,Integritus Healthcare,"Hunt Skilled Nursing


Danvers, MA 01923, USA",Danvers,MA,"LICENSED PRACTICAL NURSE - LPN! GREAT SIGN-ON BONUS!!
Jul 7, 2025
Job Category: Operations Group
Requisition Number: LICEN003126
Schedule: Full Time
Job Location Type: On-site

Hunt Skilled Nursing


Danvers, MA 01923, USA











































































+7 more
We are looking for a Licensed Practical Nurse (LPN) to join our caring, compassionate team. Licensed Nurses plan, monitor, and provide nursing care to the residents within the facility. The succ...","ed Nursing Danvers, MA 01923, USA +7 more We are looking for a Licensed Practical Nurse (LPN) to join our caring, compassionate team. Licensed Nurses plan, monitor, and provide nursing care to the residents within the facility. The successful candidate will work within their entire scope of practice, ensuring the utmost in competent care and safety is consistently delivered to all residents. FULL-TIME LPN WILL RECEIVE AN $8,000.00 SIGN-ON BONUS!!","$8,000.00",Full-time,https://recruiting.ultipro.com/BER1002BHCS/JobBoard/ab6dd2ae-e2f4-4e5a-9d54-ba5e47b6291f/OpportunityDetail?opportunityId=e01357c6-bdc9-43f9-acbd-fa6b5d5bac02,Integritus Healthcare,https://recruiting.ultipro.com/BER1002BHCS/JobBoard/ab6dd2ae-e2f4-4e5a-9d54-ba5e47b6291f/?q=&o=postedDateDesc,2025-07-11T02:40:24.205277,ultipro
Integritus Healthcare_185075114351061959,CERTIFIED NURSING ASST. - CNA!,Integritus Healthcare,"Hunt Skilled Nursing


Danvers, MA 01923, USA",Danvers,MA,"CERTIFIED NURSING ASST. - CNA!
Jul 7, 2025
Job Category: Operations Group
Requisition Number: CERTI003127
Schedule: Full Time
Job Location Type: On-site

Hunt Skilled Nursing


Danvers, MA 01923, USA





















































































+8 more
We are looking for a skilled CNA (Certified Nursing Assistant) to become part of our facility’s compassionate care-giving team. The CNA will interact directly with residents, providing comfort, and assisting...","ed Nursing Danvers, MA 01923, USA +8 more We are looking for a skilled CNA (Certified Nursing Assistant) to become part of our facility’s compassionate care-giving team. The CNA will interact directly with residents, providing comfort, and assisting with daily living needs. We are searching for a dedicated, compassionate and energetic individual to be a vital link between our patients and the nurses and other facility staff.",Salary not specified,Full-time,https://recruiting.ultipro.com/BER1002BHCS/JobBoard/ab6dd2ae-e2f4-4e5a-9d54-ba5e47b6291f/OpportunityDetail?opportunityId=aeb92255-014e-4a64-a9ac-4929e48f11a9,Integritus Healthcare,https://recruiting.ultipro.com/BER1002BHCS/JobBoard/ab6dd2ae-e2f4-4e5a-9d54-ba5e47b6291f/?q=&o=postedDateDesc,2025-07-11T02:40:26.043898,ultipro
Integritus Healthcare_1081538013724454094,CERTIFIED NURSING ASST.,Integritus Healthcare,"Pilgrim Rehab


Peabody, MA 01960, USA",Peabody,MA,"CERTIFIED NURSING ASST.
Jul 7, 2025
Job Category: Operations Group
Requisition Number: CERTI003128
Schedule: Full Time
Job Location Type: On-site

Pilgrim Rehab


Peabody, MA 01960, USA











































































+7 more
We are looking for a skilled CNA (Certified Nursing Assistant) to become part of our facility’s compassionate care-giving team. The CNA will interact directly with residents, providing comfort, and assisting with daily living needs...","ed CNA (Certified Nursing Assistant) to become part of our facility’s compassionate care-giving team. The CNA will interact directly with residents, providing comfort, and assisting with daily living needs. We are searching for a dedicated, compassionate and energetic individual to be a vital link between our patients and the nurses and other facility staff.",Salary not specified,Full-time,https://recruiting.ultipro.com/BER1002BHCS/JobBoard/ab6dd2ae-e2f4-4e5a-9d54-ba5e47b6291f/OpportunityDetail?opportunityId=dfad96ae-8b20-4b91-b827-9a99fb44f1c0,Integritus Healthcare,https://recruiting.ultipro.com/BER1002BHCS/JobBoard/ab6dd2ae-e2f4-4e5a-9d54-ba5e47b6291f/?q=&o=postedDateDesc,2025-07-11T02:40:27.612120,ultipro
Integritus Healthcare_6866848224903477336,REGISTERED NURSE,Integritus Healthcare,"Pilgrim Rehab


Peabody, MA 01960, USA",Peabody,MA,"REGISTERED NURSE
Jul 7, 2025
Job Category: Operations Group
Requisition Number: REGIS003129
Schedule: Full Time
Job Location Type: On-site

Pilgrim Rehab


Peabody, MA 01960, USA





















































































+8 more
We are looking for a Registered Nurse (RN) to join our caring, compassionate team. Registered Nurses plan, monitor, and provide nursing care to the residents within the facility. The successful candidate will work within their e...",Requirements not specified,Salary not specified,Full-time,https://recruiting.ultipro.com/BER1002BHCS/JobBoard/ab6dd2ae-e2f4-4e5a-9d54-ba5e47b6291f/OpportunityDetail?opportunityId=bac81971-3885-41fd-9ae0-7ed79c32ab7c,Integritus Healthcare,https://recruiting.ultipro.com/BER1002BHCS/JobBoard/ab6dd2ae-e2f4-4e5a-9d54-ba5e47b6291f/?q=&o=postedDateDesc,2025-07-11T02:40:29.457882,ultipro
Integritus Healthcare_6502353322854149420,LICENSED PRACTICAL NURSE,Integritus Healthcare,"Pilgrim Rehab


Peabody, MA 01960, USA",Peabody,MA,"LICENSED PRACTICAL NURSE
Jul 7, 2025
Job Category: Operations Group
Requisition Number: LICEN003130
Schedule: Full Time
Job Location Type: On-site

Pilgrim Rehab


Peabody, MA 01960, USA











































































+7 more
We are looking for a Licensed Practical Nurse (LPN) to join our caring, compassionate team. Licensed Nurses plan, monitor, and provide nursing care to the residents within the facility. The successful candidate will work within th...",Requirements not specified,Salary not specified,Full-time,https://recruiting.ultipro.com/BER1002BHCS/JobBoard/ab6dd2ae-e2f4-4e5a-9d54-ba5e47b6291f/OpportunityDetail?opportunityId=ddf727ed-a04a-4c5b-8f6c-eee2d1172628,Integritus Healthcare,https://recruiting.ultipro.com/BER1002BHCS/JobBoard/ab6dd2ae-e2f4-4e5a-9d54-ba5e47b6291f/?q=&o=postedDateDesc,2025-07-11T02:40:31.116325,ultipro
Integritus Healthcare_5937024875350526164,INFECTION CONTROL NURSE,Integritus Healthcare,"Pilgrim Rehab


Peabody, MA 01960, USA",Peabody,MA,"INFECTION CONTROL NURSE
Jul 7, 2025
Job Category: Operations Group
Requisition Number: INFEC003131
Schedule: Full Time
Job Location Type: On-site

Pilgrim Rehab


Peabody, MA 01960, USA





















































































+8 more
The Infection Preventionist will use a systematic approach to monitor the effectiveness of infection prevention and control strategies that are consistent with the organization’s goals and objectives. This includes applyi...",Requirements not specified,Salary not specified,Full-time,https://recruiting.ultipro.com/BER1002BHCS/JobBoard/ab6dd2ae-e2f4-4e5a-9d54-ba5e47b6291f/OpportunityDetail?opportunityId=5007861b-6217-4d05-b0e9-e983c41ccc8f,Integritus Healthcare,https://recruiting.ultipro.com/BER1002BHCS/JobBoard/ab6dd2ae-e2f4-4e5a-9d54-ba5e47b6291f/?q=&o=postedDateDesc,2025-07-11T02:40:32.928081,ultipro
Integritus Healthcare_6040928160425527613,LICENSED PRACTICAL NURSE - SIGN-ON BONUS!,Integritus Healthcare,"Hathaway Manor


New Bedford, MA 02740, USA",New Bedford,MA,"LICENSED PRACTICAL NURSE - SIGN-ON BONUS!
Jul 7, 2025
Job Category: Operations Group
Requisition Number: LICEN003133
Schedule: Full Time
Job Location Type: On-site

Hathaway Manor


New Bedford, MA 02740, USA

































































+6 more
We are looking for a Licensed Practical Nurse (LPN) to join our caring, compassionate team. Licensed Nurses plan, monitor, and provide nursing care to the residents within the facility. The successful candidate will wo...",Requirements not specified,Salary not specified,Full-time,https://recruiting.ultipro.com/BER1002BHCS/JobBoard/ab6dd2ae-e2f4-4e5a-9d54-ba5e47b6291f/OpportunityDetail?opportunityId=28b3800a-47e3-4884-8c91-7040d8338f1c,Integritus Healthcare,https://recruiting.ultipro.com/BER1002BHCS/JobBoard/ab6dd2ae-e2f4-4e5a-9d54-ba5e47b6291f/?q=&o=postedDateDesc,2025-07-11T02:40:34.637411,ultipro
Integritus Healthcare_3876082047656027980,REGISTERED NURSE - SIGN-ON BONUS!,Integritus Healthcare,"Hathaway Manor


New Bedford, MA 02740, USA",New Bedford,MA,"REGISTERED NURSE - SIGN-ON BONUS!
Jul 7, 2025
Job Category: Operations Group
Requisition Number: REGIS003135
Schedule: Full Time
Job Location Type: On-site

Hathaway Manor


New Bedford, MA 02740, USA

































































+6 more
We are looking for a Registered Nurse (RN) to join our caring, compassionate team. Registered Nurses plan, monitor, and provide nursing care to the residents within the facility. The successful candidate will work within their...",Requirements not specified,Salary not specified,Full-time,https://recruiting.ultipro.com/BER1002BHCS/JobBoard/ab6dd2ae-e2f4-4e5a-9d54-ba5e47b6291f/OpportunityDetail?opportunityId=c9fd0bca-cd2d-4cc9-8900-628fa054590f,Integritus Healthcare,https://recruiting.ultipro.com/BER1002BHCS/JobBoard/ab6dd2ae-e2f4-4e5a-9d54-ba5e47b6291f/?q=&o=postedDateDesc,2025-07-11T02:40:36.206554,ultipro
Integritus Healthcare_2705546752899769802,COOK-,Integritus Healthcare,"Kimball Farms Lifecare Retirement Community


Lenox, MA 01240, USA",Lenox,MA,"COOK-
Jul 7, 2025
Job Category: Operations Group
Requisition Number: COOKP002989
Schedule: Full Time
Job Location Type: On-site

Kimball Farms Lifecare Retirement Community


Lenox, MA 01240, USA





Bring your skills to the table - Kimball Farms is Hiring a cook! Cooks provide assistance to the Food Service Director in planning, organizing, developing and directing the comprehensive operation of the dietary department. This position is responsible for training and supervising production and ki...","to the table - Kimball Farms is Hiring a cook! Cooks provide assistance to the Food Service Director in planning, organizing, developing and directing the comprehensive operation of the dietary department. This position is responsible for training and supervising production and kitchen personnel. Prepares and portions various food items with the highest of quality. Wraps, labels and dates prepared food items for storage. Receives, stores and rotates supplies as delivered. Prepares meals in accor...",Salary not specified,Full-time,https://recruiting.ultipro.com/BER1002BHCS/JobBoard/ab6dd2ae-e2f4-4e5a-9d54-ba5e47b6291f/OpportunityDetail?opportunityId=6ca1efd1-a2be-4c95-9121-c04ce6949769,Integritus Healthcare,https://recruiting.ultipro.com/BER1002BHCS/JobBoard/ab6dd2ae-e2f4-4e5a-9d54-ba5e47b6291f/?q=&o=postedDateDesc,2025-07-11T02:40:37.797464,ultipro
Integritus Healthcare_2567489312598975720,DIET AIDE,Integritus Healthcare,"Day Brook Nursing Center


Holyoke, MA 01040, USA",Holyoke,MA,"DIET AIDE
Jul 7, 2025
Job Category: Operations Group
Requisition Number: DIETA003180
Schedule: Part Time
Job Location Type: On-site

Day Brook Nursing Center


Holyoke, MA 01040, USA





The Diet Aide provides assistance in all dietary functions as directed/instructed and in accordance with established dietary policies and procedures.",Requirements not specified,Salary not specified,Part-time,https://recruiting.ultipro.com/BER1002BHCS/JobBoard/ab6dd2ae-e2f4-4e5a-9d54-ba5e47b6291f/OpportunityDetail?opportunityId=d41ce444-1cf1-4c34-a315-dcda93c739bc,Integritus Healthcare,https://recruiting.ultipro.com/BER1002BHCS/JobBoard/ab6dd2ae-e2f4-4e5a-9d54-ba5e47b6291f/?q=&o=postedDateDesc,2025-07-11T02:40:39.682137,ultipro
Integritus Healthcare_7503914151490785930,DIETARY AIDE/DISHWASHER,Integritus Healthcare,"Hillcrest Commons


Pittsfield, MA 01201, USA",Pittsfield,MA,"DIETARY AIDE/DISHWASHER
Jul 5, 2025
Job Category: Operations Group
Requisition Number: DIETA003179
Schedule: Part Time

Hillcrest Commons


Pittsfield, MA 01201, USA















+1 more
The Dietary Aide provides assistance in all dietary functions as directed/instructed and in accordance with established dietary policies and procedures.",Requirements not specified,Salary not specified,Part-time,https://recruiting.ultipro.com/BER1002BHCS/JobBoard/ab6dd2ae-e2f4-4e5a-9d54-ba5e47b6291f/OpportunityDetail?opportunityId=52576010-8698-4309-bf1b-4f1762e115d1,Integritus Healthcare,https://recruiting.ultipro.com/BER1002BHCS/JobBoard/ab6dd2ae-e2f4-4e5a-9d54-ba5e47b6291f/?q=&o=postedDateDesc,2025-07-11T02:40:41.328471,ultipro
Integritus Healthcare_8741446665509183451,CERTIFIED NURSING ASST. CNA,Integritus Healthcare,"Windsor Skilled Nursing


South Yarmouth, MA 02664, USA",South Yarmouth,MA,"CERTIFIED NURSING ASST. CNA
Jul 3, 2025
Job Category: Operations Group
Requisition Number: CERTI003121
Schedule: Full Time
Job Location Type: On-site

Windsor Skilled Nursing


South Yarmouth, MA 02664, USA

































































+6 more
We are looking for a skilled CNA (Certified Nursing Assistant) to become part of our facility’s compassionate care-giving team. The CNA will interact directly with residents, providing comfort, and assisting with daily l...","ed Nursing South Yarmouth, MA 02664, USA +6 more We are looking for a skilled CNA (Certified Nursing Assistant) to become part of our facility’s compassionate care-giving team. The CNA will interact directly with residents, providing comfort, and assisting with daily living needs. We are searching for a dedicated, compassionate and energetic individual to be a vital link between our patients and the nurses and other facility staff.",Salary not specified,Full-time,https://recruiting.ultipro.com/BER1002BHCS/JobBoard/ab6dd2ae-e2f4-4e5a-9d54-ba5e47b6291f/OpportunityDetail?opportunityId=f40daa24-10a7-4029-a3db-df0e84d977e4,Integritus Healthcare,https://recruiting.ultipro.com/BER1002BHCS/JobBoard/ab6dd2ae-e2f4-4e5a-9d54-ba5e47b6291f/?q=&o=postedDateDesc,2025-07-11T02:40:43.009162,ultipro
Integritus Healthcare_80656418502283675,R N QUALITY IMPROVEMENT MANAGER,Integritus Healthcare,"Integritus Healthcare, Inc


Pittsfield, MA 01201, USA",Pittsfield,MA,"R N QUALITY IMPROVEMENT MANAGER
Jul 3, 2025
Job Category: Administration Group
Requisition Number: QUALI003177
Schedule: Full Time
Job Location Type: On-site

Integritus Healthcare, Inc


Pittsfield, MA 01201, USA



















































































































+11 more
The QIM ensures regulatory compliance by supporting the preparation and maintenance for survey and ensures appropriate clinical outcomes by monitoring clinical pe...",Requirements not specified,Salary not specified,Full-time,https://recruiting.ultipro.com/BER1002BHCS/JobBoard/ab6dd2ae-e2f4-4e5a-9d54-ba5e47b6291f/OpportunityDetail?opportunityId=2b7f28ea-e7c4-4e9c-b0f1-cc3e6f4d5b95,Integritus Healthcare,https://recruiting.ultipro.com/BER1002BHCS/JobBoard/ab6dd2ae-e2f4-4e5a-9d54-ba5e47b6291f/?q=&o=postedDateDesc,2025-07-11T02:40:45.002325,ultipro
Integritus Healthcare_4712081625432178114,STAFF EDUCATOR RN,Integritus Healthcare,"Hunt Skilled Nursing


Danvers, MA 01923, USA",Danvers,MA,"STAFF EDUCATOR RN
Jul 2, 2025
Job Category: Operations Group
Requisition Number: STAFF003125
Schedule: Full Time
Job Location Type: On-site

Hunt Skilled Nursing


Danvers, MA 01923, USA

































































+6 more
This position is responsible for planning, organizing, directing, coordinating, documenting, and evaluating all educational programs, including on-the-job training for the Nursing Department. Plays a key role in the assimilation of all new ...","ed Nursing Danvers, MA 01923, USA +6 more This position is responsible for planning, organizing, directing, coordinating, documenting, and evaluating all educational programs, including on-the-job training for the Nursing Department. Plays a key role in the assimilation of all new employees in the facility and assures competencies are completed timely and thoroughly and that any necessary follow up is completed.",Salary not specified,Full-time,https://recruiting.ultipro.com/BER1002BHCS/JobBoard/ab6dd2ae-e2f4-4e5a-9d54-ba5e47b6291f/OpportunityDetail?opportunityId=7396d878-f35e-4876-b988-77bbe3c9ec9d,Integritus Healthcare,https://recruiting.ultipro.com/BER1002BHCS/JobBoard/ab6dd2ae-e2f4-4e5a-9d54-ba5e47b6291f/?q=&o=postedDateDesc,2025-07-11T02:40:46.709450,ultipro
Integritus Healthcare_6330052931639873226,DIRECTOR OF BILLING AND COLLECTIONS,Integritus Healthcare,"Integritus Healthcare, Inc


Pittsfield, MA 01201, USA",Pittsfield,MA,"DIRECTOR OF BILLING AND COLLECTIONS
Jul 2, 2025
Job Category: Administration Group
Requisition Number: DIREC003172
Schedule: Full Time
Job Location Type: On-site

Integritus Healthcare, Inc


Pittsfield, MA 01201, USA























































+5 more
The position is responsible for the development of and strategic and tactical implementation of an organziational wide strategy for payer reimbursement, both private (e.g. managed care contracts) and governmental (e.g. ...",Requirements not specified,Salary not specified,Full-time,https://recruiting.ultipro.com/BER1002BHCS/JobBoard/ab6dd2ae-e2f4-4e5a-9d54-ba5e47b6291f/OpportunityDetail?opportunityId=753073d1-a7a4-45fb-9cb2-2111f3ce95e4,Integritus Healthcare,https://recruiting.ultipro.com/BER1002BHCS/JobBoard/ab6dd2ae-e2f4-4e5a-9d54-ba5e47b6291f/?q=&o=postedDateDesc,2025-07-11T02:40:48.353815,ultipro
Integritus Healthcare_1428187823718096734,First Response Security- Maintenance- 3pm- 11pm,Integritus Healthcare,"Kimball Farms Lifecare Retirement Community


Lenox, MA 01240, USA",Lenox,MA,"First Response Security- Maintenance- 3pm- 11pm
Jul 2, 2025
Job Category: Operations Group
Requisition Number: FIRST003158
Schedule: Full Time

Kimball Farms Lifecare Retirement Community


Lenox, MA 01240, USA





Security personnel’s primary function is to maintain the safety and security of all residents and employees of the facility. Security shall also be concerned with the care of property and equipment of the facility. Has knowledge of patient/resident Bill of Rights. All responsibilitie...",Requirements not specified,Salary not specified,Full-time,https://recruiting.ultipro.com/BER1002BHCS/JobBoard/ab6dd2ae-e2f4-4e5a-9d54-ba5e47b6291f/OpportunityDetail?opportunityId=c23e751b-18aa-4fdc-a4b9-71c216d2e25f,Integritus Healthcare,https://recruiting.ultipro.com/BER1002BHCS/JobBoard/ab6dd2ae-e2f4-4e5a-9d54-ba5e47b6291f/?q=&o=postedDateDesc,2025-07-11T02:40:49.892115,ultipro
Integritus Healthcare_5541906220530372344,ACTIVITIES AIDE- Part Time,Integritus Healthcare,"Kimball Farms Nursing Care Center


Lenox, MA 01240, USA",Lenox,MA,"ACTIVITIES AIDE- Part Time
Jul 1, 2025
Job Category: Administration Group
Requisition Number: ACTIV003175
Schedule: Part Time
Job Location Type: On-site

Kimball Farms Nursing Care Center


Lenox, MA 01240, USA





Great opportunity to get paid to have fun! Activities Aides help to encourage socialization, provide entertainment, lead groups and more! Training is provided. Activities Aides help to encourage socialization, provide entertainment, relaxation and fulfillment, and improve daily livin...",Requirements not specified,Salary not specified,Part-time,https://recruiting.ultipro.com/BER1002BHCS/JobBoard/ab6dd2ae-e2f4-4e5a-9d54-ba5e47b6291f/OpportunityDetail?opportunityId=b422c25f-d7e2-4334-95c1-b338ce9f5407,Integritus Healthcare,https://recruiting.ultipro.com/BER1002BHCS/JobBoard/ab6dd2ae-e2f4-4e5a-9d54-ba5e47b6291f/?q=&o=postedDateDesc,2025-07-11T02:40:51.452678,ultipro
Integritus Healthcare_6360494802038163892,UNIT MANAGER (RN/LPN),Integritus Healthcare,"Kimball Farms Nursing Care Center


Lenox, MA 01240, USA",Lenox,MA,"UNIT MANAGER (RN/LPN)
Jul 1, 2025
Job Category: Operations Group
Requisition Number: UNITM003085
Schedule: Full Time
Job Location Type: On-site

Kimball Farms Nursing Care Center


Lenox, MA 01240, USA



































+3 more
We are seeking a compassionate, organized, and experienced Unit Manager (RN/ LPN) to join our leadership team. This role oversees the clinical operations of two 18-bed units, ensuring the delivery of high-quality, person-centered care in a safe and suppor...","d Unit Manager (RN/ LPN) to join our leadership team. This role oversees the clinical operations of two 18-bed units, ensuring the delivery of high-quality, person-centered care in a safe and supportive environment. The Unit Manager (RN/ LPN) leads care plan meetings, supervises and supports caregivers, and facilitates interdisciplinary communication to promote optimal resident outcomes. The role includes active participation in quality assurance initiatives and regulatory compliance efforts. Th...",Salary not specified,Full-time,https://recruiting.ultipro.com/BER1002BHCS/JobBoard/ab6dd2ae-e2f4-4e5a-9d54-ba5e47b6291f/OpportunityDetail?opportunityId=36342629-69ad-40a5-b0a2-f4893b486e3e,Integritus Healthcare,https://recruiting.ultipro.com/BER1002BHCS/JobBoard/ab6dd2ae-e2f4-4e5a-9d54-ba5e47b6291f/?q=&o=postedDateDesc,2025-07-11T02:40:53.043339,ultipro
Integritus Healthcare_5045570421085974846,CLINICAL REIMBURSEMENT COORDINATOR-RN,Integritus Healthcare,"Hunt Skilled Nursing


Danvers, MA 01923, USA",Danvers,MA,"CLINICAL REIMBURSEMENT COORDINATOR-RN
Jun 30, 2025
Job Category: Administration Group
Requisition Number: CLINI003173
Schedule: Full Time
Job Location Type: On-site

Hunt Skilled Nursing


Danvers, MA 01923, USA





The primary purpose of this position is to manage all aspects of the MDS process including Medicare and long term care assessments, scheduling and completion. Works closely with clinical and administrative staff regarding Medicare admissions. Responsible for resident chart audits an...","ed Nursing Danvers, MA 01923, USA The primary purpose of this position is to manage all aspects of the MDS process including Medicare and long term care assessments, scheduling and completion. Works closely with clinical and administrative staff regarding Medicare admissions. Responsible for resident chart audits and reports to Nursing Administration.",Salary not specified,Full-time,https://recruiting.ultipro.com/BER1002BHCS/JobBoard/ab6dd2ae-e2f4-4e5a-9d54-ba5e47b6291f/OpportunityDetail?opportunityId=0534d059-5e9a-45bd-94d3-9a2327a2b197,Integritus Healthcare,https://recruiting.ultipro.com/BER1002BHCS/JobBoard/ab6dd2ae-e2f4-4e5a-9d54-ba5e47b6291f/?q=&o=postedDateDesc,2025-07-11T02:40:54.638069,ultipro
Integritus Healthcare_5458855917941410281,MEDICAL RECORDS COORDINATOR,Integritus Healthcare,"Mt. Greylock Extended Care Facility


Pittsfield, MA 01201, USA",Pittsfield,MA,"MEDICAL RECORDS COORDINATOR
Jun 30, 2025
Job Category: Operations Group
Requisition Number: MEDIC003163
Schedule: Full Time
Job Location Type: On-site

Mt. Greylock Extended Care Facility


Pittsfield, MA 01201, USA





Under the general supervision of the Administrator, and in compliance with all applicable organizational policies, standards and regulatory requirements, the individual is responsible for maintaining medical records to document history, treatments and orders, and to identify, co...",", the individual is responsible for maintaining medical records to document history, treatments and orders, and to identify, compile, abstract and code patient data using standard classification systems.",Salary not specified,Full-time,https://recruiting.ultipro.com/BER1002BHCS/JobBoard/ab6dd2ae-e2f4-4e5a-9d54-ba5e47b6291f/OpportunityDetail?opportunityId=08dd089a-9b66-4f28-8914-818b095cb4e3,Integritus Healthcare,https://recruiting.ultipro.com/BER1002BHCS/JobBoard/ab6dd2ae-e2f4-4e5a-9d54-ba5e47b6291f/?q=&o=postedDateDesc,2025-07-11T02:40:56.117988,ultipro
Integritus Healthcare_1374973246674909517,Cook,Integritus Healthcare,"Pittsfield. MA


Pittsfield, MA 01201, USA",Pittsfield,MA,"Cook
Jun 27, 2025
Job Category: Operations Group
Requisition Number: COOK0003170
Schedule: Full Time
Job Location Type: On-site

Pittsfield. MA


Pittsfield, MA 01201, USA















+1 more
The primary function of this position is to assist the Food Service Director in planning, organizing, developing and directing the comprehensive operation of the dietary department. Following current local, state and federal guidelines and regulations, as well as established policies and procedures and a...",Requirements not specified,Salary not specified,Full-time,https://recruiting.ultipro.com/BER1002BHCS/JobBoard/ab6dd2ae-e2f4-4e5a-9d54-ba5e47b6291f/OpportunityDetail?opportunityId=3d7a8948-1ca0-4f65-aa0a-547a1a316db5,Integritus Healthcare,https://recruiting.ultipro.com/BER1002BHCS/JobBoard/ab6dd2ae-e2f4-4e5a-9d54-ba5e47b6291f/?q=&o=postedDateDesc,2025-07-11T02:40:57.749479,ultipro
Integritus Healthcare_7514658001596960547,DIET AIDE- Per Diem,Integritus Healthcare,"Kimball Farms Nursing Care Center


Lenox, MA 01240, USA",Lenox,MA,"DIET AIDE- Per Diem
Jun 25, 2025
Job Category: Operations Group
Requisition Number: DIETA003168
Schedule: Part Time
Job Location Type: On-site

Kimball Farms Nursing Care Center


Lenox, MA 01240, USA





Summary: The Dietary Aide provides assistance in all dietary functions as directed/instructed and in accordance with established dietary policies and procedures.",Requirements not specified,Salary not specified,Part-time,https://recruiting.ultipro.com/BER1002BHCS/JobBoard/ab6dd2ae-e2f4-4e5a-9d54-ba5e47b6291f/OpportunityDetail?opportunityId=b835f11b-2449-4286-af44-8437d4ec5e3e,Integritus Healthcare,https://recruiting.ultipro.com/BER1002BHCS/JobBoard/ab6dd2ae-e2f4-4e5a-9d54-ba5e47b6291f/?q=&o=postedDateDesc,2025-07-11T02:40:59.652151,ultipro
Integritus Healthcare_2558879787752412262,ACTIVITIES AIDE,Integritus Healthcare,"Windsor Skilled Nursing


South Yarmouth, MA 02664, USA",South Yarmouth,MA,"ACTIVITIES AIDE
Jun 25, 2025
Job Category: Operations Group
Requisition Number: ACTIV002850
Schedule: Part Time

Windsor Skilled Nursing


South Yarmouth, MA 02664, USA





Great opportunity to get paid to have fun! Activities Aides help to encourage socialization, provide entertainment, lead groups and more! Training is provided. Activities Aides help to encourage socialization, provide entertainment, relaxation and fulfillment, and improve daily living skills.","ed Nursing South Yarmouth, MA 02664, USA Great opportunity to get paid to have fun! Activities Aides help to encourage socialization, provide entertainment, lead groups and more! Training is provided. Activities Aides help to encourage socialization, provide entertainment, relaxation and fulfillment, and improve daily living skills.",Salary not specified,Part-time,https://recruiting.ultipro.com/BER1002BHCS/JobBoard/ab6dd2ae-e2f4-4e5a-9d54-ba5e47b6291f/OpportunityDetail?opportunityId=7f150839-db19-407d-9127-657f938af958,Integritus Healthcare,https://recruiting.ultipro.com/BER1002BHCS/JobBoard/ab6dd2ae-e2f4-4e5a-9d54-ba5e47b6291f/?q=&o=postedDateDesc,2025-07-11T02:41:02.197681,ultipro
Integritus Healthcare_1286143359196629484,LICENSED SOC WORKER,Integritus Healthcare,"Hathaway Manor


New Bedford, MA 02740, USA",New Bedford,MA,"LICENSED SOC WORKER
Jun 25, 2025
Job Category: Administration Group
Requisition Number: LICEN003167
Schedule: Full Time
Job Location Type: On-site

Hathaway Manor


New Bedford, MA 02740, USA





Come join this collaborative and innovated team. At Integritus Healthcare you will enjoy WEEKLY pay, generous time off, exceptional health insurance and the ability to grow in your career. Integritus Healthcare wants you! Do you want to be valued and have an opportunity to make a meaningful impact? If ...",Requirements not specified,",",Full-time,https://recruiting.ultipro.com/BER1002BHCS/JobBoard/ab6dd2ae-e2f4-4e5a-9d54-ba5e47b6291f/OpportunityDetail?opportunityId=9c5d7993-0ef9-471c-9d37-9329c6074ab3,Integritus Healthcare,https://recruiting.ultipro.com/BER1002BHCS/JobBoard/ab6dd2ae-e2f4-4e5a-9d54-ba5e47b6291f/?q=&o=postedDateDesc,2025-07-11T02:41:04.011094,ultipro
Integritus Healthcare_7161498018016586784,LICENSED SOCIAL WORKER,Integritus Healthcare,"Hillcrest Commons


Pittsfield, MA 01201, USA",Pittsfield,MA,"LICENSED SOCIAL WORKER
Jun 25, 2025
Job Category: Operations Group
Requisition Number: LICEN003166
Schedule: Full Time

Hillcrest Commons


Pittsfield, MA 01201, USA





The purpose of this position is to provide initial psychosocial evaluations, ongoing psychosocial counseling, direct casework services, bereavement services and community education, outreach and referrals. Responsible for the delivery of varied social work services to hospice patients and families and actively participate as a ...",Requirements not specified,Salary not specified,Full-time,https://recruiting.ultipro.com/BER1002BHCS/JobBoard/ab6dd2ae-e2f4-4e5a-9d54-ba5e47b6291f/OpportunityDetail?opportunityId=38d585c8-c1e6-4801-b608-dfa0f3edbe23,Integritus Healthcare,https://recruiting.ultipro.com/BER1002BHCS/JobBoard/ab6dd2ae-e2f4-4e5a-9d54-ba5e47b6291f/?q=&o=postedDateDesc,2025-07-11T02:41:05.729133,ultipro
Integritus Healthcare_5023849992758980255,LICENSED SOC WORKER,Integritus Healthcare,"Charlene Manor


Greenfield, MA 01301, USA",Greenfield,MA,"LICENSED SOC WORKER
Jun 24, 2025
Job Category: Operations Group
Requisition Number: LICEN003155
Schedule: Full Time
Job Location Type: On-site

Charlene Manor


Greenfield, MA 01301, USA





Come join a new leadership team that is led by a strong, seasoned professional administrator and Director of Nursing. You could be part of a collaborative, energetic fun team that validates and supports each other through the good and the tough. If you want to be part of our team and you want to enjoy excel...",Requirements not specified,",",Full-time,https://recruiting.ultipro.com/BER1002BHCS/JobBoard/ab6dd2ae-e2f4-4e5a-9d54-ba5e47b6291f/OpportunityDetail?opportunityId=e53d7a6c-0334-4246-aa1d-4d4adaae7816,Integritus Healthcare,https://recruiting.ultipro.com/BER1002BHCS/JobBoard/ab6dd2ae-e2f4-4e5a-9d54-ba5e47b6291f/?q=&o=postedDateDesc,2025-07-11T02:41:07.345498,ultipro
Integritus Healthcare_877253619531745683,WARD CLERK,Integritus Healthcare,"Charlene Manor


Greenfield, MA 01301, USA",Greenfield,MA,"WARD CLERK
Jun 24, 2025
Job Category: Administration Group
Requisition Number: WARDC003165
Schedule: Full Time

Charlene Manor


Greenfield, MA 01301, USA





Do you enjoy working in a high paced, exciting work environment? Well, welcome the Charlene Manor's Rehab Unit! The primary purpose of this position is to maintain medical records in accordance with federal and state guidelines, and in accordance with our policies and procedures, to assure that a complete medical records program is mainta...",Requirements not specified,Salary not specified,Full-time,https://recruiting.ultipro.com/BER1002BHCS/JobBoard/ab6dd2ae-e2f4-4e5a-9d54-ba5e47b6291f/OpportunityDetail?opportunityId=a05f1a94-30e4-4def-a84a-414895b0e55a,Integritus Healthcare,https://recruiting.ultipro.com/BER1002BHCS/JobBoard/ab6dd2ae-e2f4-4e5a-9d54-ba5e47b6291f/?q=&o=postedDateDesc,2025-07-11T02:41:09.503194,ultipro
Hometown Nannies_4776826091048487671,"NANNY/Family Assistant, WEEKENDS (Sat & Sun 8-10 hours) & 2 WEEKDAYS| Boy (6), Boy (4), and Girl (1) | Flexible Schedule",Hometown Nannies,"NAN, NY",NAN,NY,"NANNY/Family Assistant, WEEKENDS (Sat & Sun 8-10 hours) & 2 WEEKDAYS| Boy (6), Boy (4), and Girl (1) | Flexible Schedule
Hometown Nannies Plus LLC Hybrid Household Staffing",Requirements not specified,Salary not specified,Full-time,,Hometown Nannies,https://hometownnannies.com/job-board/,2025-07-11T04:18:57.832566,custom
Hometown Nannies_2568050712601466106,Now Hiring: Part-Time Household Manager/Housekeeper| Nanny | 2 Children age 12 & 15 and Family Dog. | 30-35hr a Week | Competitive Salary,Hometown Nannies,"Ti, ME",Ti,ME,"Now Hiring: Part-Time Household Manager/Housekeeper| Nanny | 2 Children age 12 & 15 and Family Dog. | 30-35hr a Week | Competitive Salary
Hometown Nannies Plus LLC Hybrid Household Staffing",Requirements not specified,Salary not specified,Part-time,,Hometown Nannies,https://hometownnannies.com/job-board/,2025-07-11T04:18:59.656478,custom
Hometown Nannies_1927096712869805377,Nanny/Family Assistant | M-F -2PM – 7PM | Boy 10 and Girl 6 | $30-$35/HR | Start ASAP!,Hometown Nannies,"Nan, NY",Nan,NY,"Nanny/Family Assistant | M-F -2PM – 7PM | Boy 10 and Girl 6 | $30-$35/HR | Start ASAP!
Hometown Nannies Plus LLC Hybrid Household Staffing",Requirements not specified,$30-$35,Full-time,,Hometown Nannies,https://hometownnannies.com/job-board/,2025-07-11T04:19:01.273346,custom
Hometown Nannies_978381381099522091,"Nanny – Family Assistant | Mon-Fri (35+hours) | 3 boys (4 years, 2 years, 3 months) Mom is hands on with the kids so we need a team-player $30-$35/hr. June 16th start.|",Hometown Nannies,"Nan, NY",Nan,NY,"Nanny – Family Assistant | Mon-Fri (35+hours) | 3 boys (4 years, 2 years, 3 months) Mom is hands on with the kids so we need a team-player $30-$35/hr. June 16th start.|
Hometown Nannies Plus LLC Hybrid Household Staffing",Requirements not specified,$30-$35/hr,Full-time,,Hometown Nannies,https://hometownnannies.com/job-board/,2025-07-11T04:19:03.049425,custom
Hometown Nannies_4487464588361317318,"Weekend, or Every Other Weekend, CNA/HHA| Sat and Sun 9:30AM-8:00PM (flexible) + 16 overnights | |$30-$35/hr. | ASAP",Hometown Nannies,"Weekend, OR",Weekend,OR,"Weekend, or Every Other Weekend, CNA/HHA| Sat and Sun 9:30AM-8:00PM (flexible) + 16 overnights | |$30-$35/hr. | ASAP
Hometown Nannies Plus LLC Hybrid Household Staffing",Requirements not specified,$30-$35/hr,Full-time,,Hometown Nannies,https://hometownnannies.com/job-board/,2025-07-11T04:19:04.630920,custom
