id,title,company,location,city,state,url,source,source_url,scraped_at,description,platform
RydersHealth_6452333711421772254,Infection Preventionist / Staff Development Nurse,RydersHealth,Location not specified,,,,RydersHealth,https://www.rydershealth.com/jobs/,2025-07-11T14:33:17.306418,"Infection Preventionist / Staff Development Nurse
Ryders Health Management Our family taking care of yours",custom
RydersHealth_4360319610702907385,RN Supervisor (night shift),RydersHealth,Location not specified,,,,RydersHealth,https://www.rydershealth.com/jobs/,2025-07-11T14:33:17.639863,"RN Supervisor (night shift)
Douglas Manor",custom
RydersHealth_2658265041982871938,Dietary Aide,RydersHealth,Location not specified,,,,RydersHealth,https://www.rydershealth.com/jobs/,2025-07-11T14:33:18.326489,"Dietary Aide
Mystic Healthcare",custom
RydersHealth_2764761438617106608,RN/LPN,RydersHealth,Location not specified,,,,RydersHealth,https://www.rydershealth.com/jobs/,2025-07-11T14:33:18.675830,"RN/LPN
Mystic Healthcare",custom
RydersHealth_787208485097706651,MDS Reimbursement Manager,RydersHealth,Location not specified,,,,RydersHealth,https://www.rydershealth.com/jobs/,2025-07-11T14:33:19.070992,"MDS Reimbursement Manager
Lord Chamberlain Nursing and Rehabilitation",custom
RydersHealth_8406807351748679784,Front Desk Receptionist,RydersHealth,Location not specified,,,,RydersHealth,https://www.rydershealth.com/jobs/,2025-07-11T14:33:19.479737,"Front Desk Receptionist
Bel-Air Manor Our family taking care of yours",custom
RydersHealth_2113773519566997041,Occupational Therapist,RydersHealth,Location not specified,,,,RydersHealth,https://www.rydershealth.com/jobs/,2025-07-11T14:33:19.882532,"Occupational Therapist
Mystic Healthcare",custom
RydersHealth_8447272603212372004,Physical Therapist,RydersHealth,Location not specified,,,,RydersHealth,https://www.rydershealth.com/jobs/,2025-07-11T14:33:20.475526,"Physical Therapist
Greentree Manor",custom
RydersHealth_102261756912030065,Physical Therapy Assistant,RydersHealth,"Douglas Manor, LORD CHAMBERLAIN",Douglas Manor,LORD CHAMBERLAIN,,RydersHealth,https://www.rydershealth.com/jobs/,2025-07-11T14:33:21.004562,"Physical Therapy Assistant
Greentree Manor, Douglas Manor, Lord Chamberlain",custom
RydersHealth_3643747684760021561,CNA,RydersHealth,Location not specified,,,,RydersHealth,https://www.rydershealth.com/jobs/,2025-07-11T14:33:21.573880,"CNA
Cheshire House",custom
RydersHealth_6528629700432432763,RN / LPN,RydersHealth,Location not specified,,,,RydersHealth,https://www.rydershealth.com/jobs/,2025-07-11T14:33:22.279891,"RN / LPN
Cheshire House",custom
RydersHealth_6248720788168422768,Rehabilitation Aide,RydersHealth,Location not specified,,,,RydersHealth,https://www.rydershealth.com/jobs/,2025-07-11T14:33:22.599130,"Rehabilitation Aide
Aaron Manor",custom
RydersHealth_3325958861718424408,LPN Wing Nurse,RydersHealth,Location not specified,,,,RydersHealth,https://www.rydershealth.com/jobs/,2025-07-11T14:33:23.206265,"LPN Wing Nurse
Greentree Manor",custom
RydersHealth_2839798036936501245,Housekeeper,RydersHealth,Location not specified,,,,RydersHealth,https://www.rydershealth.com/jobs/,2025-07-11T14:33:24.315797,"Housekeeper
Aaron Manor",custom
RydersHealth_6984960974108310094,Cook,RydersHealth,Location not specified,,,,RydersHealth,https://www.rydershealth.com/jobs/,2025-07-11T14:33:24.640525,"Cook
Bel-Air Manor",custom
National Healthcare Associates_2860598411088922847,Contact Us,National Healthcare Associates,Location not specified,,,https://c-13329-20230208-nhca-com.i.icims.com/contact/,National Healthcare Associates,https://careers-nathealthcare.icims.com/jobs/search?ss=1&searchRelation=keyword_all,2025-07-11T14:35:07.402374,"Life Happens Here.
Contact Us
About National
Career Opportunities
Find a Location
Contact Us
Admissions Application
Payment Sources
Compliance
Privacy Policy
Notice of Privacy Practices
ⓒ 2022 National Health Care Associates. All Rights Reserved.",icims
Northbridge Communities_9169509669042048284,Activities Assistant,Northbridge Communities,"Activities Assistant Wells, MAINE",Activities Assistant Wells,MAINE,https://jobs.jobvite.com/northbridgecompanies/job/oHHrwfw5,Northbridge Communities,https://jobs.jobvite.com/northbridgecompanies/search?t=&c=&l=,2025-07-11T14:40:11.937480,"Activities Assistant Wells, Maine",custom
Northbridge Communities_77433395756312784,Activities Assistant - Full-time,Northbridge Communities,"Activities Assistant - Full-time Wayland, MA",Activities Assistant - Full-time Wayland,MA,https://jobs.jobvite.com/northbridgecompanies/job/oClvwfwI,Northbridge Communities,https://jobs.jobvite.com/northbridgecompanies/search?t=&c=&l=,2025-07-11T14:40:12.342062,"Activities Assistant - Full-time Wayland, Massachusetts",custom
Northbridge Communities_4945428869639683265,"Activities Assistant, Memory Care Part-time",Northbridge Communities,"Memory Care Part-time Westbrook, MAINE",Memory Care Part-time Westbrook,MAINE,https://jobs.jobvite.com/northbridgecompanies/job/o4XtwfwK,Northbridge Communities,https://jobs.jobvite.com/northbridgecompanies/search?t=&c=&l=,2025-07-11T14:40:12.688775,"Activities Assistant, Memory Care Part-time Westbrook, Maine",custom
Northbridge Communities_8165461771169983981,Activities/ Program Assistant,Northbridge Communities,"Activities/ Program Assistant Cape Elizabeth, MAINE",Activities/ Program Assistant Cape Elizabeth,MAINE,https://jobs.jobvite.com/northbridgecompanies/job/oVsawfwN,Northbridge Communities,https://jobs.jobvite.com/northbridgecompanies/search?t=&c=&l=,2025-07-11T14:40:13.105185,"Activities/ Program Assistant Cape Elizabeth, Maine",custom
Northbridge Communities_6811567288342354397,Activity Assistant - $1000 SIGN ON BONUS,Northbridge Communities,"Activity Assistant - $1000 SIGN ON BONUS Brunswick, MAINE",Activity Assistant - $1000 SIGN ON BONUS Brunswick,MAINE,https://jobs.jobvite.com/northbridgecompanies/job/olSpwfwS,Northbridge Communities,https://jobs.jobvite.com/northbridgecompanies/search?t=&c=&l=,2025-07-11T14:40:13.557325,"Activity Assistant - $1000 SIGN ON BONUS Brunswick, Maine",custom
Northbridge Communities_4180219885726596537,Activity Assistant Memory Care - Part-time,Northbridge Communities,"Activity Assistant Memory Care - Part-time Burlington, MA",Activity Assistant Memory Care - Part-time Burlington,MA,https://jobs.jobvite.com/northbridgecompanies/job/oA6ywfwu,Northbridge Communities,https://jobs.jobvite.com/northbridgecompanies/search?t=&c=&l=,2025-07-11T14:40:13.945130,"Activity Assistant Memory Care - Part-time Burlington, Massachusetts",custom
Northbridge Communities_736512839708215274,Assistant Resident Engagement Director,Northbridge Communities,"Assistant Resident Engagement Director Brunswick, MAINE",Assistant Resident Engagement Director Brunswick,MAINE,https://jobs.jobvite.com/northbridgecompanies/job/oDmvwfwK,Northbridge Communities,https://jobs.jobvite.com/northbridgecompanies/search?t=&c=&l=,2025-07-11T14:40:14.354274,"Assistant Resident Engagement Director Brunswick, Maine",custom
Northbridge Communities_4855444886755465444,"Care Staff - PSS, CNA, CRMA",Northbridge Communities,"CRMA Cape Elizabeth, MAINE",CRMA Cape Elizabeth,MAINE,https://jobs.jobvite.com/northbridgecompanies/job/oS3NvfwX,Northbridge Communities,https://jobs.jobvite.com/northbridgecompanies/search?t=&c=&l=,2025-07-11T14:40:14.972947,"Care Staff - PSS, CNA, CRMA Cape Elizabeth, Maine",custom
Northbridge Communities_937158743360058329,CAREGIVER - EARN WHILE YOU LEARN,Northbridge Communities,"CAREGIVER - EARN WHILE YOU LEARN North Dartmouth, MA",CAREGIVER - EARN WHILE YOU LEARN North Dartmouth,MA,https://jobs.jobvite.com/northbridgecompanies/job/o3Cswfwn,Northbridge Communities,https://jobs.jobvite.com/northbridgecompanies/search?t=&c=&l=,2025-07-11T14:40:15.510804,"CAREGIVER - EARN WHILE YOU LEARN North Dartmouth, Massachusetts",custom
Northbridge Communities_2477776406546383590,"Caregiver - No License/Certification Required, *New Increased Wages*",Northbridge Communities,"*New Increased Wages* Milford, NEW HAMPSHIRE",*New Increased Wages* Milford,NEW HAMPSHIRE,https://jobs.jobvite.com/northbridgecompanies/job/ocyswfws,Northbridge Communities,https://jobs.jobvite.com/northbridgecompanies/search?t=&c=&l=,2025-07-11T14:40:15.945951,"Caregiver - No License/Certification Required, *New Increased Wages* Milford, New Hampshire",custom
Northbridge Communities_8253911851031527664,Caregiver Training Program - Earn While You Learn,Northbridge Communities,"Caregiver Training Program - Earn While You Learn Plymouth, MA",Caregiver Training Program - Earn While You Learn Plymouth,MA,https://jobs.jobvite.com/northbridgecompanies/job/oC1vwfwo,Northbridge Communities,https://jobs.jobvite.com/northbridgecompanies/search?t=&c=&l=,2025-07-11T14:40:16.494054,"Caregiver Training Program - Earn While You Learn Plymouth, Massachusetts",custom
Northbridge Communities_6274230956216554836,"Caregiver Training Program - Earn while You Learn, we will certify you!",Northbridge Communities,"Caregiver Training Program - Earn while You Learn, WE",Caregiver Training Program - Earn while You Learn,WE,https://jobs.jobvite.com/northbridgecompanies/job/o2PvwfwC,Northbridge Communities,https://jobs.jobvite.com/northbridgecompanies/search?t=&c=&l=,2025-07-11T14:40:16.904002,"Caregiver Training Program - Earn while You Learn, we will certify you! Burlington, Massachusetts",custom
Northbridge Communities_2767417221109330170,Caregiver-Earn while you Learn at NO cost to you!,Northbridge Communities,"Caregiver-Earn while you Learn at NO cost to you! Mashpee, MA",Caregiver-Earn while you Learn at NO cost to you! Mashpee,MA,https://jobs.jobvite.com/northbridgecompanies/job/oAIswfw0,Northbridge Communities,https://jobs.jobvite.com/northbridgecompanies/search?t=&c=&l=,2025-07-11T14:40:17.296440,"Caregiver-Earn while you Learn at NO cost to you! Mashpee, Massachusetts",custom
Northbridge Communities_9053960870831248445,"CNA - Certified Nursing Assistant, PT",Northbridge Communities,"CNA - Certified Nursing Assistant, PT",CNA - Certified Nursing Assistant,PT,https://jobs.jobvite.com/northbridgecompanies/job/oMapwfwB,Northbridge Communities,https://jobs.jobvite.com/northbridgecompanies/search?t=&c=&l=,2025-07-11T14:40:17.685471,"CNA - Certified Nursing Assistant, PT Simsbury, Connecticut",custom
Northbridge Communities_720863169842095815,CNA - HHA,Northbridge Communities,"CNA - HHA Wayland, MA",CNA - HHA Wayland,MA,https://jobs.jobvite.com/northbridgecompanies/job/oMlvwfwS,Northbridge Communities,https://jobs.jobvite.com/northbridgecompanies/search?t=&c=&l=,2025-07-11T14:40:18.156773,"CNA - HHA Wayland, Massachusetts",custom
Northbridge Communities_5169015918693465450,"CNA - HHA Full-Time & Part-Time, All Shifts",Northbridge Communities,"All Shifts Plymouth, MA",All Shifts Plymouth,MA,https://jobs.jobvite.com/northbridgecompanies/job/oB1vwfwn,Northbridge Communities,https://jobs.jobvite.com/northbridgecompanies/search?t=&c=&l=,2025-07-11T14:40:18.595998,"CNA - HHA Full-Time & Part-Time, All Shifts Plymouth, Massachusetts",custom
Northbridge Communities_2404949712725778170,CNA - HHA 3pm-11pm Full-Time,Northbridge Communities,"CNA - HHA 3pm-11pm Full-Time Marblehead, MA",CNA - HHA 3pm-11pm Full-Time Marblehead,MA,https://jobs.jobvite.com/northbridgecompanies/job/ooJtwfwQ,Northbridge Communities,https://jobs.jobvite.com/northbridgecompanies/search?t=&c=&l=,2025-07-11T14:40:19.069553,"CNA - HHA 3pm-11pm Full-Time Marblehead, Massachusetts",custom
Northbridge Communities_4225041820652714586,CNA / HHA 3p-11p and 11p-7a,Northbridge Communities,"CNA / HHA 3p-11p and 11p-7a Mashpee, MA",CNA / HHA 3p-11p and 11p-7a Mashpee,MA,https://jobs.jobvite.com/northbridgecompanies/job/oO5ywfwH,Northbridge Communities,https://jobs.jobvite.com/northbridgecompanies/search?t=&c=&l=,2025-07-11T14:40:19.534110,"CNA / HHA 3p-11p and 11p-7a Mashpee, Massachusetts",custom
Northbridge Communities_3858834660285343992,CNA / HHA - Full and Part-Time,Northbridge Communities,"CNA / HHA - Full and Part-Time Tewksbury, MA",CNA / HHA - Full and Part-Time Tewksbury,MA,https://jobs.jobvite.com/northbridgecompanies/job/o5WswfwJ,Northbridge Communities,https://jobs.jobvite.com/northbridgecompanies/search?t=&c=&l=,2025-07-11T14:40:19.933921,"CNA / HHA - Full and Part-Time Tewksbury, Massachusetts",custom
Northbridge Communities_29367587543843639,CNA / HHA - Full-time Overnights,Northbridge Communities,"CNA / HHA - Full-time Overnights Needham, MA",CNA / HHA - Full-time Overnights Needham,MA,https://jobs.jobvite.com/northbridgecompanies/job/oZWswfwD,Northbridge Communities,https://jobs.jobvite.com/northbridgecompanies/search?t=&c=&l=,2025-07-11T14:40:20.342862,"CNA / HHA - Full-time Overnights Needham, Massachusetts",custom
Northbridge Communities_7547998473886614069,CNA / HHA - Part-time,Northbridge Communities,"CNA / HHA - Part-time Andover, MA",CNA / HHA - Part-time Andover,MA,https://jobs.jobvite.com/northbridgecompanies/job/oi5ywfwb,Northbridge Communities,https://jobs.jobvite.com/northbridgecompanies/search?t=&c=&l=,2025-07-11T14:40:20.734857,"CNA / HHA - Part-time Andover, Massachusetts",custom
Northbridge Communities_6972136206230540459,CNA/ PSS *Increased Shift Differentials $2-$5 per hour!,Northbridge Communities,"CNA/ PSS *Increased Shift Differentials $2-$5 per hour! Saco, MAINE",CNA/ PSS *Increased Shift Differentials $2-$5 per hour! Saco,MAINE,https://jobs.jobvite.com/northbridgecompanies/job/oPsxwfw4,Northbridge Communities,https://jobs.jobvite.com/northbridgecompanies/search?t=&c=&l=,2025-07-11T14:40:21.106330,"CNA/ PSS *Increased Shift Differentials $2-$5 per hour! Saco, Maine",custom
Northbridge Communities_6711565202257108365,CNA/ PSS - Day Shift,Northbridge Communities,"CNA/ PSS - Day Shift Westbrook, MAINE",CNA/ PSS - Day Shift Westbrook,MAINE,https://jobs.jobvite.com/northbridgecompanies/job/opJwwfwU,Northbridge Communities,https://jobs.jobvite.com/northbridgecompanies/search?t=&c=&l=,2025-07-11T14:40:21.468703,"CNA/ PSS - Day Shift Westbrook, Maine",custom
Northbridge Communities_6464405135734438151,CNA/ PSS - Work with a Great team!,Northbridge Communities,"CNA/ PSS - Work with a Great team! Westbrook, MAINE",CNA/ PSS - Work with a Great team! Westbrook,MAINE,https://jobs.jobvite.com/northbridgecompanies/job/oSHwwfwl,Northbridge Communities,https://jobs.jobvite.com/northbridgecompanies/search?t=&c=&l=,2025-07-11T14:40:21.943012,"CNA/ PSS - Work with a Great team! Westbrook, Maine",custom
Northbridge Communities_7246342857944546675,CNA/PSS Full Time,Northbridge Communities,"CNA/PSS Full Time Westbrook, MAINE",CNA/PSS Full Time Westbrook,MAINE,https://jobs.jobvite.com/northbridgecompanies/job/ohQswfwP,Northbridge Communities,https://jobs.jobvite.com/northbridgecompanies/search?t=&c=&l=,2025-07-11T14:40:22.366382,"CNA/PSS Full Time Westbrook, Maine",custom
Northbridge Communities_8642991917886378922,CNA/PSS Full-Time 10:00pm-6:30am,Northbridge Communities,"CNA/PSS Full-Time 10:00pm-6:30am Westbrook, MAINE",CNA/PSS Full-Time 10:00pm-6:30am Westbrook,MAINE,https://jobs.jobvite.com/northbridgecompanies/job/oDuvwfwS,Northbridge Communities,https://jobs.jobvite.com/northbridgecompanies/search?t=&c=&l=,2025-07-11T14:40:22.744333,"CNA/PSS Full-Time 10:00pm-6:30am Westbrook, Maine",custom
Northbridge Communities_8851517318761104933,CNA/PSS Per Diem,Northbridge Communities,"CNA/PSS Per Diem Westbrook, MAINE",CNA/PSS Per Diem Westbrook,MAINE,https://jobs.jobvite.com/northbridgecompanies/job/oUKtwfwn,Northbridge Communities,https://jobs.jobvite.com/northbridgecompanies/search?t=&c=&l=,2025-07-11T14:40:23.226276,"CNA/PSS Per Diem Westbrook, Maine",custom
Northbridge Communities_5104417854233558172,CNA/PSS /CRMA Per diem,Northbridge Communities,"CNA/PSS /CRMA Per diem Wells, MAINE",CNA/PSS /CRMA Per diem Wells,MAINE,https://jobs.jobvite.com/northbridgecompanies/job/otFrwfwP,Northbridge Communities,https://jobs.jobvite.com/northbridgecompanies/search?t=&c=&l=,2025-07-11T14:40:23.713457,"CNA/PSS /CRMA Per diem Wells, Maine",custom
Northbridge Communities_1070589548633594412,CNA/PSS/CRMA - First and Second Shift available,Northbridge Communities,"CNA/PSS/CRMA - First and Second Shift available Wells, MAINE",CNA/PSS/CRMA - First and Second Shift available Wells,MAINE,https://jobs.jobvite.com/northbridgecompanies/job/o9ovwfwi,Northbridge Communities,https://jobs.jobvite.com/northbridgecompanies/search?t=&c=&l=,2025-07-11T14:40:24.109870,"CNA/PSS/CRMA - First and Second Shift available Wells, Maine",custom
Northbridge Communities_279283788236567610,CRMA per diem,Northbridge Communities,"CRMA per diem Westbrook, MAINE",CRMA per diem Westbrook,MAINE,https://jobs.jobvite.com/northbridgecompanies/job/obpvwfwl,Northbridge Communities,https://jobs.jobvite.com/northbridgecompanies/search?t=&c=&l=,2025-07-11T14:40:24.485886,"CRMA per diem Westbrook, Maine",custom
Northbridge Communities_4125723730927530326,CRMA Weekend Baylor 6p -6:30a,Northbridge Communities,"CRMA Weekend Baylor 6p -6:30a Westbrook, MAINE",CRMA Weekend Baylor 6p -6:30a Westbrook,MAINE,https://jobs.jobvite.com/northbridgecompanies/job/oJtvwfwX,Northbridge Communities,https://jobs.jobvite.com/northbridgecompanies/search?t=&c=&l=,2025-07-11T14:40:24.934002,"CRMA Weekend Baylor 6p -6:30a Westbrook, Maine",custom
Northbridge Communities_7873569873244103029,CRMA/CNA/PSS per diem,Northbridge Communities,"CRMA/CNA/PSS per diem Westbrook, MAINE",CRMA/CNA/PSS per diem Westbrook,MAINE,https://jobs.jobvite.com/northbridgecompanies/job/okIwwfwO,Northbridge Communities,https://jobs.jobvite.com/northbridgecompanies/search?t=&c=&l=,2025-07-11T14:40:25.353715,"CRMA/CNA/PSS per diem Westbrook, Maine",custom
Northbridge Communities_1037243498208764949,Dining Room Supervisor,Northbridge Communities,"Dining Room Supervisor Simsbury, CT",Dining Room Supervisor Simsbury,CT,https://jobs.jobvite.com/northbridgecompanies/job/ooDmwfwD,Northbridge Communities,https://jobs.jobvite.com/northbridgecompanies/search?t=&c=&l=,2025-07-11T14:40:25.790314,"Dining Room Supervisor Simsbury, Connecticut",custom
Northbridge Communities_6802478869473138174,Director of Memory Care and Community Programming-Assisted Living,Northbridge Communities,"Director of Memory Care and Community Programming-Assisted Living Wayland, MA",Director of Memory Care and Community Programming-Assisted Living Wayland,MA,https://jobs.jobvite.com/northbridgecompanies/job/o5gwwfw7,Northbridge Communities,https://jobs.jobvite.com/northbridgecompanies/search?t=&c=&l=,2025-07-11T14:40:26.303931,"Director of Memory Care and Community Programming-Assisted Living Wayland, Massachusetts",custom
Northbridge Communities_7989102478796166354,Executive Director - Assisted Living,Northbridge Communities,"Executive Director - Assisted Living Tewksbury, MA",Executive Director - Assisted Living Tewksbury,MA,https://jobs.jobvite.com/northbridgecompanies/job/otHwwfwW,Northbridge Communities,https://jobs.jobvite.com/northbridgecompanies/search?t=&c=&l=,2025-07-11T14:40:26.708524,"Executive Director - Assisted Living Tewksbury, Massachusetts",custom
Northbridge Communities_5384664816107268793,"HIRING ALL SHIFTS CNA/HHAs, Competitive Rates",Northbridge Communities,"Competitive Rates Plymouth, MA",Competitive Rates Plymouth,MA,https://jobs.jobvite.com/northbridgecompanies/job/oHEwwfw7,Northbridge Communities,https://jobs.jobvite.com/northbridgecompanies/search?t=&c=&l=,2025-07-11T14:40:27.110701,"HIRING ALL SHIFTS CNA/HHAs, Competitive Rates Plymouth, Massachusetts",custom
Northbridge Communities_6922541389321328488,Housekeeper - Full-time,Northbridge Communities,"Housekeeper - Full-time Needham, MA",Housekeeper - Full-time Needham,MA,https://jobs.jobvite.com/northbridgecompanies/job/oy6ywfws,Northbridge Communities,https://jobs.jobvite.com/northbridgecompanies/search?t=&c=&l=,2025-07-11T14:40:27.504342,"Housekeeper - Full-time Needham, Massachusetts",custom
Northbridge Communities_6589962502313685387,Kitchen Crew - No late nights! Culinary Aide,Northbridge Communities,"Kitchen Crew - No late nights! Culinary Aide Wells, MAINE",Kitchen Crew - No late nights! Culinary Aide Wells,MAINE,https://jobs.jobvite.com/northbridgecompanies/job/obovwfwk,Northbridge Communities,https://jobs.jobvite.com/northbridgecompanies/search?t=&c=&l=,2025-07-11T14:40:27.966695,"Kitchen Crew - No late nights! Culinary Aide Wells, Maine",custom
Orange Health Care Center_1442290064384272836,Registered Nurse,Orange Health Care Center,IN,,IN,http://orange-healthcare.com/website/publish/employment/employmentDetail.php?Registered-Nurse-101,Orange Health Care Center,http://orange-healthcare.com/website/publish/employment/employmentList.php?1,2025-07-11T14:57:21.671495,"Registered Nurse
Currently accepting resumes for enthusiastic Registered Nurses looking to work in a dynamic, team-centered environment ... [ more ]",custom
Orange Health Care Center_3605215054774752095,About Us,Orange Health Care Center,Location not specified,,,http://orange-healthcare.com/website/publish/about/index.php?2,Orange Health Care Center,http://orange-healthcare.com/website/publish/employment/employmentList.php?1,2025-07-11T14:57:22.120349,About Us,custom
Orange Health Care Center_1751772087140869953,Rehabilitation,Orange Health Care Center,Location not specified,,,http://orange-healthcare.com/website/publish/rehabilitation/index.php?2,Orange Health Care Center,http://orange-healthcare.com/website/publish/employment/employmentList.php?1,2025-07-11T14:57:22.588397,Rehabilitation,custom
Orange Health Care Center_9027970749875389121,Long Term Care,Orange Health Care Center,Location not specified,,,http://orange-healthcare.com/website/publish/longterm/index.php?2,Orange Health Care Center,http://orange-healthcare.com/website/publish/employment/employmentList.php?1,2025-07-11T14:57:23.073241,Long Term Care,custom
Orange Health Care Center_1177695959241567047,Contact Us,Orange Health Care Center,Location not specified,,,http://orange-healthcare.com/website/publish/contact/,Orange Health Care Center,http://orange-healthcare.com/website/publish/employment/employmentList.php?1,2025-07-11T14:57:23.581427,Contact Us,custom
Orange Health Care Center_9175797787295278227,Non-Discrimination,Orange Health Care Center,Location not specified,,,http://orange-healthcare.com/website/publish/about/index.php?Notices-9,Orange Health Care Center,http://orange-healthcare.com/website/publish/employment/employmentList.php?1,2025-07-11T14:57:24.023202,Non-Discrimination,custom
Orange Health Care Center_9175797787295278227,Language Assistance,Orange Health Care Center,Location not specified,,,http://orange-healthcare.com/website/publish/about/index.php?Notices-9,Orange Health Care Center,http://orange-healthcare.com/website/publish/employment/employmentList.php?1,2025-07-11T14:57:24.534086,Language Assistance,custom
Harbor Chase_8977507434401462188,Licensed Practical Nurse ( LPN ) PRN,Harbor Chase,"Palm Beach Gardens, FL",Palm Beach Gardens,FL,https://recruiting.ultipro.com/HAR1012/JobBoard/c8658d95-b2fe-7c84-9ea4-273644487cd4/OpportunityDetail?opportunityId=40d4b69f-1a06-4f12-aec9-1d224ff32432,Harbor Chase,https://recruiting.ultipro.com/HAR1012/JobBoard/c8658d95-b2fe-7c84-9ea4-273644487cd4/?q=&o=postedDateDesc,2025-07-11T14:59:00.837732,"Licensed Practical Nurse ( LPN ) PRN
Jul 10, 2025
Job Category: Resident Care-AL
Requisition Number: LICEN021411
Schedule: Part Time
Job Location Type: On-site




Palm Beach Gardens, FL 33418, USA





PRN LPN needed. Provides direct and individual nursing care to assigned residents based on nursing standards and under the supervision of the Director of Resident Care (DRC). Also maintains compliance with all state and federal regulations and the standards of HRA.",ultipro
Harbor Chase_6231736876815840159,Licensed Practical Nurse (LPN),Harbor Chase,"Coral Springs, FL",Coral Springs,FL,https://recruiting.ultipro.com/HAR1012/JobBoard/c8658d95-b2fe-7c84-9ea4-273644487cd4/OpportunityDetail?opportunityId=1fdda9d8-e6df-45aa-a258-9de7ac0835ca,Harbor Chase,https://recruiting.ultipro.com/HAR1012/JobBoard/c8658d95-b2fe-7c84-9ea4-273644487cd4/?q=&o=postedDateDesc,2025-07-11T14:59:01.111936,"Licensed Practical Nurse (LPN)
Jul 10, 2025
Job Category: Resident Care-AL
Requisition Number: LICEN021407
Schedule: Part Time




Coral Springs, FL 33065, USA





Please only apply if you have a flexible schedule and understand that you are expected to fill in shifts as needed to the best of your ability. We are seeking a per diem LPN candidate with experience in either Assisted Living, Skilled Nursing, or Home Health with ALF experience, and possesses a passion for helping seniors. The shifts...",ultipro
Harbor Chase_2595489119404209204,AL Medication Assistant,Harbor Chase,"Boynton Beach, FL",Boynton Beach,FL,https://recruiting.ultipro.com/HAR1012/JobBoard/c8658d95-b2fe-7c84-9ea4-273644487cd4/OpportunityDetail?opportunityId=65cc5858-3d20-4481-b98b-4d2fe500ac70,Harbor Chase,https://recruiting.ultipro.com/HAR1012/JobBoard/c8658d95-b2fe-7c84-9ea4-273644487cd4/?q=&o=postedDateDesc,2025-07-11T14:59:01.390854,"AL Medication Assistant
Jul 9, 2025
Job Category: Resident Care-AL
Requisition Number: ALMED021406
Schedule: Full Time




Boynton Beach, FL 33436, USA





A Medication Assistant, also known as a Certified Medication Aide (CMA) or Medication Technician, primarily administers medications to patients in a healthcare setting, under the supervision of a licensed nurse. They also play a crucial role in patient care by documenting medication administration, monitoring patient responses, and reporting...",ultipro
Harbor Chase_4405379956862148494,LPN LVN-AL,Harbor Chase,"Boynton Beach, FL",Boynton Beach,FL,https://recruiting.ultipro.com/HAR1012/JobBoard/c8658d95-b2fe-7c84-9ea4-273644487cd4/OpportunityDetail?opportunityId=dbf90243-4f9b-4ea0-80c7-c41e84cbd290,Harbor Chase,https://recruiting.ultipro.com/HAR1012/JobBoard/c8658d95-b2fe-7c84-9ea4-273644487cd4/?q=&o=postedDateDesc,2025-07-11T14:59:01.664505,"LPN LVN-AL
Jul 9, 2025
Job Category: Resident Care-AL
Requisition Number: LPNLV021405
Schedule: Full Time
Job Location Type: On-site




Boynton Beach, FL 33436, USA





Provides direct and individual nursing care to assigned residents based on nursing standards and under the supervision of the Director of Resident Care (DRC). Also maintains compliance with all state and federal regulations and the standards of HRA.",ultipro
Harbor Chase_3495703929749333008,Director of Sales,Harbor Chase,"Jacksonville, FL",Jacksonville,FL,https://recruiting.ultipro.com/HAR1012/JobBoard/c8658d95-b2fe-7c84-9ea4-273644487cd4/OpportunityDetail?opportunityId=23a50c18-3aca-4d6c-8acb-d0fe2c00e062,Harbor Chase,https://recruiting.ultipro.com/HAR1012/JobBoard/c8658d95-b2fe-7c84-9ea4-273644487cd4/?q=&o=postedDateDesc,2025-07-11T14:59:01.960683,"Director of Sales
Jul 8, 2025
Job Category: Marketing
Requisition Number: DIREC021403
Schedule: Full Time




Jacksonville, FL 32223, USA





The Director of Sales is responsible for managing occupancy development of the community, actively marketing the community by networking in the local community with residents, families, discharge planners, social service workers, local community business organizations and other referral sources.",ultipro
Harbor Chase_8608516294876232929,LVN,Harbor Chase,"Southlake, TX",Southlake,TX,https://recruiting.ultipro.com/HAR1012/JobBoard/c8658d95-b2fe-7c84-9ea4-273644487cd4/OpportunityDetail?opportunityId=5704e0a9-d72e-4c5e-adf2-03757d064c82,Harbor Chase,https://recruiting.ultipro.com/HAR1012/JobBoard/c8658d95-b2fe-7c84-9ea4-273644487cd4/?q=&o=postedDateDesc,2025-07-11T14:59:02.321529,"LVN
Jul 8, 2025
Job Category: Resident Care-AL
Requisition Number: LVN00021401
Schedule: Full Time
Job Location Type: On-site




Southlake, TX 760925236, USA





Provides direct and individual nursing care to assigned residents based on nursing standards and under the supervision of the Director of Resident Care (DRC). Also maintains compliance with all state and federal regulations and the standards of HRA.",ultipro
Harbor Chase_435833269083125690,Life Enrichment Coordinator,Harbor Chase,"Sarasota, FL",Sarasota,FL,https://recruiting.ultipro.com/HAR1012/JobBoard/c8658d95-b2fe-7c84-9ea4-273644487cd4/OpportunityDetail?opportunityId=f4b66277-2581-4300-92fd-f0404e6db113,Harbor Chase,https://recruiting.ultipro.com/HAR1012/JobBoard/c8658d95-b2fe-7c84-9ea4-273644487cd4/?q=&o=postedDateDesc,2025-07-11T14:59:02.664792,"Life Enrichment Coordinator
Jul 8, 2025
Job Category: Life Enrichment
Requisition Number: LIFEE021399
Schedule: Full Time
Job Location Type: On-site




Sarasota, FL 34233, USA





Assisted Living and Memory Care. Assists in the implementation of a comprehensive activities program geared to meet the spiritual, physical, social and psychosocial needs of community residents.",ultipro
Harbor Chase_567974109480102677,Cook,Harbor Chase,"Plano, TX",Plano,TX,https://recruiting.ultipro.com/HAR1012/JobBoard/c8658d95-b2fe-7c84-9ea4-273644487cd4/OpportunityDetail?opportunityId=6976fc21-dbd6-4a26-85cc-d126441e7a61,Harbor Chase,https://recruiting.ultipro.com/HAR1012/JobBoard/c8658d95-b2fe-7c84-9ea4-273644487cd4/?q=&o=postedDateDesc,2025-07-11T14:59:03.074493,"Cook
Jul 8, 2025
Job Category: Dietary
Requisition Number: COOK0021397
Schedule: Full Time




Plano, TX 75024, USA





“In response to the crisis surrounding Coronavirus / COVID-19, HarborChase is offering assistance those whose employment is impacted. We are hiring Full Time, Part Time, and Temporary Associates (PRN). Stewardship is a CORE value at HarborChase, so when our community is in a time of need, we are elated to be able to lend a helping hand.” The cook assists with preparing menus, ...",ultipro
Harbor Chase_7186087016270491339,Dir. Of Life Enrichment,Harbor Chase,"Palm Beach Gardens, FL",Palm Beach Gardens,FL,https://recruiting.ultipro.com/HAR1012/JobBoard/c8658d95-b2fe-7c84-9ea4-273644487cd4/OpportunityDetail?opportunityId=70d760fd-ec21-419c-bdb8-79b5d00f7ab8,Harbor Chase,https://recruiting.ultipro.com/HAR1012/JobBoard/c8658d95-b2fe-7c84-9ea4-273644487cd4/?q=&o=postedDateDesc,2025-07-11T14:59:03.387505,"Dir. Of Life Enrichment
Jul 7, 2025
Job Category: Life Enrichment
Requisition Number: DIROF021396
Schedule: Full Time
Job Location Type: On-site




Palm Beach Gardens, FL 33418, USA





Develops and implements inspiring success oriented Life Enrichment programs designed to meet the overall needs of the residents based on the person centered care approach.",ultipro
Harbor Chase_3400055461554794835,Life Enrichment Coordinator,Harbor Chase,"Boynton Beach, FL",Boynton Beach,FL,https://recruiting.ultipro.com/HAR1012/JobBoard/c8658d95-b2fe-7c84-9ea4-273644487cd4/OpportunityDetail?opportunityId=eb6e446a-6c99-412a-8409-e4828e1d1fda,Harbor Chase,https://recruiting.ultipro.com/HAR1012/JobBoard/c8658d95-b2fe-7c84-9ea4-273644487cd4/?q=&o=postedDateDesc,2025-07-11T14:59:03.669928,"Life Enrichment Coordinator
Jul 7, 2025
Job Category: Life Enrichment
Requisition Number: LIFEE021395
Schedule: Part Time
Job Location Type: On-site




Boynton Beach, FL 33436, USA





Activities Assistant",ultipro
Harbor Chase_2096161958682238461,LPN - Licensed Practical Nurse,Harbor Chase,"Wilmington, DE",Wilmington,DE,https://recruiting.ultipro.com/HAR1012/JobBoard/c8658d95-b2fe-7c84-9ea4-273644487cd4/OpportunityDetail?opportunityId=af5f7e33-a3b4-4216-bd0f-966955db0316,Harbor Chase,https://recruiting.ultipro.com/HAR1012/JobBoard/c8658d95-b2fe-7c84-9ea4-273644487cd4/?q=&o=postedDateDesc,2025-07-11T14:59:04.002977,"LPN - Licensed Practical Nurse
Jul 7, 2025
Job Category: Resident Care-AL
Requisition Number: LPNLI021394
Schedule: Part Time
Job Location Type: On-site




Wilmington, DE, USA















+1 more
Provides direct and individual nursing care to assigned residents based on nursing standards and under the supervision of the Director of Resident Care (DRC). Also maintains compliance with all state and federal regulations and the standards of HRA",ultipro
Harbor Chase_4171090100316380607,Licensed Practical Nurse ( LPN ),Harbor Chase,"Palm Beach Gardens, FL",Palm Beach Gardens,FL,https://recruiting.ultipro.com/HAR1012/JobBoard/c8658d95-b2fe-7c84-9ea4-273644487cd4/OpportunityDetail?opportunityId=5f913175-c08e-4f65-8d31-73d31ae8b292,Harbor Chase,https://recruiting.ultipro.com/HAR1012/JobBoard/c8658d95-b2fe-7c84-9ea4-273644487cd4/?q=&o=postedDateDesc,2025-07-11T14:59:04.360910,"Licensed Practical Nurse ( LPN )
Jul 7, 2025
Job Category: Resident Care-AL
Requisition Number: LICEN021390
Schedule: Full Time
Job Location Type: On-site




Palm Beach Gardens, FL 33418, USA





PRN LPN needed. Provides direct and individual nursing care to assigned residents based on nursing standards and under the supervision of the Director of Resident Care (DRC). Also maintains compliance with all state and federal regulations and the standards of HRA.",ultipro
Harbor Chase_4397957387939993130,Activities Coordinator,Harbor Chase,"Lady Lake, FL",Lady Lake,FL,https://recruiting.ultipro.com/HAR1012/JobBoard/c8658d95-b2fe-7c84-9ea4-273644487cd4/OpportunityDetail?opportunityId=033dd908-d258-45b2-96f2-82aed79fa5ef,Harbor Chase,https://recruiting.ultipro.com/HAR1012/JobBoard/c8658d95-b2fe-7c84-9ea4-273644487cd4/?q=&o=postedDateDesc,2025-07-11T14:59:04.648549,"Activities Coordinator
Jul 4, 2025
Job Category: Life Enrichment
Requisition Number: ACTIV021389
Schedule: Part Time
Job Location Type: On-site




Lady Lake, FL 32159, USA





The Activities Coordinator/Life Enrichment Coordinator assists the Life Enrichment Director in the implementation of a comprehensive activities program geared to meet the spiritual, physical, social and psychosocial needs of community residents. This is a part time position.",ultipro
Harbor Chase_7016154407947497049,Licensed Practical Nurses (LPN),Harbor Chase,"Naperville, IL",Naperville,IL,https://recruiting.ultipro.com/HAR1012/JobBoard/c8658d95-b2fe-7c84-9ea4-273644487cd4/OpportunityDetail?opportunityId=da2a521a-ed54-42a3-a475-281d297f65b0,Harbor Chase,https://recruiting.ultipro.com/HAR1012/JobBoard/c8658d95-b2fe-7c84-9ea4-273644487cd4/?q=&o=postedDateDesc,2025-07-11T14:59:04.958660,"Licensed Practical Nurses (LPN)
Jul 3, 2025
Job Category: Resident Care-AL
Requisition Number: LICEN021388
Schedule: Full Time




Naperville, IL 60540, USA





Provides direct and individual nursing care to assigned residents based on nursing standards and under the supervision of the Director of Resident Care (DRC). Also maintains compliance with all state and federal regulations and the standards of HRA.",ultipro
Harbor Chase_4830458793521641564,Director of Life Enrichment,Harbor Chase,"Lady Lake, FL",Lady Lake,FL,https://recruiting.ultipro.com/HAR1012/JobBoard/c8658d95-b2fe-7c84-9ea4-273644487cd4/OpportunityDetail?opportunityId=3fdd6d3e-75a0-496c-acbf-aafbfe274bb4,Harbor Chase,https://recruiting.ultipro.com/HAR1012/JobBoard/c8658d95-b2fe-7c84-9ea4-273644487cd4/?q=&o=postedDateDesc,2025-07-11T14:59:05.308372,"Director of Life Enrichment
Jul 3, 2025
Job Category: Life Enrichment
Requisition Number: DIREC021387
Schedule: Full Time
Job Location Type: On-site




Lady Lake, FL 32159, USA





Develops and implements inspiring success oriented Life Enrichment programs designed to meet the overall needs of the residents based on the person centered care approach.",ultipro
Harbor Chase_3795883231337179834,CNA - Certified Nursing Assistant,Harbor Chase,"Branford, CT",Branford,CT,https://recruiting.ultipro.com/HAR1012/JobBoard/c8658d95-b2fe-7c84-9ea4-273644487cd4/OpportunityDetail?opportunityId=4e6894a0-41ca-406d-b32f-341014873a62,Harbor Chase,https://recruiting.ultipro.com/HAR1012/JobBoard/c8658d95-b2fe-7c84-9ea4-273644487cd4/?q=&o=postedDateDesc,2025-07-11T14:59:05.630708,"CNA - Certified Nursing Assistant
Jul 3, 2025
Job Category: Resident Care-AL
Requisition Number: CNACE021384
Schedule: Part Time
Job Location Type: On-site

HC of Branford


Branford, CT, USA





Provides residents assistance with Activities of Daily Living (ADL) while recognizing the importance of their dignity and respect at all times. Part time/full time opportunities available on day and evening shifts!",ultipro
Harbor Chase_7617206785833515383,LPN - Licensed Practical Nurse,Harbor Chase,"Branford, CT",Branford,CT,https://recruiting.ultipro.com/HAR1012/JobBoard/c8658d95-b2fe-7c84-9ea4-273644487cd4/OpportunityDetail?opportunityId=fbfcaf87-aa53-458d-b2a0-141f342203da,Harbor Chase,https://recruiting.ultipro.com/HAR1012/JobBoard/c8658d95-b2fe-7c84-9ea4-273644487cd4/?q=&o=postedDateDesc,2025-07-11T14:59:05.916971,"LPN - Licensed Practical Nurse
Jul 3, 2025
Job Category: Resident Care-AL
Requisition Number: LPNLI021383
Schedule: Part Time

HC of Branford


Branford, CT, USA





Provides direct individual nursing care to assigned residents based on nursing standards and under the supervision of the Director of Resident Care (DRC). Also maintains compliance with all state and federal regulations and the standards of HRA. All shifts available, full and part time.",ultipro
Harbor Chase_7302411004080121098,Care Partner,Harbor Chase,"Rock Hill, SC",Rock Hill,SC,https://recruiting.ultipro.com/HAR1012/JobBoard/c8658d95-b2fe-7c84-9ea4-273644487cd4/OpportunityDetail?opportunityId=429daf2f-c5d8-4edc-b922-573a44672676,Harbor Chase,https://recruiting.ultipro.com/HAR1012/JobBoard/c8658d95-b2fe-7c84-9ea4-273644487cd4/?q=&o=postedDateDesc,2025-07-11T14:59:06.194863,"Care Partner
Jul 2, 2025
Job Category: Resident Care-MC
Requisition Number: CAREP021380
Schedule: Full Time
Job Location Type: On-site




Rock Hill, SC 29730, USA





Our approach to senior living isn’t something that just “happened.” It is the outcome of a highly experienced team of professionals with a true calling and commitment to delivering quality senior care services while exemplifying compassion and respect and honoring our Residents dignity. Are you looking for an opportunity to put y...",ultipro
Harbor Chase_6924111969020726872,Director of Memory Care,Harbor Chase,"Orlando, FL",Orlando,FL,https://recruiting.ultipro.com/HAR1012/JobBoard/c8658d95-b2fe-7c84-9ea4-273644487cd4/OpportunityDetail?opportunityId=6ad7e879-516b-481a-829e-228b52ac8a62,Harbor Chase,https://recruiting.ultipro.com/HAR1012/JobBoard/c8658d95-b2fe-7c84-9ea4-273644487cd4/?q=&o=postedDateDesc,2025-07-11T14:59:06.628839,"Director of Memory Care
Jul 2, 2025
Job Category: Resident Care-MC
Requisition Number: DIREC021381
Schedule: Full Time
Job Location Type: On-site




Orlando, FL 32819, USA





Has oversight for non-licensed operations in Memory Care. Has the responsibility of the safety and well-being of all MC residents. Actively manages resident safety, life enrichment programs, non-licensed care, social settings in dining, and appropriate dementia environment. Has the ability as an Alzheimer’s trainer, supp...",ultipro
Harbor Chase_728907513284219415,Licensed Practical Nurse,Harbor Chase,"Lady Lake, FL",Lady Lake,FL,https://recruiting.ultipro.com/HAR1012/JobBoard/c8658d95-b2fe-7c84-9ea4-273644487cd4/OpportunityDetail?opportunityId=93e5a51f-ced3-435e-a5fd-47db8ef0ca43,Harbor Chase,https://recruiting.ultipro.com/HAR1012/JobBoard/c8658d95-b2fe-7c84-9ea4-273644487cd4/?q=&o=postedDateDesc,2025-07-11T14:59:06.934851,"Licensed Practical Nurse
Jul 1, 2025
Job Category: Resident Care-AL
Requisition Number: LICEN021370
Schedule: Full Time
Job Location Type: On-site




Lady Lake, FL 32159, USA





Provides direct and individual nursing care to assigned residents based on nursing standards and under the supervision of the Director of Resident Care (DRC). Also maintains compliance with all state and federal regulations and the standards of HRA. This position is available as Full Time and PRN for the 2pm-10pm shif...",ultipro
Harbor Chase_1310710898791817601,Resident Aid,Harbor Chase,"Lady Lake, FL",Lady Lake,FL,https://recruiting.ultipro.com/HAR1012/JobBoard/c8658d95-b2fe-7c84-9ea4-273644487cd4/OpportunityDetail?opportunityId=f823b465-e453-4f1d-8941-ef5bb9b15f97,Harbor Chase,https://recruiting.ultipro.com/HAR1012/JobBoard/c8658d95-b2fe-7c84-9ea4-273644487cd4/?q=&o=postedDateDesc,2025-07-11T14:59:07.251686,"Resident Aid
Jul 1, 2025
Job Category: Resident Care-AL
Requisition Number: RESID021369
Schedule: Full Time
Job Location Type: On-site




Lady Lake, FL 32159, USA





Provides residents assistance with Activities of Daily Living (ADL) while recognizing the importance of their dignity and respect at all times. This position is available as Full Time and PRN for 7am-7pm and 7pm-7am shifts, for Assisted Living and Memory Care.",ultipro
Harbor Chase_1241487364580317160,Life Enrichment Coord / Activity Coordinator / Activities staff / Activity Ambassador,Harbor Chase,"Orlando, FL",Orlando,FL,https://recruiting.ultipro.com/HAR1012/JobBoard/c8658d95-b2fe-7c84-9ea4-273644487cd4/OpportunityDetail?opportunityId=cfe6846f-8e2f-471c-8a4c-7e6df267a257,Harbor Chase,https://recruiting.ultipro.com/HAR1012/JobBoard/c8658d95-b2fe-7c84-9ea4-273644487cd4/?q=&o=postedDateDesc,2025-07-11T14:59:07.535840,"Life Enrichment Coord / Activity Coordinator / Activities staff / Activity Ambassador
Jun 30, 2025
Job Category: Life Enrichment
Requisition Number: LIFEE021367
Schedule: Part Time
Job Location Type: On-site




Orlando, FL 32819, USA





Assists in the implementation of a comprehensive activities program geared to meet the spiritual, physical, social and psychosocial needs of community residents.",ultipro
Harbor Chase_2308004244635053109,CARE PARTNER,Harbor Chase,"Sarasota, FL",Sarasota,FL,https://recruiting.ultipro.com/HAR1012/JobBoard/c8658d95-b2fe-7c84-9ea4-273644487cd4/OpportunityDetail?opportunityId=4046cde4-0a1e-4728-be96-b26e92c0fe4d,Harbor Chase,https://recruiting.ultipro.com/HAR1012/JobBoard/c8658d95-b2fe-7c84-9ea4-273644487cd4/?q=&o=postedDateDesc,2025-07-11T14:59:07.873315,"CARE PARTNER
Jun 28, 2025
Job Category: Resident Care-MC
Requisition Number: CAREP021366
Schedule: Full Time




Sarasota, FL 34233, USA





Full-time and part-time Provides residents assistance with Activities of Daily Living (ADL) while recognizing the importance of their dignity and respect at all times.",ultipro
Harbor Chase_4234829095790898580,Executive Director,Harbor Chase,"Jacksonville, FL",Jacksonville,FL,https://recruiting.ultipro.com/HAR1012/JobBoard/c8658d95-b2fe-7c84-9ea4-273644487cd4/OpportunityDetail?opportunityId=8e098bc0-aca4-4a06-9cdc-55338e18db0f,Harbor Chase,https://recruiting.ultipro.com/HAR1012/JobBoard/c8658d95-b2fe-7c84-9ea4-273644487cd4/?q=&o=postedDateDesc,2025-07-11T14:59:08.165689,"Executive Director
Jun 25, 2025
Job Category: Adminstration
Requisition Number: EXECU021361
Schedule: Full Time




Jacksonville, FL 32223, USA





The Executive Director is totally responsible for the management of the Assisted Living, Independent Living, Memory Care community and/or Skilled Nursing Facility. Also, ensures high quality resident care services, within budgetary guidelines, while meeting or exceeding Harbor Retirement Associates, LLC, standards, and responsible for compliance wit...",ultipro
Harbor Chase_4358896627549768710,Maintenance Director,Harbor Chase,"Rock Hill, SC",Rock Hill,SC,https://recruiting.ultipro.com/HAR1012/JobBoard/c8658d95-b2fe-7c84-9ea4-273644487cd4/OpportunityDetail?opportunityId=59a7f0b5-62ab-4eee-bfd7-225a327e031b,Harbor Chase,https://recruiting.ultipro.com/HAR1012/JobBoard/c8658d95-b2fe-7c84-9ea4-273644487cd4/?q=&o=postedDateDesc,2025-07-11T14:59:08.441264,"Maintenance Director
Jun 25, 2025
Job Category: Maintenance
Requisition Number: MAINT021360
Schedule: Full Time
Job Location Type: On-site




Rock Hill, SC 29730, USA





We have a terrific opportunity for a qualified Maintenance Director who is committed to maintaining a clean community and leading a team to achieve excellence every day for our Residents. You would be responsible for leading maintenance systems, vender, employee, resident and their families relationships, overseeing the conti...",ultipro
Harbor Chase_460776250187724040,MEDICATION ASSISTANT,Harbor Chase,"Daytona Beach, FL",Daytona Beach,FL,https://recruiting.ultipro.com/HAR1012/JobBoard/c8658d95-b2fe-7c84-9ea4-273644487cd4/OpportunityDetail?opportunityId=d07ea127-22dd-4161-9368-cf48fe9e58ce,Harbor Chase,https://recruiting.ultipro.com/HAR1012/JobBoard/c8658d95-b2fe-7c84-9ea4-273644487cd4/?q=&o=postedDateDesc,2025-07-11T14:59:08.749400,"MEDICATION ASSISTANT
Jun 25, 2025
Job Category: Resident Care-AL
Requisition Number: MEDIC021355
Schedule: Full Time
Job Location Type: On-site




Daytona Beach, FL 32114, USA





Assisted Living Medication Assistance. Assists with medications and maintains compliance with all state and federal regulations and the standards of HRA. This role will may be working with our residents in Memory Care who are experiencing Alzheimer's/dementia",ultipro
Harbor Chase_6170085498864084963,Medication Assistant ALL SHIFTS,Harbor Chase,"Palm Beach Gardens, FL",Palm Beach Gardens,FL,https://recruiting.ultipro.com/HAR1012/JobBoard/c8658d95-b2fe-7c84-9ea4-273644487cd4/OpportunityDetail?opportunityId=3f29ea32-295b-4483-8993-5a39a4ca6c83,Harbor Chase,https://recruiting.ultipro.com/HAR1012/JobBoard/c8658d95-b2fe-7c84-9ea4-273644487cd4/?q=&o=postedDateDesc,2025-07-11T14:59:09.063363,"Medication Assistant ALL SHIFTS
Jun 24, 2025
Job Category: Resident Care-AL
Requisition Number: MEDIC021351
Schedule: Full Time
Job Location Type: On-site




Palm Beach Gardens, FL 33418, USA





Full time and Part time Med Techs needed for all shifts at luxury assisted living. Assists with medications and maintains compliance with all state and federal regulations and the standards of HRA. Provides residents assistance with Activities of Daily Living (ADL) while recognizing the importance of ...",ultipro
Harbor Chase_4460590225586966349,Housekeeper,Harbor Chase,"Palm Beach Gardens, FL",Palm Beach Gardens,FL,https://recruiting.ultipro.com/HAR1012/JobBoard/c8658d95-b2fe-7c84-9ea4-273644487cd4/OpportunityDetail?opportunityId=0e514101-6dfd-48c9-9424-cae4147410ab,Harbor Chase,https://recruiting.ultipro.com/HAR1012/JobBoard/c8658d95-b2fe-7c84-9ea4-273644487cd4/?q=&o=postedDateDesc,2025-07-11T14:59:09.370635,"Housekeeper
Jun 24, 2025
Job Category: Housekeeping
Requisition Number: HOUSE021350
Schedule: Full Time
Job Location Type: On-site




Palm Beach Gardens, FL 33418, USA





Full Time Housekeeper needed for Assisted Living and Memory Care",ultipro
Harbor Chase_4494893309474457304,Care Partner (CNA),Harbor Chase,"Coral Springs, FL",Coral Springs,FL,https://recruiting.ultipro.com/HAR1012/JobBoard/c8658d95-b2fe-7c84-9ea4-273644487cd4/OpportunityDetail?opportunityId=cbb32ec0-d6c8-4d4b-9d0b-d60a2ba53ddd,Harbor Chase,https://recruiting.ultipro.com/HAR1012/JobBoard/c8658d95-b2fe-7c84-9ea4-273644487cd4/?q=&o=postedDateDesc,2025-07-11T14:59:09.981557,"Care Partner (CNA)
Jun 24, 2025
Job Category: Resident Care-AL
Requisition Number: CAREP021349
Schedule: Part Time




Coral Springs, FL 33065, USA





As Needed Certified Nursing Assistant for Assisted Living Residence Experience as a medication technician is required- must have current certification. -Provides quality care and assistance to residents in accordance with the resident philosophy and policies and resident rights -Adheres to each resident’s Level of Care (LOC), notifies supervisor...",ultipro
Harbor Chase_4699947811871779177,Director of Life Enrichment,Harbor Chase,"Jasper, AL",Jasper,AL,https://recruiting.ultipro.com/HAR1012/JobBoard/c8658d95-b2fe-7c84-9ea4-273644487cd4/OpportunityDetail?opportunityId=65b9e359-7f94-4c06-ad6c-7b4364b0f1a1,Harbor Chase,https://recruiting.ultipro.com/HAR1012/JobBoard/c8658d95-b2fe-7c84-9ea4-273644487cd4/?q=&o=postedDateDesc,2025-07-11T14:59:10.305167,"Director of Life Enrichment
Jun 24, 2025
Job Category: Life Enrichment
Requisition Number: DIREC021348
Schedule: Full Time
Job Location Type: On-site




Jasper, AL 35501, USA





Develops and implements inspiring success oriented Life Enrichment programs designed to meet the overall needs of the residents based on the person centered care approach.",ultipro
Harbor Chase_3840124120189997224,Care Partner,Harbor Chase,"Jasper, AL",Jasper,AL,https://recruiting.ultipro.com/HAR1012/JobBoard/c8658d95-b2fe-7c84-9ea4-273644487cd4/OpportunityDetail?opportunityId=98958969-6c48-4a41-ac61-97ecc1443e74,Harbor Chase,https://recruiting.ultipro.com/HAR1012/JobBoard/c8658d95-b2fe-7c84-9ea4-273644487cd4/?q=&o=postedDateDesc,2025-07-11T14:59:10.605644,"Care Partner
Jun 24, 2025
Job Category: Resident Care-AL
Requisition Number: CAREP021347
Schedule: Full Time




Jasper, AL 35501, USA





HARBORCHASE IS HIRING!!! COME BE PART OF SOMETHING MAGNIFICENT! Working at HarborChase - Experience Genuine Hospitality HRA is transforming the senior housing industry, and that includes shaping our talent into tomorrow’s leaders. At HarborChase, we believe that success starts with our Associates and we pride ourselves on hiring the best. Are you ready to ta...",ultipro
Harbor Chase_5368702683311925515,LPN,Harbor Chase,"Jasper, AL",Jasper,AL,https://recruiting.ultipro.com/HAR1012/JobBoard/c8658d95-b2fe-7c84-9ea4-273644487cd4/OpportunityDetail?opportunityId=7cf9cb89-d548-4466-9320-be945323b72a,Harbor Chase,https://recruiting.ultipro.com/HAR1012/JobBoard/c8658d95-b2fe-7c84-9ea4-273644487cd4/?q=&o=postedDateDesc,2025-07-11T14:59:10.933462,"LPN
Jun 24, 2025
Job Category: Resident Care-AL
Requisition Number: LPN00021346
Schedule: Part Time
Job Location Type: On-site




Jasper, AL 35501, USA





Provides direct and individual nursing care to assigned residents based on nursing standards and under the supervision of the Director of Resident Care (DRC). Also maintains compliance with all state and federal regulations and the standards of HRA.",ultipro
Hallkeen_5152939275574828913,Activities Assistant - Highlands on the East Side,Hallkeen,"Activities Assistant - Highlands on the East Side Providence, RI",Activities Assistant - Highlands on the East Side Providence,RI,https://uploads.prod01.oregon.platform-os.com/instances/1946/assets/docs/careers/Highlands%20-%20Activity%20Assistant%20PT.pdf?updated=1741205961,Hallkeen,https://www.hallkeen.com/careers,2025-07-11T14:59:53.805032,"Activities Assistant - Highlands on the East Side Providence, RI",custom
Hallkeen_4607161333815014167,Activities Assistant - Prospect House,Hallkeen,"Activities Assistant - Prospect House Revere, MA",Activities Assistant - Prospect House Revere,MA,https://uploads.prod01.oregon.platform-os.com/instances/1946/assets/docs/careers/Prospect%20House%20-%20Activity%20Assistant%20PT%20PD.pdf?updated=1749833712,Hallkeen,https://www.hallkeen.com/careers,2025-07-11T14:59:54.532658,"Activities Assistant - Prospect House Revere, MA",custom
Hallkeen_3174867625525290121,Activity Assistant - Windrose at Woburn,Hallkeen,"Activity Assistant - Windrose at Woburn Woburn, MA",Activity Assistant - Windrose at Woburn Woburn,MA,https://uploads.prod01.oregon.platform-os.com/instances/1946/assets/docs/careers/Windrose%20at%20Woburn%20-%20Activity%20Assistant%20PT.pdf?updated=1746635911,Hallkeen,https://www.hallkeen.com/careers,2025-07-11T14:59:55.082347,"Activity Assistant - Windrose at Woburn Woburn, MA",custom
Hallkeen_7718847997751092964,Business Office Manager - Sunapee Cove,Hallkeen,"Business Office Manager - Sunapee Cove Sunapee, NH",Business Office Manager - Sunapee Cove Sunapee,NH,https://uploads.prod01.oregon.platform-os.com/instances/1946/assets/docs/careers/Sunapee%20Cove%20-%20%20Business%20Office%20Manager.pdf?updated=1750171166,Hallkeen,https://www.hallkeen.com/careers,2025-07-11T14:59:55.987283,"Business Office Manager - Sunapee Cove Sunapee, NH",custom
Hallkeen_2917217904544471281,Business Office Manager - Windrose at Weymouth,Hallkeen,"Business Office Manager - Windrose at Weymouth Weymouth, MA",Business Office Manager - Windrose at Weymouth Weymouth,MA,https://uploads.prod01.oregon.platform-os.com/instances/1946/assets/docs/careers/Windrose%20at%20Weymouth%20-%20Business%20Office%20Manager.pdf?updated=1751287713,Hallkeen,https://www.hallkeen.com/careers,2025-07-11T14:59:56.546475,"Business Office Manager - Windrose at Weymouth Weymouth, MA",custom
Hallkeen_7874463003471605946,Caregivers/LNA - Forestview Manor,Hallkeen,"Caregivers/LNA - Forestview Manor Meredith, NH",Caregivers/LNA - Forestview Manor Meredith,NH,https://uploads.prod01.oregon.platform-os.com/instances/1946/assets/docs/careers/Forestview%20-%20Caregiver%20FT%20EOW.pdf?updated=1748980501,Hallkeen,https://www.hallkeen.com/careers,2025-07-11T14:59:57.082351,"Caregivers/LNA - Forestview Manor Meredith, NH",custom
Hallkeen_9201577202955596561,Caregivers/LNA Weekends - Forestview Manor,Hallkeen,"Caregivers/LNA Weekends - Forestview Manor Meredith, NH",Caregivers/LNA Weekends - Forestview Manor Meredith,NH,https://uploads.prod01.oregon.platform-os.com/instances/1946/assets/docs/careers/Forestview%20-%20Caregiver%20PT%206-2%20every%20weekend.pdf?updated=1748978508,Hallkeen,https://www.hallkeen.com/careers,2025-07-11T14:59:57.589578,"Caregivers/LNA Weekends - Forestview Manor Meredith, NH",custom
Hallkeen_1517542844203231935,Care Providers - Maple Ridge Campus,Hallkeen,"Care Providers - Maple Ridge Campus Essex Junction, VT",Care Providers - Maple Ridge Campus Essex Junction,VT,https://uploads.prod01.oregon.platform-os.com/instances/1946/assets/docs/careers/Maple%20Ridge%20Campus%20-%20Care%20Providers%20FT%20PT%20All%20Shifts.pdf?updated=1746475776,Hallkeen,https://www.hallkeen.com/careers,2025-07-11T14:59:58.262552,"Care Providers - Maple Ridge Campus Essex Junction, VT",custom
Hallkeen_555337244003637772,Certified Nursing Assistant – HHA - Residence at Kenilworth Park,Hallkeen,"Certified Nursing Assistant – HHA - Residence at Kenilworth Park Washington, DC",Certified Nursing Assistant – HHA - Residence at Kenilworth Park Washington,DC,https://uploads.prod01.oregon.platform-os.com/instances/1946/assets/docs/careers/Kenilworth%20-%20Certified%20Nursing%20Assistant-%20HHA%20All%20Shifts.pdf?updated=1743534990,Hallkeen,https://www.hallkeen.com/careers,2025-07-11T14:59:59.215866,"Certified Nursing Assistant – HHA - Residence at Kenilworth Park Washington, DC",custom
Hallkeen_2294616698130249174,Certified Nursing Assistant - HHA - River Mills,Hallkeen,"Certified Nursing Assistant - HHA - River Mills Chicopee, MA",Certified Nursing Assistant - HHA - River Mills Chicopee,MA,https://uploads.prod01.oregon.platform-os.com/instances/1946/assets/docs/careers/River%20Mills%20-%20Certified%20Nursing%20Assistant%20HHA%20FT%20PT-PD.pdf?updated=1723669832,Hallkeen,https://www.hallkeen.com/careers,2025-07-11T14:59:59.743580,"Certified Nursing Assistant - HHA - River Mills Chicopee, MA",custom
Hallkeen_2658216672178293879,Certified Nursing Assistant - Highlands on the East Side,Hallkeen,"Certified Nursing Assistant - Highlands on the East Side Providence, RI",Certified Nursing Assistant - Highlands on the East Side Providence,RI,https://uploads.prod01.oregon.platform-os.com/instances/1946/assets/docs/careers/Highlands%20-%20Certified%20Nursing%20Assistant%20FT%201st%202nd%20Shift.pdf?updated=1750874811,Hallkeen,https://www.hallkeen.com/careers,2025-07-11T15:00:00.304524,"Certified Nursing Assistant - Highlands on the East Side Providence, RI",custom
Hallkeen_1435427628701970129,Certified Nursing Assistant - Home Health Aide - Windrose at Woburn,Hallkeen,"Certified Nursing Assistant - Home Health Aide - Windrose at Woburn Woburn, MA",Certified Nursing Assistant - Home Health Aide - Windrose at Woburn Woburn,MA,https://uploads.prod01.oregon.platform-os.com/instances/1946/assets/docs/careers/Windrose%20at%20Woburn%20-%20Certified%20Nursing%20Assistant%20PT-PD.pdf?updated=1724346546,Hallkeen,https://www.hallkeen.com/careers,2025-07-11T15:00:01.001860,"Certified Nursing Assistant - Home Health Aide - Windrose at Woburn Woburn, MA",custom
Hallkeen_3866333139982258069,Certified Nursing Assistant - Windrose at Weymouth,Hallkeen,"Certified Nursing Assistant - Windrose at Weymouth Weymouth, MA",Certified Nursing Assistant - Windrose at Weymouth Weymouth,MA,https://uploads.prod01.oregon.platform-os.com/instances/1946/assets/docs/careers/Windrose%20at%20Weymouth%20-%20CNA-HHA%20PT-PD.pdf?updated=1742500240,Hallkeen,https://www.hallkeen.com/careers,2025-07-11T15:00:01.493347,"Certified Nursing Assistant - Windrose at Weymouth Weymouth, MA",custom
Hallkeen_3473859453365048208,Community Relations Director - Residence at Kenilworth Park,Hallkeen,"Community Relations Director - Residence at Kenilworth Park Washington, DC",Community Relations Director - Residence at Kenilworth Park Washington,DC,https://uploads.prod01.oregon.platform-os.com/instances/1946/assets/docs/careers/Kenilworth%20-%20Community%20Relations%20Director.pdf?updated=1743535571,Hallkeen,https://www.hallkeen.com/careers,2025-07-11T15:00:01.976624,"Community Relations Director - Residence at Kenilworth Park Washington, DC",custom
Hallkeen_881427212317252271,Companion CNA-HHA - Heywood Wakefield Commons,Hallkeen,"Companion CNA-HHA - Heywood Wakefield Commons Gardner, MA",Companion CNA-HHA - Heywood Wakefield Commons Gardner,MA,https://uploads.prod01.oregon.platform-os.com/instances/1946/assets/docs/careers/Heywood%20Wakefield%20Commons%20-%20Companion%20PT%202nd%20Shift.pdf?updated=1739303717,Hallkeen,https://www.hallkeen.com/careers,2025-07-11T15:00:02.487896,"Companion CNA-HHA - Heywood Wakefield Commons Gardner, MA",custom
Hallkeen_8971558538919122261,Concierge - Susan Bailis,Hallkeen,"Concierge - Susan Bailis Boston, MA",Concierge - Susan Bailis Boston,MA,https://uploads.prod01.oregon.platform-os.com/instances/1946/assets/docs/careers/Susan%20Bailis%20-%20Concierge%20FT-PT.pdf?updated=1748975280,Hallkeen,https://www.hallkeen.com/careers,2025-07-11T15:00:02.901104,"Concierge - Susan Bailis Boston, MA",custom
Hallkeen_6976779123421729291,Cook - Brigham House,Hallkeen,"Cook - Brigham House Watertown, MA",Cook - Brigham House Watertown,MA,https://uploads.prod01.oregon.platform-os.com/instances/1946/assets/docs/careers/Brigham%20House%20-%20Cook%20FT.pdf?updated=1734980130,Hallkeen,https://www.hallkeen.com/careers,2025-07-11T15:00:03.365320,"Cook - Brigham House Watertown, MA",custom
Hallkeen_312147658895269344,Cook - Forestview Manor,Hallkeen,"Cook - Forestview Manor Meredith, NH",Cook - Forestview Manor Meredith,NH,https://uploads.prod01.oregon.platform-os.com/instances/1946/assets/docs/careers/Forestview%20-%20Cook%20FT%20every%20weekend%206a-2p.pdf?updated=1744054710,Hallkeen,https://www.hallkeen.com/careers,2025-07-11T15:00:03.821356,"Cook - Forestview Manor Meredith, NH",custom
Hallkeen_3282220263227327520,Cook - Prospect House,Hallkeen,"Cook - Prospect House Revere, MA",Cook - Prospect House Revere,MA,https://uploads.prod01.oregon.platform-os.com/instances/1946/assets/docs/careers/Prospect%20House%20-%20Cook%20-%20FT%20PT.pdf?updated=1747837569,Hallkeen,https://www.hallkeen.com/careers,2025-07-11T15:00:04.296016,"Cook - Prospect House Revere, MA",custom
Hallkeen_2410814351330007909,Cook - Susan Bailis,Hallkeen,"Cook - Susan Bailis Boston, MA",Cook - Susan Bailis Boston,MA,https://uploads.prod01.oregon.platform-os.com/instances/1946/assets/docs/careers/Susan%20Bailis%20-%20Cook%20FT-PT.pdf?updated=1749565215,Hallkeen,https://www.hallkeen.com/careers,2025-07-11T15:00:04.738563,"Cook - Susan Bailis Boston, MA",custom
Hallkeen_8337025385004534475,Cook - Windrose at Weymouth,Hallkeen,"Cook - Windrose at Weymouth Weymouth, MA",Cook - Windrose at Weymouth Weymouth,MA,https://uploads.prod01.oregon.platform-os.com/instances/1946/assets/docs/careers/Windrose%20at%20Weymouth%20-%20Cook%20FT.pdf?updated=1750255684,Hallkeen,https://www.hallkeen.com/careers,2025-07-11T15:00:05.173840,"Cook - Windrose at Weymouth Weymouth, MA",custom
Hallkeen_4228660485541346753,Cook - Windrose at Woburn,Hallkeen,"Cook - Windrose at Woburn Woburn, MA",Cook - Windrose at Woburn Woburn,MA,https://uploads.prod01.oregon.platform-os.com/instances/1946/assets/docs/careers/Windrose%20at%20Woburn%20-%20Cook%20FT.pdf?updated=1744989437,Hallkeen,https://www.hallkeen.com/careers,2025-07-11T15:00:05.620976,"Cook - Windrose at Woburn Woburn, MA",custom
Hallkeen_5662211306210551783,Director of Sales and Marketing - Forestview Manor,Hallkeen,"Director of Sales and Marketing - Forestview Manor Meredith, NH",Director of Sales and Marketing - Forestview Manor Meredith,NH,https://uploads.prod01.oregon.platform-os.com/instances/1946/assets/docs/careers/Forestview%20Manor%20-%20Director%20of%20Sales%20and%20Marketing.pdf?updated=1748980121,Hallkeen,https://www.hallkeen.com/careers,2025-07-11T15:00:06.026098,"Director of Sales and Marketing - Forestview Manor Meredith, NH",custom
Hallkeen_1770976478742191927,Dishwasher - Prospect House,Hallkeen,"Dishwasher - Prospect House Revere, MA",Dishwasher - Prospect House Revere,MA,https://uploads.prod01.oregon.platform-os.com/instances/1946/assets/docs/careers/Prospect%20House%20-%20Dishwasher%20FT.pdf?updated=1747837972,Hallkeen,https://www.hallkeen.com/careers,2025-07-11T15:00:06.441811,"Dishwasher - Prospect House Revere, MA",custom
Hallkeen_7544201895846607775,Dishwasher - Susan Bailis,Hallkeen,"Dishwasher - Susan Bailis Boston, MA",Dishwasher - Susan Bailis Boston,MA,https://uploads.prod01.oregon.platform-os.com/instances/1946/assets/docs/careers/Susan%20Bailis%20-%20Dishwasher%20PT.pdf?updated=1748976322,Hallkeen,https://www.hallkeen.com/careers,2025-07-11T15:00:06.999966,"Dishwasher - Susan Bailis Boston, MA",custom
Hallkeen_6509114262325384823,Executive Director - River Mills,Hallkeen,"Executive Director - River Mills Chicopee, MA",Executive Director - River Mills Chicopee,MA,https://uploads.prod01.oregon.platform-os.com/instances/1946/assets/docs/careers/River%20Mills%20-%20Executive%20Director.pdf?updated=1750970281,Hallkeen,https://www.hallkeen.com/careers,2025-07-11T15:00:07.598763,"Executive Director - River Mills Chicopee, MA",custom
Hallkeen_3984880991400775355,Housekeeping - Prospect House,Hallkeen,"Housekeeping - Prospect House Revere, MA",Housekeeping - Prospect House Revere,MA,https://uploads.prod01.oregon.platform-os.com/instances/1946/assets/docs/careers/Prospect%20House%20-%20Housekeeping%20-PT.pdf?updated=1752180233,Hallkeen,https://www.hallkeen.com/careers,2025-07-11T15:00:08.182499,"Housekeeping - Prospect House Revere, MA",custom
Hallkeen_2805254472263387036,Housekeeping - River Mills,Hallkeen,"Housekeeping - River Mills Chicopee, MA",Housekeeping - River Mills Chicopee,MA,https://uploads.prod01.oregon.platform-os.com/instances/1946/assets/docs/careers/River%20Mills%20-%20Housekeeing%20FT.pdf?updated=1727812626,Hallkeen,https://www.hallkeen.com/careers,2025-07-11T15:00:08.871945,"Housekeeping - River Mills Chicopee, MA",custom
Hallkeen_6962589713334464455,Licensed Nurses Assistant - RCA - Sunapee Cove,Hallkeen,"Licensed Nurses Assistant - RCA - Sunapee Cove Sunapee, NH",Licensed Nurses Assistant - RCA - Sunapee Cove Sunapee,NH,https://uploads.prod01.oregon.platform-os.com/instances/1946/assets/docs/careers/Sunapee%20Cove%20-%20Licensed%20Nurses%20Assistant-RCA%20All%20Shifts.pdf?updated=1741722295,Hallkeen,https://www.hallkeen.com/careers,2025-07-11T15:00:09.406983,"Licensed Nurses Assistant - RCA - Sunapee Cove Sunapee, NH",custom
Hallkeen_7480129067855057281,Licensed Practical Nurse - Residence at Kenilworth Park,Hallkeen,"Licensed Practical Nurse - Residence at Kenilworth Park Washington, DC",Licensed Practical Nurse - Residence at Kenilworth Park Washington,DC,https://uploads.prod01.oregon.platform-os.com/instances/1946/assets/docs/careers/Kenilworth%20Park%20-%20Licensed%20Practical%20Nurse%20All%20Shifts.pdf?updated=1743535117,Hallkeen,https://www.hallkeen.com/careers,2025-07-11T15:00:09.894491,"Licensed Practical Nurse - Residence at Kenilworth Park Washington, DC",custom
Hallkeen_7501218096809468370,Maintenance Assistant - Brigham House,Hallkeen,"Maintenance Assistant - Brigham House Watertown, MA",Maintenance Assistant - Brigham House Watertown,MA,https://uploads.prod01.oregon.platform-os.com/instances/1946/assets/docs/careers/Brigham%20House%20-%20Maintenance%20Assistant%20Per%20Diem.pdf?updated=1745597868,Hallkeen,https://www.hallkeen.com/careers,2025-07-11T15:00:10.436570,"Maintenance Assistant - Brigham House Watertown, MA",custom
Hallkeen_5013241975788595568,Maintenance Assistant - Highlands on the East Side,Hallkeen,"Maintenance Assistant - Highlands on the East Side Providence, RI",Maintenance Assistant - Highlands on the East Side Providence,RI,https://uploads.prod01.oregon.platform-os.com/instances/1946/assets/docs/careers/Highlands%20-%20Maintenance%20Assistant%20FT.pdf?updated=1744645933,Hallkeen,https://www.hallkeen.com/careers,2025-07-11T15:00:11.035590,"Maintenance Assistant - Highlands on the East Side Providence, RI",custom
Hallkeen_3730963862762585578,Maintenance Assistant - Residence at Benning Metro,Hallkeen,"Maintenance Assistant - Residence at Benning Metro Washington, DC",Maintenance Assistant - Residence at Benning Metro Washington,DC,https://uploads.prod01.oregon.platform-os.com/instances/1946/assets/docs/careers/Benning%20Metro%20-%20Maintenance%20Assistant%20PT.pdf?updated=1748458032,Hallkeen,https://www.hallkeen.com/careers,2025-07-11T15:00:11.596781,"Maintenance Assistant - Residence at Benning Metro Washington, DC",custom
Hallkeen_3939456187796661472,Maintenance Assistant - River Mills,Hallkeen,"Maintenance Assistant - River Mills Chicopee, MA",Maintenance Assistant - River Mills Chicopee,MA,https://uploads.prod01.oregon.platform-os.com/instances/1946/assets/docs/careers/River%20Mills%20-%20Maintenance%20Assistant%20PT.pdf?updated=1736279772,Hallkeen,https://www.hallkeen.com/careers,2025-07-11T15:00:12.222735,"Maintenance Assistant - River Mills Chicopee, MA",custom
Hallkeen_4123497585170658430,Maintenance Assistant - Susan Bailis,Hallkeen,"Maintenance Assistant - Susan Bailis Boston, MA",Maintenance Assistant - Susan Bailis Boston,MA,https://uploads.prod01.oregon.platform-os.com/instances/1946/assets/docs/careers/Susan%20Bailis%20-%20Maintenance%20Assistant.pdf?updated=1750963473,Hallkeen,https://www.hallkeen.com/careers,2025-07-11T15:00:12.791168,"Maintenance Assistant - Susan Bailis Boston, MA",custom
Hallkeen_3144077317255101594,Maintenance Director - Residence at Kenilworth Park,Hallkeen,"Maintenance Director - Residence at Kenilworth Park Washington, DC",Maintenance Director - Residence at Kenilworth Park Washington,DC,https://uploads.prod01.oregon.platform-os.com/instances/1946/assets/docs/careers/Kenilworth%20-%20Maintenance%20Director.pdf?updated=1743535271,Hallkeen,https://www.hallkeen.com/careers,2025-07-11T15:00:13.369165,"Maintenance Director - Residence at Kenilworth Park Washington, DC",custom
Hallkeen_4441366152858385018,Move-in Coordinator - Residences at Benning Metro,Hallkeen,"Move-in Coordinator - Residences at Benning Metro Washington, DC",Move-in Coordinator - Residences at Benning Metro Washington,DC,https://uploads.prod01.oregon.platform-os.com/instances/1946/assets/docs/careers/Benning%20Metro%20-%20Move%20In%20Coordinator.pdf?updated=1750958962,Hallkeen,https://www.hallkeen.com/careers,2025-07-11T15:00:13.891381,"Move-in Coordinator - Residences at Benning Metro Washington, DC",custom
Hallkeen_3685373441721656687,Registered Nurse and Licensed Practical Nurse - Sunapee Cove,Hallkeen,"Registered Nurse and Licensed Practical Nurse - Sunapee Cove Sunapee, NH",Registered Nurse and Licensed Practical Nurse - Sunapee Cove Sunapee,NH,https://uploads.prod01.oregon.platform-os.com/instances/1946/assets/docs/careers/Sunapee%20Cove%20-%20RN-LPN%20FT%20All%20Shifts.pdf?updated=1746724284,Hallkeen,https://www.hallkeen.com/careers,2025-07-11T15:00:14.348670,"Registered Nurse and Licensed Practical Nurse - Sunapee Cove Sunapee, NH",custom
Hallkeen_4034132576134415234,Resident Care Assistant - Brigham House,Hallkeen,"Resident Care Assistant - Brigham House Watertown, MA",Resident Care Assistant - Brigham House Watertown,MA,https://uploads.prod01.oregon.platform-os.com/instances/1946/assets/docs/careers/Brigham%20House%20-%20Resident%20Care%20Assistant%20FT.pdf?updated=1743617460,Hallkeen,https://www.hallkeen.com/careers,2025-07-11T15:00:14.800252,"Resident Care Assistant - Brigham House Watertown, MA",custom
Hallkeen_5080019235752348195,Resident Care Assistant - Prospect House,Hallkeen,"Resident Care Assistant - Prospect House Revere, MA",Resident Care Assistant - Prospect House Revere,MA,https://uploads.prod01.oregon.platform-os.com/instances/1946/assets/docs/careers/Prospect%20House%20-Resident%20Care%20Assistant%20FT-PT-PD%20all%20shifts.pdf?updated=1724783835,Hallkeen,https://www.hallkeen.com/careers,2025-07-11T15:00:15.269180,"Resident Care Assistant - Prospect House Revere, MA",custom
Hallkeen_4502902615499530692,Resident Care Assistant - Susan Bailis,Hallkeen,"Resident Care Assistant - Susan Bailis Boston, MA",Resident Care Assistant - Susan Bailis Boston,MA,https://uploads.prod01.oregon.platform-os.com/instances/1946/assets/docs/careers/Susan%20Bailis%20-%20Resident%20Care%20Assistant%20FT%20PT%20All%20Shifts.pdf?updated=1746735752,Hallkeen,https://www.hallkeen.com/careers,2025-07-11T15:00:15.830830,"Resident Care Assistant - Susan Bailis Boston, MA",custom
Hallkeen_465491728624330819,Resident Care Assistant - Windrose at Woburn,Hallkeen,"Resident Care Assistant - Windrose at Woburn Woburn, MA",Resident Care Assistant - Windrose at Woburn Woburn,MA,https://uploads.prod01.oregon.platform-os.com/instances/1946/assets/docs/careers/Windrose%20Woburn%20-%20Resident%20Care%20Assistant.pdf?updated=1751039852,Hallkeen,https://www.hallkeen.com/careers,2025-07-11T15:00:16.243501,"Resident Care Assistant - Windrose at Woburn Woburn, MA",custom
Hallkeen_2222992093777881373,Resident Care Coordinator - Windrose at Weymouth,Hallkeen,"Resident Care Coordinator - Windrose at Weymouth Weymouth, MA",Resident Care Coordinator - Windrose at Weymouth Weymouth,MA,https://uploads.prod01.oregon.platform-os.com/instances/1946/assets/docs/careers/Windrose%20Weymouth%20-%20Resident%20Care%20Coordinator.pdf?updated=1751028058,Hallkeen,https://www.hallkeen.com/careers,2025-07-11T15:00:16.656192,"Resident Care Coordinator - Windrose at Weymouth Weymouth, MA",custom
Hallkeen_8227704560726295018,Resident Care Director - RN - Residence at Kenilworth Park,Hallkeen,"Resident Care Director - RN - Residence at Kenilworth Park Washington, DC",Resident Care Director - RN - Residence at Kenilworth Park Washington,DC,https://uploads.prod01.oregon.platform-os.com/instances/1946/assets/docs/careers/Kenilworth%20Park%20-%20Resident%20Care%20Director%20RN.pdf?updated=1744391655,Hallkeen,https://www.hallkeen.com/careers,2025-07-11T15:00:17.116035,"Resident Care Director - RN - Residence at Kenilworth Park Washington, DC",custom
Hallkeen_909912380561278280,Resident Care Director - Windrose at Weymouth,Hallkeen,"Resident Care Director - Windrose at Weymouth Weymouth, MA",Resident Care Director - Windrose at Weymouth Weymouth,MA,https://uploads.prod01.oregon.platform-os.com/instances/1946/assets/docs/careers/Windrose%20at%20Weymouth%20-%20Resident%20Care%20Director.pdf?updated=1749566828,Hallkeen,https://www.hallkeen.com/careers,2025-07-11T15:00:17.500969,"Resident Care Director - Windrose at Weymouth Weymouth, MA",custom
Hallkeen_367637943483130931,Resident Care Director - Windrose at Woburn,Hallkeen,"Resident Care Director - Windrose at Woburn Woburn, MA",Resident Care Director - Windrose at Woburn Woburn,MA,https://uploads.prod01.oregon.platform-os.com/instances/1946/assets/docs/careers/Windrose%20at%20Woburn%20-%20Resident%20Care%20Director.pdf?updated=1751996075,Hallkeen,https://www.hallkeen.com/careers,2025-07-11T15:00:17.894513,"Resident Care Director - Windrose at Woburn Woburn, MA",custom
Hallkeen_3867673237167417072,Sales & Marketing Director - Windrose at Woburn,Hallkeen,"Sales & Marketing Director - Windrose at Woburn Woburn, MA",Sales & Marketing Director - Windrose at Woburn Woburn,MA,https://uploads.prod01.oregon.platform-os.com/instances/1946/assets/docs/careers/Windrose%20Woburn%20-%20Sales%20and%20Marketing%20Director.pdf?updated=1751033720,Hallkeen,https://www.hallkeen.com/careers,2025-07-11T15:00:18.412178,"Sales & Marketing Director - Windrose at Woburn Woburn, MA",custom
Hallkeen_9173253263557492803,Wellness Nurse - Brigham House,Hallkeen,"Wellness Nurse - Brigham House Watertown, MA",Wellness Nurse - Brigham House Watertown,MA,https://uploads.prod01.oregon.platform-os.com/instances/1946/assets/docs/careers/Brigham%20House%20-%20Wellness%20Nurse%20FT.pdf?updated=1743617423,Hallkeen,https://www.hallkeen.com/careers,2025-07-11T15:00:18.947181,"Wellness Nurse - Brigham House Watertown, MA",custom
Hallkeen_2926308466945519614,Wellness Nurse -LPN - Susan Bailis,Hallkeen,"Wellness Nurse -LPN - Susan Bailis Boston, MA",Wellness Nurse -LPN - Susan Bailis Boston,MA,https://uploads.prod01.oregon.platform-os.com/instances/1946/assets/docs/careers/Susan%20Bailis%20-%20Wellness%20Nurse%20FT.pdf?updated=1746732244,Hallkeen,https://www.hallkeen.com/careers,2025-07-11T15:00:19.512859,"Wellness Nurse -LPN - Susan Bailis Boston, MA",custom
Hallkeen_4156008645400021420,Wellness Nurse - Prospect House,Hallkeen,"Wellness Nurse - Prospect House Revere, MA",Wellness Nurse - Prospect House Revere,MA,https://uploads.prod01.oregon.platform-os.com/instances/1946/assets/docs/careers/Prospect%20House%20-%20Wellness%20Nurse%20FT.pdf?updated=1734538792,Hallkeen,https://www.hallkeen.com/careers,2025-07-11T15:00:20.257108,"Wellness Nurse - Prospect House Revere, MA",custom
Hallkeen_7044683296210587867,Wellness Nurse - River Mills,Hallkeen,"Wellness Nurse - River Mills Chicopee, MA",Wellness Nurse - River Mills Chicopee,MA,https://uploads.prod01.oregon.platform-os.com/instances/1946/assets/docs/careers/River%20Mills%20-%20Wellness%20Nurse%20PT%20.pdf?updated=1747165815,Hallkeen,https://www.hallkeen.com/careers,2025-07-11T15:00:20.715925,"Wellness Nurse - River Mills Chicopee, MA",custom
Hallkeen_8170203170590496483,Wellness Nurse RN-LPN - Full Time - Windrose at Woburn,Hallkeen,"Wellness Nurse RN-LPN - Full Time - Windrose at Woburn Woburn, MA",Wellness Nurse RN-LPN - Full Time - Windrose at Woburn Woburn,MA,https://uploads.prod01.oregon.platform-os.com/instances/1946/assets/docs/careers/Windrose%20at%20Woburn%20-%20Wellness%20Nurse%20RN-LPN%20FT%20w%20Bonus.pdf?updated=1750867222,Hallkeen,https://www.hallkeen.com/careers,2025-07-11T15:00:21.147686,"Wellness Nurse RN-LPN - Full Time - Windrose at Woburn Woburn, MA",custom
Hallkeen_548517764800003887,Wellness Nurse RN/LPN - Heywood Wakefield Commons,Hallkeen,"Wellness Nurse RN/LPN - Heywood Wakefield Commons Gardner, MA",Wellness Nurse RN/LPN - Heywood Wakefield Commons Gardner,MA,https://uploads.prod01.oregon.platform-os.com/instances/1946/assets/docs/careers/Heywood%20Wakefield%20-%20Wellness%20Nurse%20RN-LPN%20Per%20Diem.pdf?updated=1743095329,Hallkeen,https://www.hallkeen.com/careers,2025-07-11T15:00:21.538629,"Wellness Nurse RN/LPN - Heywood Wakefield Commons Gardner, MA",custom
Hallkeen_5546145975666388735,Wellness Nurse RN-LPN - PT & Weekends - Windrose at Woburn,Hallkeen,"Wellness Nurse RN-LPN - PT & Weekends - Windrose at Woburn Woburn, MA",Wellness Nurse RN-LPN - PT & Weekends - Windrose at Woburn Woburn,MA,https://uploads.prod01.oregon.platform-os.com/instances/1946/assets/docs/careers/Windrose%20at%20Woburn%20-%20Wellness%20Nurse%20RN-LPN%20PT%20%26%20weekends.pdf?updated=1724346421,Hallkeen,https://www.hallkeen.com/careers,2025-07-11T15:00:22.065769,"Wellness Nurse RN-LPN - PT & Weekends - Windrose at Woburn Woburn, MA",custom
Hallkeen_3710799006893286552,Wellness Nurse RN-LPN - Windrose at Weymouth,Hallkeen,"Wellness Nurse RN-LPN - Windrose at Weymouth Weymouth, MA",Wellness Nurse RN-LPN - Windrose at Weymouth Weymouth,MA,https://uploads.prod01.oregon.platform-os.com/instances/1946/assets/docs/careers/Windrose%20at%20Weymouth%20-%20Wellness%20Nurse%20FT.pdf?updated=1742407055,Hallkeen,https://www.hallkeen.com/careers,2025-07-11T15:00:22.503006,"Wellness Nurse RN-LPN - Windrose at Weymouth Weymouth, MA",custom
Artis Senior Living_2704467244184539186,"Director of Nursing, LPN",Artis Senior Living,"Lemoyne, PA",Lemoyne,PA,https://recruiting.ultipro.com/ART1008ARTH/JobBoard/dc78aa87-cca0-413e-a32b-450fecf2bffb/OpportunityDetail?opportunityId=284f8326-497c-4f04-93f0-f60617bd789e,Artis Senior Living,https://recruiting.ultipro.com/ART1008ARTH/JobBoard/dc78aa87-cca0-413e-a32b-450fecf2bffb/?q=&o=postedDateDesc&w=&wc=&we=&wpst=,2025-07-11T15:02:25.446803,"Director of Nursing, LPN
Today
Job Category: DHW
Requisition Number: DIREC003513
Schedule: Full Time

Artis Senior Living | West Shore


Lemoyne, PA 17043, USA





The Director of Nursing, LPN will oversee operations of the Care team. Assists and supports the translation of the nursing philosophy of the community into nursing practice by participating in the planning, implementation, and evaluation of the nursing care delivery system. The Director will ensure resident needs are being met by coo...",ultipro
Artis Senior Living_2476328448040034856,"Director of Sales, Senior Living",Artis Senior Living,"Yorktown Heights, NY",Yorktown Heights,NY,https://recruiting.ultipro.com/ART1008ARTH/JobBoard/dc78aa87-cca0-413e-a32b-450fecf2bffb/OpportunityDetail?opportunityId=f3d2ef70-e719-43f5-889d-73b107f57b01,Artis Senior Living,https://recruiting.ultipro.com/ART1008ARTH/JobBoard/dc78aa87-cca0-413e-a32b-450fecf2bffb/?q=&o=postedDateDesc&w=&wc=&we=&wpst=,2025-07-11T15:02:25.634544,"Director of Sales, Senior Living
Jul 10, 2025
Job Category: General
Requisition Number: DIREC003512
Schedule: Full Time

Artis Senior Living | Somers


Yorktown Heights, NY 10598, USA





The Director, Sales and Marketing will drive internal and external sales efforts to achieve and exceed community performance goals, while continuously maximizing occupancy. *Starting base salary is $85000 - $90000 / year, plus bonus! *This is a full time position offering a Monday-Friday schedule, 9am-5pm! Som...",ultipro
Artis Senior Living_615993261591581153,Certified MedTech / Medication Assistant (CMA) - Part Time / PRN,Artis Senior Living,"Bethel Park, PA",Bethel Park,PA,https://recruiting.ultipro.com/ART1008ARTH/JobBoard/dc78aa87-cca0-413e-a32b-450fecf2bffb/OpportunityDetail?opportunityId=458a85bc-64e1-4913-a8fe-249d584742ab,Artis Senior Living,https://recruiting.ultipro.com/ART1008ARTH/JobBoard/dc78aa87-cca0-413e-a32b-450fecf2bffb/?q=&o=postedDateDesc&w=&wc=&we=&wpst=,2025-07-11T15:02:25.847542,"Certified MedTech / Medication Assistant (CMA) - Part Time / PRN
Jul 10, 2025
Job Category: Care Partner
Requisition Number: CERTI003511
Schedule: Part Time

Artis Senior Living | South Hills | Pittsburgh


Bethel Park, PA 15102, USA





The Certified Med Tech / Medication Assistant (CMA) will administer medications to residents and observe, record, and report, medication interactions or side effects. Will also assist residents with activities of daily living such as grooming, oral hygiene, toi...",ultipro
Artis Senior Living_4200200208647347374,Caregiver / CNA - Part Time,Artis Senior Living,"Bethel Park, PA",Bethel Park,PA,https://recruiting.ultipro.com/ART1008ARTH/JobBoard/dc78aa87-cca0-413e-a32b-450fecf2bffb/OpportunityDetail?opportunityId=316048d1-f4ee-4a8b-bc83-45f332c48173,Artis Senior Living,https://recruiting.ultipro.com/ART1008ARTH/JobBoard/dc78aa87-cca0-413e-a32b-450fecf2bffb/?q=&o=postedDateDesc&w=&wc=&we=&wpst=,2025-07-11T15:02:26.080029,"Caregiver / CNA - Part Time
Jul 10, 2025
Job Category: Care Partner
Requisition Number: CAREG003510
Schedule: Part Time

Artis Senior Living | South Hills | Pittsburgh


Bethel Park, PA 15102, USA





The Caregiver / CNA will provide assistance with daily living activities for residents with Alzheimer's/Dementia. You may be required to respond to emergency calls and situations, document and report care provided, and transport residents to various functions or locations. Familiarity with Alzheim...",ultipro
Artis Senior Living_5197712601649482938,Caregiver / CNA,Artis Senior Living,"Bethel Park, PA",Bethel Park,PA,https://recruiting.ultipro.com/ART1008ARTH/JobBoard/dc78aa87-cca0-413e-a32b-450fecf2bffb/OpportunityDetail?opportunityId=cad720b4-d689-4b95-add5-d92808bb5998,Artis Senior Living,https://recruiting.ultipro.com/ART1008ARTH/JobBoard/dc78aa87-cca0-413e-a32b-450fecf2bffb/?q=&o=postedDateDesc&w=&wc=&we=&wpst=,2025-07-11T15:02:26.284084,"Caregiver / CNA
Jul 10, 2025
Job Category: Care Partner
Requisition Number: CAREG003509
Schedule: Full Time

Artis Senior Living | South Hills | Pittsburgh


Bethel Park, PA 15102, USA





The Caregiver / CNA will provide assistance with daily living activities for residents with Alzheimer's/Dementia. You may be required to respond to emergency calls and situations, document and report care provided, and transport residents to various functions or locations. Familiarity with Alzheimer's/Dementi...",ultipro
Artis Senior Living_6528403045635560063,Licensed Practical Nurse (LPN) - Part Time,Artis Senior Living,"Bethel Park, PA",Bethel Park,PA,https://recruiting.ultipro.com/ART1008ARTH/JobBoard/dc78aa87-cca0-413e-a32b-450fecf2bffb/OpportunityDetail?opportunityId=9541869a-8624-42b9-940c-4e530abbb977,Artis Senior Living,https://recruiting.ultipro.com/ART1008ARTH/JobBoard/dc78aa87-cca0-413e-a32b-450fecf2bffb/?q=&o=postedDateDesc&w=&wc=&we=&wpst=,2025-07-11T15:02:26.484115,"Licensed Practical Nurse (LPN) - Part Time
Jul 10, 2025
Job Category: CHW
Requisition Number: LICEN003508
Schedule: Part Time

Artis Senior Living | South Hills | Pittsburgh


Bethel Park, PA 15102, USA





The Licensed Practical Nurse (LPN) will provide clinical monitoring and support for residents with Alzheimer's/Dementia. Ensures that all restorative, support and preventative measures are met in accordance with applicable state laws and regulations. Experience with Alzheimer's/Dementia or b...",ultipro
Artis Senior Living_3756105660513340566,Licensed Practical Nurse (LPN),Artis Senior Living,"Bethel Park, PA",Bethel Park,PA,https://recruiting.ultipro.com/ART1008ARTH/JobBoard/dc78aa87-cca0-413e-a32b-450fecf2bffb/OpportunityDetail?opportunityId=c16269a8-a87b-4827-89f6-628d992ae1f2,Artis Senior Living,https://recruiting.ultipro.com/ART1008ARTH/JobBoard/dc78aa87-cca0-413e-a32b-450fecf2bffb/?q=&o=postedDateDesc&w=&wc=&we=&wpst=,2025-07-11T15:02:26.681132,"Licensed Practical Nurse (LPN)
Jul 10, 2025
Job Category: CHW
Requisition Number: LICEN003507
Schedule: Full Time

Artis Senior Living | South Hills | Pittsburgh


Bethel Park, PA 15102, USA





The Licensed Practical Nurse (LPN) will provide clinical monitoring and support for residents with Alzheimer's/Dementia. Ensures that all restorative, support and preventative measures are met in accordance with applicable state laws and regulations. Experience with Alzheimer's/Dementia or behavioral he...",ultipro
Artis Senior Living_2193847278325936289,"Inside Sales Counselor, Senior Living",Artis Senior Living,"Chicago, IL",Chicago,IL,https://recruiting.ultipro.com/ART1008ARTH/JobBoard/dc78aa87-cca0-413e-a32b-450fecf2bffb/OpportunityDetail?opportunityId=97f4891f-cee9-4db7-8997-03bc2a25cf59,Artis Senior Living,https://recruiting.ultipro.com/ART1008ARTH/JobBoard/dc78aa87-cca0-413e-a32b-450fecf2bffb/?q=&o=postedDateDesc&w=&wc=&we=&wpst=,2025-07-11T15:02:26.930496,"Inside Sales Counselor, Senior Living
Jul 10, 2025
Job Category: General
Requisition Number: INSID003506
Schedule: Full Time

Artis Senior Living Lakeview


Chicago, IL 60657, USA





The Inside Sales Counselor will drive internal sales efforts to achieve and exceed community census goals. The SC is responsible for lead base management (inquiries, tours, lead follow-up, creative next steps and generating a 30-60-90 day pipeline). *1-2 years previous healthcare sales experience is required. *Sch...",ultipro
Artis Senior Living_4339798125208299787,"Executive Director, Senior Living",Artis Senior Living,"Lexington, MA",Lexington,MA,https://recruiting.ultipro.com/ART1008ARTH/JobBoard/dc78aa87-cca0-413e-a32b-450fecf2bffb/OpportunityDetail?opportunityId=4d1d3b69-ce6a-4895-ac93-08a3818eb054,Artis Senior Living,https://recruiting.ultipro.com/ART1008ARTH/JobBoard/dc78aa87-cca0-413e-a32b-450fecf2bffb/?q=&o=postedDateDesc&w=&wc=&we=&wpst=,2025-07-11T15:02:27.196318,"Executive Director, Senior Living
Jul 10, 2025
Job Category: Administration
Requisition Number: EXECU003505
Schedule: Full Time

Artis Senior Living | Waltham


Lexington, MA 02421, USA





The Executive Director will manage the day-to-day operations of the community, ensuring Memory Care residents experience elevated care and customer service, while achieving and maintaining maximum occupancy. The ED will ensure smooth operation of all departments within the community and generate projected bu...",ultipro
Artis Senior Living_5843101220784647303,Life Enrichment Assistant / Activities Assistant - Part Time Weekends,Artis Senior Living,"Evesham, NJ",Evesham,NJ,https://recruiting.ultipro.com/ART1008ARTH/JobBoard/dc78aa87-cca0-413e-a32b-450fecf2bffb/OpportunityDetail?opportunityId=6deb6a5f-1ab5-4ac1-ab77-87b948e20572,Artis Senior Living,https://recruiting.ultipro.com/ART1008ARTH/JobBoard/dc78aa87-cca0-413e-a32b-450fecf2bffb/?q=&o=postedDateDesc&w=&wc=&we=&wpst=,2025-07-11T15:02:27.440878,"Life Enrichment Assistant / Activities Assistant - Part Time Weekends
Jul 9, 2025
Job Category: General
Requisition Number: LIFEE003504
Schedule: Part Time




Evesham, NJ 08053, USA





The Life Enrichment Assistant will engage residents in daily programming and entertainment. Assists the Director in the creation of activities designed to meet the individualized needs of our residents. Familiarity with Alzheimer's/Dementia, and a willingness to work with the elderly population is essential for...",ultipro
Artis Senior Living_4054795848154203209,Licensed Practical Nurse (LPN),Artis Senior Living,"Evesham, NJ",Evesham,NJ,https://recruiting.ultipro.com/ART1008ARTH/JobBoard/dc78aa87-cca0-413e-a32b-450fecf2bffb/OpportunityDetail?opportunityId=ae928067-2365-4db5-80ca-8ea7c0f018c6,Artis Senior Living,https://recruiting.ultipro.com/ART1008ARTH/JobBoard/dc78aa87-cca0-413e-a32b-450fecf2bffb/?q=&o=postedDateDesc&w=&wc=&we=&wpst=,2025-07-11T15:02:27.632810,"Licensed Practical Nurse (LPN)
Jul 9, 2025
Job Category: CHW
Requisition Number: LICEN003502
Schedule: Full Time




Evesham, NJ 08053, USA





The Coordinator of Health and Wellness, LPN will provide clinical monitoring and support for residents with Alzheimer's/Dementia. Ensures that all restorative, support and preventative measures are met in accordance with applicable state laws and regulations. Experience with Alzheimer's/Dementia or behavioral health conditions, and a willingness to work...",ultipro
Artis Senior Living_139839555445968796,CNA - PRN / Per Diem,Artis Senior Living,"Olney, MD",Olney,MD,https://recruiting.ultipro.com/ART1008ARTH/JobBoard/dc78aa87-cca0-413e-a32b-450fecf2bffb/OpportunityDetail?opportunityId=b3564c5f-520d-45e6-a60c-6251704909ab,Artis Senior Living,https://recruiting.ultipro.com/ART1008ARTH/JobBoard/dc78aa87-cca0-413e-a32b-450fecf2bffb/?q=&o=postedDateDesc&w=&wc=&we=&wpst=,2025-07-11T15:02:27.818076,"CNA - PRN / Per Diem
Jul 9, 2025
Job Category: Care Partner
Requisition Number: CAREG003501
Schedule: Part Time

Artis Senior Living


Olney, MD 20832, USA





The Caregiver will provide assistance with daily living activities for residents with Alzheimer's/Dementia. You may be required to respond to emergency calls and situations, document and report care provided, and transport residents to various functions or locations. Familiarity with Alzheimer's/Dementia, and a willingness to work with t...",ultipro
Artis Senior Living_5978110537245479688,Licensed Practical Nurse (LPN) - Part Time,Artis Senior Living,"Olney, MD",Olney,MD,https://recruiting.ultipro.com/ART1008ARTH/JobBoard/dc78aa87-cca0-413e-a32b-450fecf2bffb/OpportunityDetail?opportunityId=1e751dfe-016d-4796-aec1-33f03ec9b23c,Artis Senior Living,https://recruiting.ultipro.com/ART1008ARTH/JobBoard/dc78aa87-cca0-413e-a32b-450fecf2bffb/?q=&o=postedDateDesc&w=&wc=&we=&wpst=,2025-07-11T15:02:28.034944,"Licensed Practical Nurse (LPN) - Part Time
Jul 9, 2025
Job Category: CHW
Requisition Number: LICEN003500
Schedule: Part Time

Artis Senior Living


Olney, MD 20832, USA





The Licensed Practical Nurse (LPN) will provide clinical monitoring and support for residents with Alzheimer's/Dementia. Ensures that all restorative, support and preventative measures are met in accordance with applicable state laws and regulations. Experience with Alzheimer's/Dementia or behavioral health conditions, and a...",ultipro
Artis Senior Living_3516884604413687515,Licensed Practical Nurse (LPN),Artis Senior Living,"Olney, MD",Olney,MD,https://recruiting.ultipro.com/ART1008ARTH/JobBoard/dc78aa87-cca0-413e-a32b-450fecf2bffb/OpportunityDetail?opportunityId=84c5e59c-7ddb-450c-b0b2-57bcfcfa8d3c,Artis Senior Living,https://recruiting.ultipro.com/ART1008ARTH/JobBoard/dc78aa87-cca0-413e-a32b-450fecf2bffb/?q=&o=postedDateDesc&w=&wc=&we=&wpst=,2025-07-11T15:02:28.232326,"Licensed Practical Nurse (LPN)
Jul 9, 2025
Job Category: CHW
Requisition Number: LICEN003499
Schedule: Full Time

Artis Senior Living


Olney, MD 20832, USA





The Licensed Practical Nurse (LPN) will provide clinical monitoring and support for residents with Alzheimer's/Dementia. Ensures that all restorative, support and preventative measures are met in accordance with applicable state laws and regulations. Experience with Alzheimer's/Dementia or behavioral health conditions, and a willingness...",ultipro
Artis Senior Living_1591046690430933663,Certified Medication Aide / Med Tech - Part Time,Artis Senior Living,"Brick, NJ",Brick,NJ,https://recruiting.ultipro.com/ART1008ARTH/JobBoard/dc78aa87-cca0-413e-a32b-450fecf2bffb/OpportunityDetail?opportunityId=64b0fed6-d9ce-4cb5-af76-c2c3f372c57e,Artis Senior Living,https://recruiting.ultipro.com/ART1008ARTH/JobBoard/dc78aa87-cca0-413e-a32b-450fecf2bffb/?q=&o=postedDateDesc&w=&wc=&we=&wpst=,2025-07-11T15:02:28.449330,"Certified Medication Aide / Med Tech - Part Time
Jul 8, 2025
Job Category: Care Partner
Requisition Number: CERTI003497
Schedule: Part Time

Artis Senior Living


Brick, NJ 08724, USA





The Certified Medication Aide / Med Tech will administer medications to residents and observe, record, and report, medication interactions or side effects. Will also assist residents with activities of daily living such as grooming, oral hygiene, toileting, bathing/showering, eating, etc. You may be required t...",ultipro
Artis Senior Living_5847887089238915766,Licensed Practical Nurse (LPN) - Part Time / Per Diem,Artis Senior Living,"Brick, NJ",Brick,NJ,https://recruiting.ultipro.com/ART1008ARTH/JobBoard/dc78aa87-cca0-413e-a32b-450fecf2bffb/OpportunityDetail?opportunityId=288faaa4-d1bd-4c52-9022-31fbf63cf694,Artis Senior Living,https://recruiting.ultipro.com/ART1008ARTH/JobBoard/dc78aa87-cca0-413e-a32b-450fecf2bffb/?q=&o=postedDateDesc&w=&wc=&we=&wpst=,2025-07-11T15:02:28.670632,"Licensed Practical Nurse (LPN) - Part Time / Per Diem
Jul 8, 2025
Job Category: CHW
Requisition Number: LICEN003496
Schedule: Part Time

Artis Senior Living


Brick, NJ 08724, USA





The LPN will provide clinical monitoring and support for residents with Alzheimer's/Dementia. Ensures that all restorative, support and preventative measures are met in accordance with applicable state laws and regulations. Experience with Alzheimer's/Dementia or behavioral health conditions, and a willingness to ...",ultipro
Artis Senior Living_2973241100007707047,Cook,Artis Senior Living,"Princeton, NJ",Princeton,NJ,https://recruiting.ultipro.com/ART1008ARTH/JobBoard/dc78aa87-cca0-413e-a32b-450fecf2bffb/OpportunityDetail?opportunityId=fb7ef78a-0ac2-4911-be8a-951f70902ec3,Artis Senior Living,https://recruiting.ultipro.com/ART1008ARTH/JobBoard/dc78aa87-cca0-413e-a32b-450fecf2bffb/?q=&o=postedDateDesc&w=&wc=&we=&wpst=,2025-07-11T15:02:28.888966,"Cook
Jul 8, 2025
Job Category: General
Requisition Number: COOK0003495
Schedule: Full Time

Artis Senior Living


Princeton, NJ 08540, USA





Are you looking for an opportunity to explore your culinary curiosity? Do you enjoy learning unique recipes and having creative freedom at work? The Cook position offers a flexible schedule, work/life balance AND room for advancement! *Starting pay is $19.50 / hour! *This is a full time position offering a Tuesday-Saturday schedule, 10:30am-6:30pm!",ultipro
Artis Senior Living_3168164565658919647,Activities Assistant,Artis Senior Living,"Eatontown, NJ",Eatontown,NJ,https://recruiting.ultipro.com/ART1008ARTH/JobBoard/dc78aa87-cca0-413e-a32b-450fecf2bffb/OpportunityDetail?opportunityId=6b75a24f-7927-46b1-a5c6-96bbf0709d88,Artis Senior Living,https://recruiting.ultipro.com/ART1008ARTH/JobBoard/dc78aa87-cca0-413e-a32b-450fecf2bffb/?q=&o=postedDateDesc&w=&wc=&we=&wpst=,2025-07-11T15:02:29.102820,"Activities Assistant
Jul 8, 2025
Job Category: General
Requisition Number: ACTIV003494
Schedule: Full Time

Artis Senior Living


Eatontown, NJ 07724, USA





The Activities Assistant will engage residents in daily programming and entertainment. Assists the Director in the creation of activities designed to meet the individualized needs of our residents. Familiarity with Alzheimer's/Dementia, and a willingness to work with the elderly population is essential for this role.  *Starting pay is $18...",ultipro
Artis Senior Living_2431884796627235641,Director of Business Services / Business Office Manager,Artis Senior Living,"Woodbury, MN",Woodbury,MN,https://recruiting.ultipro.com/ART1008ARTH/JobBoard/dc78aa87-cca0-413e-a32b-450fecf2bffb/OpportunityDetail?opportunityId=3badb6c4-bbec-4a6e-9b60-26789d3b5e89,Artis Senior Living,https://recruiting.ultipro.com/ART1008ARTH/JobBoard/dc78aa87-cca0-413e-a32b-450fecf2bffb/?q=&o=postedDateDesc&w=&wc=&we=&wpst=,2025-07-11T15:02:29.341162,"Director of Business Services / Business Office Manager
Jul 7, 2025
Job Category: CHW
Requisition Number: DIREC003369
Schedule: Full Time

Artis Senior Living


Woodbury, MN 55125, USA





The Director of Business Services will manage the administrative office and functions of the community including accounts receivable, accounts payable, payroll, recruiting and onboarding, weekly/monthly reporting and manage community files. Experience within a senior living or healthcare environment, and a wi...",ultipro
Artis Senior Living_4829489809833200839,Licensed Practical Nurse (LPN),Artis Senior Living,"Princeton, NJ",Princeton,NJ,https://recruiting.ultipro.com/ART1008ARTH/JobBoard/dc78aa87-cca0-413e-a32b-450fecf2bffb/OpportunityDetail?opportunityId=ae0e1671-92bd-47ac-adb0-f3e97bb4d0ba,Artis Senior Living,https://recruiting.ultipro.com/ART1008ARTH/JobBoard/dc78aa87-cca0-413e-a32b-450fecf2bffb/?q=&o=postedDateDesc&w=&wc=&we=&wpst=,2025-07-11T15:02:29.538641,"Licensed Practical Nurse (LPN)
Jul 4, 2025
Job Category: CHW
Requisition Number: LICEN003493
Schedule: Full Time

Artis Senior Living


Princeton, NJ 08540, USA





The Licensed Practical Nurse (LPN) will provide clinical monitoring and support for residents with Alzheimer's/Dementia. Ensures that all restorative, support and preventative measures are met in accordance with applicable state laws and regulations. Experience with Alzheimer's/Dementia or behavioral health conditions, and a willing...",ultipro
Artis Senior Living_1758643170717334968,Licensed Practical Nurse (LPN) - PRN / Per Diem,Artis Senior Living,"Lexington, MA",Lexington,MA,https://recruiting.ultipro.com/ART1008ARTH/JobBoard/dc78aa87-cca0-413e-a32b-450fecf2bffb/OpportunityDetail?opportunityId=f5de72c9-68eb-454e-b5a4-2ad5241d8d2e,Artis Senior Living,https://recruiting.ultipro.com/ART1008ARTH/JobBoard/dc78aa87-cca0-413e-a32b-450fecf2bffb/?q=&o=postedDateDesc&w=&wc=&we=&wpst=,2025-07-11T15:02:29.722916,"Licensed Practical Nurse (LPN) - PRN / Per Diem
Jul 4, 2025
Job Category: CHW
Requisition Number: LICEN003492
Schedule: Part Time

Artis Senior Living | Waltham


Lexington, MA 02421, USA





The LPN will provide clinical monitoring and support for residents with Alzheimer's/Dementia. Ensures that all restorative, support and preventative measures are met in accordance with applicable state laws and regulations. Experience with Alzheimer's/Dementia or behavioral health conditions, and a willing...",ultipro
Artis Senior Living_3728063510970499425,CNA / HHA (Home Health Aide) - Part Time / PRN,Artis Senior Living,"Lexington, MA",Lexington,MA,https://recruiting.ultipro.com/ART1008ARTH/JobBoard/dc78aa87-cca0-413e-a32b-450fecf2bffb/OpportunityDetail?opportunityId=d864e02a-499a-40dc-940f-5cca359431a8,Artis Senior Living,https://recruiting.ultipro.com/ART1008ARTH/JobBoard/dc78aa87-cca0-413e-a32b-450fecf2bffb/?q=&o=postedDateDesc&w=&wc=&we=&wpst=,2025-07-11T15:02:29.906709,"CNA / HHA (Home Health Aide) - Part Time / PRN
Jul 4, 2025
Job Category: Care Partner
Requisition Number: CNAHH003491
Schedule: Part Time

Artis Senior Living | Waltham


Lexington, MA 02421, USA





The CNA will provide assistance with daily living activities for residents with Alzheimer's/Dementia. You may be required to respond to emergency calls and situations, document and report care provided, and transport residents to various functions or locations. Familiarity with Alzheimer's/Dementia...",ultipro
Artis Senior Living_7094931130220800589,CNA / CHHA - Part Time,Artis Senior Living,"Brick, NJ",Brick,NJ,https://recruiting.ultipro.com/ART1008ARTH/JobBoard/dc78aa87-cca0-413e-a32b-450fecf2bffb/OpportunityDetail?opportunityId=e79a8a88-ecd1-49d7-b2a2-48c801b4445f,Artis Senior Living,https://recruiting.ultipro.com/ART1008ARTH/JobBoard/dc78aa87-cca0-413e-a32b-450fecf2bffb/?q=&o=postedDateDesc&w=&wc=&we=&wpst=,2025-07-11T15:02:30.131136,"CNA / CHHA - Part Time
Jul 3, 2025
Job Category: Care Partner
Requisition Number: CNACH003490
Schedule: Full Time

Artis Senior Living


Brick, NJ 08724, USA





The Care Partner, CNA / Certified Home Health Aide (CHHA) will provide assistance with daily living activities for residents with Alzheimer's/Dementia. You may be required to respond to emergency calls and situations, document and report care provided, and transport residents to various functions or locations. Familiarity with Alzheime...",ultipro
Artis Senior Living_2818181736683953941,Licensed Practical Nurse (LPN) - Part Time / PRN,Artis Senior Living,"Commack, NY",Commack,NY,https://recruiting.ultipro.com/ART1008ARTH/JobBoard/dc78aa87-cca0-413e-a32b-450fecf2bffb/OpportunityDetail?opportunityId=34f855ce-aa04-416e-a564-a3d117e7c6e3,Artis Senior Living,https://recruiting.ultipro.com/ART1008ARTH/JobBoard/dc78aa87-cca0-413e-a32b-450fecf2bffb/?q=&o=postedDateDesc&w=&wc=&we=&wpst=,2025-07-11T15:02:30.399312,"Licensed Practical Nurse (LPN) - Part Time / PRN
Jul 3, 2025
Job Category: CHW
Requisition Number: LICEN003489
Schedule: Part Time

Artis Senior Living


Commack, NY 11725, USA





The LPN will provide clinical monitoring and support for residents with Alzheimer's/Dementia. Ensures that all restorative, support and preventative measures are met in accordance with applicable state laws and regulations. Experience with Alzheimer's/Dementia or behavioral health conditions, and a willingness to wor...",ultipro
Artis Senior Living_7283927364171260378,"Director, Culinary Services",Artis Senior Living,"Lemoyne, PA",Lemoyne,PA,https://recruiting.ultipro.com/ART1008ARTH/JobBoard/dc78aa87-cca0-413e-a32b-450fecf2bffb/OpportunityDetail?opportunityId=b34afe7b-a5c7-45db-ae23-0a223f018086,Artis Senior Living,https://recruiting.ultipro.com/ART1008ARTH/JobBoard/dc78aa87-cca0-413e-a32b-450fecf2bffb/?q=&o=postedDateDesc&w=&wc=&we=&wpst=,2025-07-11T15:02:30.582180,"Director, Culinary Services
Jul 3, 2025
Job Category: Culinary
Requisition Number: DIREC003488
Schedule: Full Time

Artis Senior Living | West Shore


Lemoyne, PA 17043, USA





The Director of Culinary Services will plan and supervise all aspects of culinary services ensuring a memorable experience for residents, guests and team members alike. The DCS will provide technical guidance and administrative direction over food planning, menu formulation, preparation, and serving, of regular and ther...",ultipro
Artis Senior Living_2499719658608453610,"Director of Sales, Senior Living",Artis Senior Living,"Wilmette, IL",Wilmette,IL,https://recruiting.ultipro.com/ART1008ARTH/JobBoard/dc78aa87-cca0-413e-a32b-450fecf2bffb/OpportunityDetail?opportunityId=a8cc7091-48c4-4774-8421-ef475afc836b,Artis Senior Living,https://recruiting.ultipro.com/ART1008ARTH/JobBoard/dc78aa87-cca0-413e-a32b-450fecf2bffb/?q=&o=postedDateDesc&w=&wc=&we=&wpst=,2025-07-11T15:02:30.766602,"Director of Sales, Senior Living
Jul 3, 2025
Job Category: General
Requisition Number: DIREC003487
Schedule: Full Time

Artis Senior Living


Wilmette, IL 60091, USA





The Director, Sales and Marketing will drive internal and external sales efforts to achieve and exceed community performance goals, while continuously maximizing occupancy. *This is a full time position offering a Monday-Friday schedule, 9am-5pm! Some evenings and weekends may be required. *Senior living sales experience is req...",ultipro
Artis Senior Living_777084824030159325,CNA / Home Health Aide (HHA) - Part Time,Artis Senior Living,"Briarcliff Manor, NY",Briarcliff Manor,NY,https://recruiting.ultipro.com/ART1008ARTH/JobBoard/dc78aa87-cca0-413e-a32b-450fecf2bffb/OpportunityDetail?opportunityId=fc6b9467-0c23-4911-a450-ddab8540dd58,Artis Senior Living,https://recruiting.ultipro.com/ART1008ARTH/JobBoard/dc78aa87-cca0-413e-a32b-450fecf2bffb/?q=&o=postedDateDesc&w=&wc=&we=&wpst=,2025-07-11T15:02:30.961329,"CNA / Home Health Aide (HHA) - Part Time
Jul 2, 2025
Job Category: Care Partner
Requisition Number: CNAHO003486
Schedule: Part Time

Artis Senior Living


Briarcliff Manor, NY 10510, USA





The CNA / Home Health Aide (HHA) will provide assistance with daily living activities for residents with Alzheimer's/Dementia. You may be required to respond to emergency calls and situations, document and report care provided, and transport residents to various functions or locations. Familiarity with Alzh...",ultipro
Artis Senior Living_1937784078316331620,CNA / Home Health Aide (HHA),Artis Senior Living,"Briarcliff Manor, NY",Briarcliff Manor,NY,https://recruiting.ultipro.com/ART1008ARTH/JobBoard/dc78aa87-cca0-413e-a32b-450fecf2bffb/OpportunityDetail?opportunityId=296af378-4d6d-4453-a214-0c83458b73ef,Artis Senior Living,https://recruiting.ultipro.com/ART1008ARTH/JobBoard/dc78aa87-cca0-413e-a32b-450fecf2bffb/?q=&o=postedDateDesc&w=&wc=&we=&wpst=,2025-07-11T15:02:31.153536,"CNA / Home Health Aide (HHA)
Jul 2, 2025
Job Category: Care Partner
Requisition Number: CNAHO003485
Schedule: Full Time

Artis Senior Living


Briarcliff Manor, NY 10510, USA





The CNA / Home Health Aide (HHA) will provide assistance with daily living activities for residents with Alzheimer's/Dementia. You may be required to respond to emergency calls and situations, document and report care provided, and transport residents to various functions or locations. Familiarity with Alzheimer's/Deme...",ultipro
Artis Senior Living_523455143378922737,Life Enrichment Assistant / Activities Assistant,Artis Senior Living,"Chicago, IL",Chicago,IL,https://recruiting.ultipro.com/ART1008ARTH/JobBoard/dc78aa87-cca0-413e-a32b-450fecf2bffb/OpportunityDetail?opportunityId=b5311ea3-86b8-4fb1-8298-bfb4fe8d4078,Artis Senior Living,https://recruiting.ultipro.com/ART1008ARTH/JobBoard/dc78aa87-cca0-413e-a32b-450fecf2bffb/?q=&o=postedDateDesc&w=&wc=&we=&wpst=,2025-07-11T15:02:31.407678,"Life Enrichment Assistant / Activities Assistant
Jul 2, 2025
Job Category: General
Requisition Number: LIFEE003484
Schedule: Full Time
Job Location Type: On-site

Artis Senior Living Lakeview


Chicago, IL 60657, USA





The Life Enrichment Assistant / Activities Assistant will engage residents in daily programming and entertainment. Assists the Director in the creation of activities designed to meet the individualized needs of our residents. Familiarity with Alzheimer's/Dementia, and a willing...",ultipro
Artis Senior Living_1685188369994123467,Caregiver / CNA - Part Time / PRN,Artis Senior Living,"Chicago, IL",Chicago,IL,https://recruiting.ultipro.com/ART1008ARTH/JobBoard/dc78aa87-cca0-413e-a32b-450fecf2bffb/OpportunityDetail?opportunityId=9c8e28ff-433d-4fb7-9421-749e02527ded,Artis Senior Living,https://recruiting.ultipro.com/ART1008ARTH/JobBoard/dc78aa87-cca0-413e-a32b-450fecf2bffb/?q=&o=postedDateDesc&w=&wc=&we=&wpst=,2025-07-11T15:02:31.628385,"Caregiver / CNA - Part Time / PRN
Jul 2, 2025
Job Category: Care Partner
Requisition Number: CAREG003483
Schedule: Part Time

Artis Senior Living Lakeview


Chicago, IL 60657, USA





The Caregiver / CNA will provide assistance with daily living activities for residents with Alzheimer's/Dementia. You may be required to respond to emergency calls and situations, document and report care provided, and transport residents to various functions or locations. Familiarity with Alzheimer's/Dementia, an...",ultipro
Artis Senior Living_1983820622932473738,Caregiver / CNA,Artis Senior Living,"Cincinnati, OH",Cincinnati,OH,https://recruiting.ultipro.com/ART1008ARTH/JobBoard/dc78aa87-cca0-413e-a32b-450fecf2bffb/OpportunityDetail?opportunityId=2ab39233-4bdb-4e97-9c82-0bd154329c39,Artis Senior Living,https://recruiting.ultipro.com/ART1008ARTH/JobBoard/dc78aa87-cca0-413e-a32b-450fecf2bffb/?q=&o=postedDateDesc&w=&wc=&we=&wpst=,2025-07-11T15:02:31.831296,"Caregiver / CNA
Jul 2, 2025
Job Category: Care Partner
Requisition Number: CAREG003481
Schedule: Full Time

Artis Senior Living | Bridgetown


Cincinnati, OH 45248, USA





The Care Partner, CNA will provide assistance with daily living activities for residents with Alzheimer's/Dementia. You may be required to respond to emergency calls and situations, document and report care provided, and transport residents to various functions or locations. Familiarity with Alzheimer's/Dementia, and a willi...",ultipro
Artis Senior Living_2429839056165085819,"Director of Nursing, LPN or RN",Artis Senior Living,"Yardley, PA",Yardley,PA,https://recruiting.ultipro.com/ART1008ARTH/JobBoard/dc78aa87-cca0-413e-a32b-450fecf2bffb/OpportunityDetail?opportunityId=3967136c-94fa-49c4-99e7-cc3674bde2b4,Artis Senior Living,https://recruiting.ultipro.com/ART1008ARTH/JobBoard/dc78aa87-cca0-413e-a32b-450fecf2bffb/?q=&o=postedDateDesc&w=&wc=&we=&wpst=,2025-07-11T15:02:32.041627,"Director of Nursing, LPN or RN
Jul 2, 2025
Job Category: DHW
Requisition Number: DIREC003480
Schedule: Full Time

Artis Senior Living


Yardley, PA 19067, USA





The Director of Nursing, LPN or RN will oversee operations of the Care team. Assists and supports the translation of the nursing philosophy of the community into nursing practice by participating in the planning, implementation, and evaluation of the nursing care delivery system. The Director will ensure resident needs are being met b...",ultipro
Artis Senior Living_2070803839099684452,"National Director, Sales and Marketing",Artis Senior Living,"King Of Prussia, PA",King Of Prussia,PA,https://recruiting.ultipro.com/ART1008ARTH/JobBoard/dc78aa87-cca0-413e-a32b-450fecf2bffb/OpportunityDetail?opportunityId=88a57a94-be73-4f69-a724-3c6e21879cc5,Artis Senior Living,https://recruiting.ultipro.com/ART1008ARTH/JobBoard/dc78aa87-cca0-413e-a32b-450fecf2bffb/?q=&o=postedDateDesc&w=&wc=&we=&wpst=,2025-07-11T15:02:32.240057,"National Director, Sales and Marketing
Jul 1, 2025
Job Category: Administration
Requisition Number: NATIO003424
Schedule: Full Time

Artis Senior Living Management


King Of Prussia, PA 19406, USA





The National Director, Sales and Marketing will provide leadership, support, and training to the Directors, Sales and Marketing within the assigned region. Working closely with the Vice President of Operations, influence positive outcomes of both internal and external sales efforts, while ensuring...",ultipro
Artis Senior Living_345720400565171590,"Regional Director of Nursing, RN",Artis Senior Living,"Regional Director of Nursing, RN",Regional Director of Nursing,RN,https://recruiting.ultipro.com/ART1008ARTH/JobBoard/dc78aa87-cca0-413e-a32b-450fecf2bffb/OpportunityDetail?opportunityId=80dd6a5e-1f76-44c6-91d2-9195e27a1beb,Artis Senior Living,https://recruiting.ultipro.com/ART1008ARTH/JobBoard/dc78aa87-cca0-413e-a32b-450fecf2bffb/?q=&o=postedDateDesc&w=&wc=&we=&wpst=,2025-07-11T15:02:32.473946,"Regional Director of Nursing, RN
Jul 1, 2025
Job Category: Administration
Requisition Number: REGIO003479
Schedule: Full Time

Artis Senior Living Management


King Of Prussia, PA 19406, USA





The Regional Director of Nursing provides leadership and oversight to assigned communities in areas of resident care, regulatory compliance, performance improvement, risk reduction, clinical and staff management, as well as state licensure survey readiness. The Regional Director of Nursing will travel t...",ultipro
Artis Senior Living_3795311175277457587,Cook,Artis Senior Living,"Lexington, MA",Lexington,MA,https://recruiting.ultipro.com/ART1008ARTH/JobBoard/dc78aa87-cca0-413e-a32b-450fecf2bffb/OpportunityDetail?opportunityId=1fc63245-c3e2-4242-babc-058c7ce4a4c8,Artis Senior Living,https://recruiting.ultipro.com/ART1008ARTH/JobBoard/dc78aa87-cca0-413e-a32b-450fecf2bffb/?q=&o=postedDateDesc&w=&wc=&we=&wpst=,2025-07-11T15:02:32.671309,"Cook
Jun 30, 2025
Job Category: General
Requisition Number: COOK0003478
Schedule: Full Time

Artis Senior Living | Waltham


Lexington, MA 02421, USA





Are you looking for an opportunity to explore your culinary curiosity? Do you enjoy learning unique recipes and having creative freedom at work? The Cook position offers a flexible schedule, work/life balance AND room for advancement! *Starting pay is $20 / hour! *This is a full time position offering a flexible schedule, working 6am-2:30pm! S...",ultipro
Artis Senior Living_8858419689468608472,"Executive Director, Memory Care",Artis Senior Living,"Branford, CT",Branford,CT,https://recruiting.ultipro.com/ART1008ARTH/JobBoard/dc78aa87-cca0-413e-a32b-450fecf2bffb/OpportunityDetail?opportunityId=fa74d996-17dc-40f2-8282-44491dcc7074,Artis Senior Living,https://recruiting.ultipro.com/ART1008ARTH/JobBoard/dc78aa87-cca0-413e-a32b-450fecf2bffb/?q=&o=postedDateDesc&w=&wc=&we=&wpst=,2025-07-11T15:02:32.887548,"Executive Director, Memory Care
Jun 30, 2025
Job Category: Administration
Requisition Number: EXECU003477
Schedule: Full Time

Artis Senior Living


Branford, CT 06405, USA





The Executive Director will manage the day-to-day operations of the Community, achieving and maintaining maximum occupancy of the Community, achieving high resident/employee satisfaction, generating respect in the neighborhood for the Community, ensuring smooth operation of the Community and generating the projected budg...",ultipro
Artis Senior Living_950755268160398300,CNA / Home Health Aide - Part Time / PRN,Artis Senior Living,"Boca Raton, FL",Boca Raton,FL,https://recruiting.ultipro.com/ART1008ARTH/JobBoard/dc78aa87-cca0-413e-a32b-450fecf2bffb/OpportunityDetail?opportunityId=425d8155-5b75-4cd9-b034-41652ccf9961,Artis Senior Living,https://recruiting.ultipro.com/ART1008ARTH/JobBoard/dc78aa87-cca0-413e-a32b-450fecf2bffb/?q=&o=postedDateDesc&w=&wc=&we=&wpst=,2025-07-11T15:02:33.204827,"CNA / Home Health Aide - Part Time / PRN
Jun 30, 2025
Job Category: Care Partner
Requisition Number: CNAHO003476
Schedule: Part Time

Artis Senior Living


Boca Raton, FL 33487, USA





The CNA / Home Health Aide (HHA) will provide assistance with daily living activities for residents with Alzheimer's/Dementia. You may be required to respond to emergency calls and situations, document and report care provided, and transport residents to various functions or locations. Familiarity with Alzheimer...",ultipro
Artis Senior Living_211797019554007851,Licensed Practical Nurse (LPN) - PRN / Per Diem,Artis Senior Living,"Chicago, IL",Chicago,IL,https://recruiting.ultipro.com/ART1008ARTH/JobBoard/dc78aa87-cca0-413e-a32b-450fecf2bffb/OpportunityDetail?opportunityId=3956515d-6244-4b60-9178-68df346a443f,Artis Senior Living,https://recruiting.ultipro.com/ART1008ARTH/JobBoard/dc78aa87-cca0-413e-a32b-450fecf2bffb/?q=&o=postedDateDesc&w=&wc=&we=&wpst=,2025-07-11T15:02:33.508692,"Licensed Practical Nurse (LPN) - PRN / Per Diem
Jun 28, 2025
Job Category: CHW
Requisition Number: LICEN003474
Schedule: Part Time

Artis Senior Living Lakeview


Chicago, IL 60657, USA





The Licensed Practical Nurse (LPN) will provide clinical monitoring and support for residents with Alzheimer's/Dementia. Ensures that all restorative, support and preventative measures are met in accordance with applicable state laws and regulations. Experience with Alzheimer's/Dementia or behavioral health ...",ultipro
Artis Senior Living_4787100337816147148,Licensed Practical Nurse (LPN) - Part Time / PRN,Artis Senior Living,"Spring Valley, NY",Spring Valley,NY,https://recruiting.ultipro.com/ART1008ARTH/JobBoard/dc78aa87-cca0-413e-a32b-450fecf2bffb/OpportunityDetail?opportunityId=9620cda1-f59f-47d1-aa98-8ccb5619c873,Artis Senior Living,https://recruiting.ultipro.com/ART1008ARTH/JobBoard/dc78aa87-cca0-413e-a32b-450fecf2bffb/?q=&o=postedDateDesc&w=&wc=&we=&wpst=,2025-07-11T15:02:33.751513,"Licensed Practical Nurse (LPN) - Part Time / PRN
Jun 27, 2025
Job Category: CHW
Requisition Number: LICEN003473
Schedule: Part Time

Artis Senior Living


Spring Valley, NY 10977, USA





The Licensed Practical Nurse (LPN) will provide clinical monitoring and support for residents with Alzheimer's/Dementia. Ensures that all restorative, support and preventative measures are met in accordance with applicable state laws and regulations. Experience with Alzheimer's/Dementia or behavioral health co...",ultipro
Artis Senior Living_8699542256325095190,Home Health Aide (HHA) - Part Time / PRN,Artis Senior Living,"Spring Valley, NY",Spring Valley,NY,https://recruiting.ultipro.com/ART1008ARTH/JobBoard/dc78aa87-cca0-413e-a32b-450fecf2bffb/OpportunityDetail?opportunityId=6c0772ca-0034-4018-b9cd-9951ec80b318,Artis Senior Living,https://recruiting.ultipro.com/ART1008ARTH/JobBoard/dc78aa87-cca0-413e-a32b-450fecf2bffb/?q=&o=postedDateDesc&w=&wc=&we=&wpst=,2025-07-11T15:02:33.941770,"Home Health Aide (HHA) - Part Time / PRN
Jun 27, 2025
Job Category: Care Partner
Requisition Number: HOMEH003471
Schedule: Part Time

Artis Senior Living


Spring Valley, NY 10977, USA





The Home Health Aide (HHA) will provide assistance with daily living activities for residents with Alzheimer's/Dementia. You may be required to respond to emergency calls and situations, document and report care provided, and transport residents to various functions or locations. Familiarity with Alzheimer's/...",ultipro
Artis Senior Living_1459260627978817185,Licensed Practical Nurse (LPN) - Part Time,Artis Senior Living,"Huntingdon Valley, PA",Huntingdon Valley,PA,https://recruiting.ultipro.com/ART1008ARTH/JobBoard/dc78aa87-cca0-413e-a32b-450fecf2bffb/OpportunityDetail?opportunityId=4086700f-25d1-4fe8-ac34-5f588e9cf45e,Artis Senior Living,https://recruiting.ultipro.com/ART1008ARTH/JobBoard/dc78aa87-cca0-413e-a32b-450fecf2bffb/?q=&o=postedDateDesc&w=&wc=&we=&wpst=,2025-07-11T15:02:34.183702,"Licensed Practical Nurse (LPN) - Part Time
Jun 27, 2025
Job Category: CHW
Requisition Number: LICEN003469
Schedule: Part Time

Artis Senior Living


Huntingdon Valley, PA 19006, USA





The Licensed Practical Nurse (LPN) will provide clinical monitoring and support for residents with Alzheimer's/Dementia. Ensures that all restorative, support and preventative measures are met in accordance with applicable state laws and regulations. Experience with Alzheimer's/Dementia or behavioral health cond...",ultipro
Artis Senior Living_5459064771035329705,Licensed Practical Nurse (LPN),Artis Senior Living,"Huntingdon Valley, PA",Huntingdon Valley,PA,https://recruiting.ultipro.com/ART1008ARTH/JobBoard/dc78aa87-cca0-413e-a32b-450fecf2bffb/OpportunityDetail?opportunityId=9ad20268-34c0-413e-b166-17985e7da0bf,Artis Senior Living,https://recruiting.ultipro.com/ART1008ARTH/JobBoard/dc78aa87-cca0-413e-a32b-450fecf2bffb/?q=&o=postedDateDesc&w=&wc=&we=&wpst=,2025-07-11T15:02:34.400623,"Licensed Practical Nurse (LPN)
Jun 27, 2025
Job Category: CHW
Requisition Number: LICEN003468
Schedule: Full Time

Artis Senior Living


Huntingdon Valley, PA 19006, USA





The Licensed Practical Nurse (LPN) will provide clinical monitoring and support for residents with Alzheimer's/Dementia. Ensures that all restorative, support and preventative measures are met in accordance with applicable state laws and regulations. Experience with Alzheimer's/Dementia or behavioral health conditions, and ...",ultipro
Artis Senior Living_7013026785461366991,Home Health Aide (HHA),Artis Senior Living,"Spring Valley, NY",Spring Valley,NY,https://recruiting.ultipro.com/ART1008ARTH/JobBoard/dc78aa87-cca0-413e-a32b-450fecf2bffb/OpportunityDetail?opportunityId=cb7cb487-b738-4c2a-803b-eab384630de4,Artis Senior Living,https://recruiting.ultipro.com/ART1008ARTH/JobBoard/dc78aa87-cca0-413e-a32b-450fecf2bffb/?q=&o=postedDateDesc&w=&wc=&we=&wpst=,2025-07-11T15:02:34.613871,"Home Health Aide (HHA)
Jun 27, 2025
Job Category: Care Partner
Requisition Number: HOMEH003467
Schedule: Full Time

Artis Senior Living


Spring Valley, NY 10977, USA





The Home Health Aide (HHA) will provide assistance with daily living activities for residents with Alzheimer's/Dementia. You may be required to respond to emergency calls and situations, document and report care provided, and transport residents to various functions or locations. Familiarity with Alzheimer's/Dementia, and a wi...",ultipro
Artis Senior Living_6662038951523000281,CNA / HHA (Home Health Aide),Artis Senior Living,"Lexington, MA",Lexington,MA,https://recruiting.ultipro.com/ART1008ARTH/JobBoard/dc78aa87-cca0-413e-a32b-450fecf2bffb/OpportunityDetail?opportunityId=2117e9e8-35ba-4e81-8518-179c6dc25d89,Artis Senior Living,https://recruiting.ultipro.com/ART1008ARTH/JobBoard/dc78aa87-cca0-413e-a32b-450fecf2bffb/?q=&o=postedDateDesc&w=&wc=&we=&wpst=,2025-07-11T15:02:34.804553,"CNA / HHA (Home Health Aide)
Jun 25, 2025
Job Category: Care Partner
Requisition Number: CNAHH003464
Schedule: Full Time

Artis Senior Living | Waltham


Lexington, MA 02421, USA





The CNA will provide assistance with daily living activities for residents with Alzheimer's/Dementia. You may be required to respond to emergency calls and situations, document and report care provided, and transport residents to various functions or locations. Familiarity with Alzheimer's/Dementia, and a willingne...",ultipro
Artis Senior Living_4155711563778937522,Concierge / Front Desk,Artis Senior Living,"Boca Raton, FL",Boca Raton,FL,https://recruiting.ultipro.com/ART1008ARTH/JobBoard/dc78aa87-cca0-413e-a32b-450fecf2bffb/OpportunityDetail?opportunityId=f5382ba0-f4f3-4ceb-bfff-89802326a838,Artis Senior Living,https://recruiting.ultipro.com/ART1008ARTH/JobBoard/dc78aa87-cca0-413e-a32b-450fecf2bffb/?q=&o=postedDateDesc&w=&wc=&we=&wpst=,2025-07-11T15:02:35.000881,"Concierge / Front Desk
Jun 24, 2025
Job Category: CHW
Requisition Number: CONCI003463
Schedule: Full Time

Artis Senior Living


Boca Raton, FL 33487, USA





The Concierge will manage the reception area and provide administrative support for the Business Office, Marketing, and the Executive Director. The Concierge will answer telephones promptly and professionally, direct calls to the appropriate team, greet incoming guests, accept deliveries, and provide administrative support for business se...",ultipro
Artis Senior Living_798130137630045909,Cook,Artis Senior Living,"Evesham, NJ",Evesham,NJ,https://recruiting.ultipro.com/ART1008ARTH/JobBoard/dc78aa87-cca0-413e-a32b-450fecf2bffb/OpportunityDetail?opportunityId=690546a2-0c1c-4d8e-823d-53292d42d968,Artis Senior Living,https://recruiting.ultipro.com/ART1008ARTH/JobBoard/dc78aa87-cca0-413e-a32b-450fecf2bffb/?q=&o=postedDateDesc&w=&wc=&we=&wpst=,2025-07-11T15:02:35.216915,"Cook
Jun 24, 2025
Job Category: General
Requisition Number: COOK0003461
Schedule: Full Time




Evesham, NJ 08053, USA





Are you looking for an opportunity to explore your culinary curiosity? Do you enjoy learning unique recipes and having creative freedom at work? The Cook position offers a flexible schedule, work/life balance AND room for advancement! *Starting pay is $18 / hour! *This is a full time position offering a day time schedule. Every other weekend is required!",ultipro
Artis Senior Living_5897099599950369460,Cook,Artis Senior Living,"Briarcliff Manor, NY",Briarcliff Manor,NY,https://recruiting.ultipro.com/ART1008ARTH/JobBoard/dc78aa87-cca0-413e-a32b-450fecf2bffb/OpportunityDetail?opportunityId=e4ade823-7b47-48d0-9ff6-5fdcf7b4a3cb,Artis Senior Living,https://recruiting.ultipro.com/ART1008ARTH/JobBoard/dc78aa87-cca0-413e-a32b-450fecf2bffb/?q=&o=postedDateDesc&w=&wc=&we=&wpst=,2025-07-11T15:02:35.410410,"Cook
Jun 23, 2025
Job Category: General
Requisition Number: COOK0003374
Schedule: Full Time

Artis Senior Living


Briarcliff Manor, NY 10510, USA





Are you looking for an opportunity to explore your culinary curiosity? Do you enjoy learning unique recipes and having creative freedom at work? The Cook position offers a flexible schedule, work/life balance AND room for advancement! *Starting pay is $22 / hour! *This is a full time position offering a flexible day time schedule! Some weekends a...",ultipro
Artis Senior Living_7706737460348421993,Licensed Practical Nurse (LPN),Artis Senior Living,"Lexington, MA",Lexington,MA,https://recruiting.ultipro.com/ART1008ARTH/JobBoard/dc78aa87-cca0-413e-a32b-450fecf2bffb/OpportunityDetail?opportunityId=024e99ab-2635-4969-9ddb-2bed25d9e59f,Artis Senior Living,https://recruiting.ultipro.com/ART1008ARTH/JobBoard/dc78aa87-cca0-413e-a32b-450fecf2bffb/?q=&o=postedDateDesc&w=&wc=&we=&wpst=,2025-07-11T15:02:35.601785,"Licensed Practical Nurse (LPN)
Jun 23, 2025
Job Category: CHW
Requisition Number: LICEN003460
Schedule: Full Time

Artis Senior Living | Waltham


Lexington, MA 02421, USA





The LPN will provide clinical monitoring and support for residents with Alzheimer's/Dementia. Ensures that all restorative, support and preventative measures are met in accordance with applicable state laws and regulations. Experience with Alzheimer's/Dementia or behavioral health conditions, and a willingness to work wit...",ultipro
Artis Senior Living_5433335463407660866,Licensed Practical Nurse (LPN),Artis Senior Living,"Bethesda, MD",Bethesda,MD,https://recruiting.ultipro.com/ART1008ARTH/JobBoard/dc78aa87-cca0-413e-a32b-450fecf2bffb/OpportunityDetail?opportunityId=05027b46-9a4d-4c4d-b894-f07f903eb31d,Artis Senior Living,https://recruiting.ultipro.com/ART1008ARTH/JobBoard/dc78aa87-cca0-413e-a32b-450fecf2bffb/?q=&o=postedDateDesc&w=&wc=&we=&wpst=,2025-07-11T15:02:35.793751,"Licensed Practical Nurse (LPN)
Jun 22, 2025
Job Category: CHW
Requisition Number: LICEN003459
Schedule: Full Time

Artis Senior Living | Potomac


Bethesda, MD 20817, USA





The Licensed Practical Nurse (LPN) will provide clinical monitoring and support for residents with Alzheimer's/Dementia. Ensures that all restorative, support and preventative measures are met in accordance with applicable state laws and regulations. Experience with Alzheimer's/Dementia or behavioral health conditions, and...",ultipro
Artis Senior Living_1817016678615260851,Licensed Practical Nurse (LPN) - Part Time,Artis Senior Living,"Bethesda, MD",Bethesda,MD,https://recruiting.ultipro.com/ART1008ARTH/JobBoard/dc78aa87-cca0-413e-a32b-450fecf2bffb/OpportunityDetail?opportunityId=a862332f-bdfe-4cbd-a1f1-8413419fab72,Artis Senior Living,https://recruiting.ultipro.com/ART1008ARTH/JobBoard/dc78aa87-cca0-413e-a32b-450fecf2bffb/?q=&o=postedDateDesc&w=&wc=&we=&wpst=,2025-07-11T15:02:35.996572,"Licensed Practical Nurse (LPN) - Part Time
Jun 22, 2025
Job Category: CHW
Requisition Number: LICEN003458
Schedule: Part Time

Artis Senior Living | Potomac


Bethesda, MD 20817, USA





The Licensed Practical Nurse (LPN) will provide clinical monitoring and support for residents with Alzheimer's/Dementia. Ensures that all restorative, support and preventative measures are met in accordance with applicable state laws and regulations. Experience with Alzheimer's/Dementia or behavioral health con...",ultipro
ECHN Visiting Nurse & Health Services of CT_6432539387613061089,Admissions Nurse- $8K New Hire Bonus,ECHN Visiting Nurse & Health Services of CT,"Vernon, CT",Vernon,CT,https://pm.healthcaresource.com/cs/echn#/job/21365,ECHN Visiting Nurse & Health Services of CT,https://pm.healthcaresource.com/cs/echn#/results?whereControl=radius&radiusDistance=25&radiusUnit=mi&radius%5Bselection%5D%5Bdistance%5D=25&radius%5Bselection%5D%5Bunit%5D=mi&Facility=Visiting%20Nurse%20%26%20Health%20Services%20of%20CT&sort=titleAlphaAsc,2025-07-11T15:02:49.386716,"Admissions Nurse- $8K New Hire Bonus
Visiting Nurse & Health Services of CT · Hospice Outpatient
Vernon, CT
Nursing Professionals
Full-time, Day, 40
Posted 05/02/2025
Req # 32974
Apply
Share
Back to top",custom
ECHN Visiting Nurse & Health Services of CT_729893389640299968,Home Health Aide II (Certified Nurse Assistant),ECHN Visiting Nurse & Health Services of CT,"Vernon, CT",Vernon,CT,https://pm.healthcaresource.com/cs/echn#/job/21565,ECHN Visiting Nurse & Health Services of CT,https://pm.healthcaresource.com/cs/echn#/results?whereControl=radius&radiusDistance=25&radiusUnit=mi&radius%5Bselection%5D%5Bdistance%5D=25&radius%5Bselection%5D%5Bunit%5D=mi&Facility=Visiting%20Nurse%20%26%20Health%20Services%20of%20CT&sort=titleAlphaAsc,2025-07-11T15:02:49.765542,"Home Health Aide II (Certified Nurse Assistant)
Visiting Nurse & Health Services of CT · Home Health
Vernon, CT
Nursing Support
Part-time, Variable, 20
Posted 05/19/2025
Req # 33193
Apply
Share
Back to top",custom
ECHN Visiting Nurse & Health Services of CT_7967677004892863937,Home Health Aide II (Certified Nurse Assistant)- $5K New Hire Bonus,ECHN Visiting Nurse & Health Services of CT,"Vernon, CT",Vernon,CT,https://pm.healthcaresource.com/cs/echn#/job/20575,ECHN Visiting Nurse & Health Services of CT,https://pm.healthcaresource.com/cs/echn#/results?whereControl=radius&radiusDistance=25&radiusUnit=mi&radius%5Bselection%5D%5Bdistance%5D=25&radius%5Bselection%5D%5Bunit%5D=mi&Facility=Visiting%20Nurse%20%26%20Health%20Services%20of%20CT&sort=titleAlphaAsc,2025-07-11T15:02:50.166645,"Home Health Aide II (Certified Nurse Assistant)- $5K New Hire Bonus
Visiting Nurse & Health Services of CT · Home Health
Vernon, CT
Nursing Support
Full-time, Day, 40
Posted 06/06/2025
Req # 32080
Apply
Share
Back to top",custom
ECHN Visiting Nurse & Health Services of CT_7663106486167003703,Hospice Registered Nurse- Per Visit,ECHN Visiting Nurse & Health Services of CT,"Vernon, CT",Vernon,CT,https://pm.healthcaresource.com/cs/echn#/job/21211,ECHN Visiting Nurse & Health Services of CT,https://pm.healthcaresource.com/cs/echn#/results?whereControl=radius&radiusDistance=25&radiusUnit=mi&radius%5Bselection%5D%5Bdistance%5D=25&radius%5Bselection%5D%5Bunit%5D=mi&Facility=Visiting%20Nurse%20%26%20Health%20Services%20of%20CT&sort=titleAlphaAsc,2025-07-11T15:02:50.586105,"Hospice Registered Nurse- Per Visit
Visiting Nurse & Health Services of CT · Hospice Outpatient
Vernon, CT
Nursing Professionals
Per Visit, Day, as needed
Posted 06/26/2025
Req # 32830
Apply
Share
Back to top",custom
ECHN Visiting Nurse & Health Services of CT_3468789561101424575,"Licensed Practical Nurse, Home Care",ECHN Visiting Nurse & Health Services of CT,"Vernon, CT",Vernon,CT,https://pm.healthcaresource.com/cs/echn#/job/21345,ECHN Visiting Nurse & Health Services of CT,https://pm.healthcaresource.com/cs/echn#/results?whereControl=radius&radiusDistance=25&radiusUnit=mi&radius%5Bselection%5D%5Bdistance%5D=25&radius%5Bselection%5D%5Bunit%5D=mi&Facility=Visiting%20Nurse%20%26%20Health%20Services%20of%20CT&sort=titleAlphaAsc,2025-07-11T15:02:51.088503,"Licensed Practical Nurse, Home Care
Visiting Nurse & Health Services of CT · Home Health
Vernon, CT
Nursing Professionals
Per Diem, Per Diem - Flex, 0
Posted 03/19/2025
Req # 32917
Apply
Share
Back to top",custom
ECHN Visiting Nurse & Health Services of CT_2442535792389822964,"Physical Therapist, Homecare",ECHN Visiting Nurse & Health Services of CT,"Vernon, CT",Vernon,CT,https://pm.healthcaresource.com/cs/echn#/job/21756,ECHN Visiting Nurse & Health Services of CT,https://pm.healthcaresource.com/cs/echn#/results?whereControl=radius&radiusDistance=25&radiusUnit=mi&radius%5Bselection%5D%5Bdistance%5D=25&radius%5Bselection%5D%5Bunit%5D=mi&Facility=Visiting%20Nurse%20%26%20Health%20Services%20of%20CT&sort=titleAlphaAsc,2025-07-11T15:02:51.463234,"Physical Therapist, Homecare
Visiting Nurse & Health Services of CT · Home Health
Vernon, CT
Clinical/Technical
Per Visit, Day, 0
Posted 07/08/2025
Req # 33373
Apply
Share
Back to top",custom
ECHN Visiting Nurse & Health Services of CT_6731768034676728626,"Physical Therapist, Homecare FEATURED",ECHN Visiting Nurse & Health Services of CT,"Vernon, CT",Vernon,CT,https://pm.healthcaresource.com/cs/echn#/job/21023,ECHN Visiting Nurse & Health Services of CT,https://pm.healthcaresource.com/cs/echn#/results?whereControl=radius&radiusDistance=25&radiusUnit=mi&radius%5Bselection%5D%5Bdistance%5D=25&radius%5Bselection%5D%5Bunit%5D=mi&Facility=Visiting%20Nurse%20%26%20Health%20Services%20of%20CT&sort=titleAlphaAsc,2025-07-11T15:02:51.843536,"Physical Therapist, Homecare FEATURED
Visiting Nurse & Health Services of CT · Home Health
Vernon, CT
Clinical/Technical
Full-time, Day, 40
Posted 04/10/2025
Req # 32560
Apply
Share
Back to top",custom
ECHN Visiting Nurse & Health Services of CT_7514372934146849139,RN Case Manager- $8K Sign on,ECHN Visiting Nurse & Health Services of CT,"Vernon, CT",Vernon,CT,https://pm.healthcaresource.com/cs/echn#/job/21514,ECHN Visiting Nurse & Health Services of CT,https://pm.healthcaresource.com/cs/echn#/results?whereControl=radius&radiusDistance=25&radiusUnit=mi&radius%5Bselection%5D%5Bdistance%5D=25&radius%5Bselection%5D%5Bunit%5D=mi&Facility=Visiting%20Nurse%20%26%20Health%20Services%20of%20CT&sort=titleAlphaAsc,2025-07-11T15:02:52.244800,"RN Case Manager- $8K Sign on
Visiting Nurse & Health Services of CT · Home Health
Vernon, CT
Nursing Professionals
Full-time, Day, 40
Posted 05/02/2025
Req # 33127
Apply
Share
Back to top",custom
Monarch Communities_4758904486915919721,"Assistant Wellness Director - Registered Nurse
Full-time",Monarch Communities,Location not specified,,,https://jobs.smartrecruiters.com/MonarchCommunities/744000067508762-assistant-wellness-director-registered-nurse-,Monarch Communities,https://careers.smartrecruiters.com/MonarchCommunities,2025-07-11T15:03:20.977703,"Assistant Wellness Director - Registered Nurse
Full-time",smartrecruiters
Monarch Communities_2930184094648140392,"Memory Care Director
Full-time",Monarch Communities,Location not specified,,,https://jobs.smartrecruiters.com/MonarchCommunities/744000063258676-memory-care-director,Monarch Communities,https://careers.smartrecruiters.com/MonarchCommunities,2025-07-11T15:03:21.150081,"Memory Care Director
Full-time",smartrecruiters
Monarch Communities_5251378591735670936,"Director of Nursing (RN or LPN) -Sign on Bonus
Full-time",Monarch Communities,OR,,OR,https://jobs.smartrecruiters.com/MonarchCommunities/744000061885046-director-of-nursing-rn-or-lpn-sign-on-bonus,Monarch Communities,https://careers.smartrecruiters.com/MonarchCommunities,2025-07-11T15:03:21.305091,"Director of Nursing (RN or LPN) -Sign on Bonus
Full-time",smartrecruiters
Monarch Communities_8465921470179708244,"Dining Server
Full-time",Monarch Communities,Location not specified,,,https://jobs.smartrecruiters.com/MonarchCommunities/744000061258184-dining-server,Monarch Communities,https://careers.smartrecruiters.com/MonarchCommunities,2025-07-11T15:03:21.465485,"Dining Server
Full-time",smartrecruiters
Monarch Communities_8785900514475777965,"Business Office Manager
Full-time",Monarch Communities,Location not specified,,,https://jobs.smartrecruiters.com/MonarchCommunities/744000060635455-business-office-manager,Monarch Communities,https://careers.smartrecruiters.com/MonarchCommunities,2025-07-11T15:03:21.661250,"Business Office Manager
Full-time",smartrecruiters
Monarch Communities_7736968340953683987,"Part-time Concierge
Full-time",Monarch Communities,Location not specified,,,https://jobs.smartrecruiters.com/MonarchCommunities/744000054817575-part-time-concierge-,Monarch Communities,https://careers.smartrecruiters.com/MonarchCommunities,2025-07-11T15:03:21.843586,"Part-time Concierge
Full-time",smartrecruiters
Monarch Communities_1028672572398050693,"Wellness Nurse (LPN)
Full-time",Monarch Communities,Location not specified,,,https://jobs.smartrecruiters.com/MonarchCommunities/744000054056764-wellness-nurse-lpn-,Monarch Communities,https://careers.smartrecruiters.com/MonarchCommunities,2025-07-11T15:03:22.022148,"Wellness Nurse (LPN)
Full-time",smartrecruiters
Monarch Communities_408917411551160592,"Activities Director
Full-time",Monarch Communities,Location not specified,,,https://jobs.smartrecruiters.com/MonarchCommunities/744000045734886-activities-director,Monarch Communities,https://careers.smartrecruiters.com/MonarchCommunities,2025-07-11T15:03:22.175529,"Activities Director
Full-time",smartrecruiters
Monarch Communities_2348560360476583519,"Health and Wellness Director -Sign on Bonus
Full-time",Monarch Communities,Location not specified,,,https://jobs.smartrecruiters.com/MonarchCommunities/744000044960296-health-and-wellness-director-sign-on-bonus,Monarch Communities,https://careers.smartrecruiters.com/MonarchCommunities,2025-07-11T15:03:22.326172,"Health and Wellness Director -Sign on Bonus
Full-time",smartrecruiters
Monarch Communities_5361625530206725788,Show more jobs,Monarch Communities,Location not specified,,,https://careers.smartrecruiters.com/MonarchCommunities?search=&page=0&location=Beverly%2C%20MA%2C%20US,Monarch Communities,https://careers.smartrecruiters.com/MonarchCommunities,2025-07-11T15:03:22.485655,Show more jobs,smartrecruiters
Monarch Communities_454086291493551359,"Caregiver (CNA/CHHA)
Full-time",Monarch Communities,Location not specified,,,https://jobs.smartrecruiters.com/MonarchCommunities/744000067080856-caregiver-cna-chha-,Monarch Communities,https://careers.smartrecruiters.com/MonarchCommunities,2025-07-11T15:03:22.829295,"Caregiver (CNA/CHHA)
Full-time",smartrecruiters
Monarch Communities_5565594676277551417,"Care Manager (CNA/CHHA) Full Time 7a-3p
Full-time",Monarch Communities,Location not specified,,,https://jobs.smartrecruiters.com/MonarchCommunities/744000065051875-care-manager-cna-chha-full-time-7a-3p,Monarch Communities,https://careers.smartrecruiters.com/MonarchCommunities,2025-07-11T15:03:23.064995,"Care Manager (CNA/CHHA) Full Time 7a-3p
Full-time",smartrecruiters
Monarch Communities_8876021825211731209,"Wellness Nurse (LPN) PT all shifts
Part-time",Monarch Communities,Location not specified,,,https://jobs.smartrecruiters.com/MonarchCommunities/744000055673845-wellness-nurse-lpn-pt-all-shifts,Monarch Communities,https://careers.smartrecruiters.com/MonarchCommunities,2025-07-11T15:03:23.239276,"Wellness Nurse (LPN) PT all shifts
Part-time",smartrecruiters
Monarch Communities_1802052545255336525,"Care Manager-CNA/CHHA
Full-time",Monarch Communities,Location not specified,,,https://jobs.smartrecruiters.com/MonarchCommunities/744000065587316-care-manager-cna-chha,Monarch Communities,https://careers.smartrecruiters.com/MonarchCommunities,2025-07-11T15:03:23.409502,"Care Manager-CNA/CHHA
Full-time",smartrecruiters
Monarch Communities_8776547245817733296,"LPN (Licensed Practical Nurse)
Part-time",Monarch Communities,Location not specified,,,https://jobs.smartrecruiters.com/MonarchCommunities/744000065588027-lpn-licensed-practical-nurse-,Monarch Communities,https://careers.smartrecruiters.com/MonarchCommunities,2025-07-11T15:03:23.567765,"LPN (Licensed Practical Nurse)
Part-time",smartrecruiters
Monarch Communities_225452428517597586,"Caregiver Full-Time
Full-time",Monarch Communities,Location not specified,,,https://jobs.smartrecruiters.com/MonarchCommunities/744000068655635-caregiver-full-time,Monarch Communities,https://careers.smartrecruiters.com/MonarchCommunities,2025-07-11T15:03:23.733442,"Caregiver Full-Time
Full-time",smartrecruiters
Monarch Communities_1349962248967988616,"Activities Assistant
Full-time",Monarch Communities,Location not specified,,,https://jobs.smartrecruiters.com/MonarchCommunities/744000049327563-activities-assistant,Monarch Communities,https://careers.smartrecruiters.com/MonarchCommunities,2025-07-11T15:03:23.894551,"Activities Assistant
Full-time",smartrecruiters
Monarch Communities_4115297004539774082,"Med Tech
Full-time",Monarch Communities,Location not specified,,,https://jobs.smartrecruiters.com/MonarchCommunities/744000064156625-med-tech,Monarch Communities,https://careers.smartrecruiters.com/MonarchCommunities,2025-07-11T15:03:24.050159,"Med Tech
Full-time",smartrecruiters
Monarch Communities_6082172154302321807,"Life Enrichment Assistant / Activities
Full-time",Monarch Communities,Location not specified,,,https://jobs.smartrecruiters.com/MonarchCommunities/744000064156425-life-enrichment-assistant-activities-,Monarch Communities,https://careers.smartrecruiters.com/MonarchCommunities,2025-07-11T15:03:24.201699,"Life Enrichment Assistant / Activities
Full-time",smartrecruiters
Monarch Communities_3909966175682096526,"Dishwasher
Part-time",Monarch Communities,Location not specified,,,https://jobs.smartrecruiters.com/MonarchCommunities/744000064155681-dishwasher,Monarch Communities,https://careers.smartrecruiters.com/MonarchCommunities,2025-07-11T15:03:24.384687,"Dishwasher
Part-time",smartrecruiters
Monarch Communities_305605623749204407,"Concierge - Part Time
Part-time",Monarch Communities,Location not specified,,,https://jobs.smartrecruiters.com/MonarchCommunities/744000064156085-concierge-part-time,Monarch Communities,https://careers.smartrecruiters.com/MonarchCommunities,2025-07-11T15:03:24.560543,"Concierge - Part Time
Part-time",smartrecruiters
Monarch Communities_2798327086390954344,"LPN (Licensed Practical Nurse)
Full-time",Monarch Communities,Location not specified,,,https://jobs.smartrecruiters.com/MonarchCommunities/744000063734338-lpn-licensed-practical-nurse-,Monarch Communities,https://careers.smartrecruiters.com/MonarchCommunities,2025-07-11T15:03:24.725200,"LPN (Licensed Practical Nurse)
Full-time",smartrecruiters
Monarch Communities_8210653883425847567,"Care Manager (CNA/CHHA)
Full-time",Monarch Communities,Location not specified,,,https://jobs.smartrecruiters.com/MonarchCommunities/744000063733415-care-manager-cna-chha-,Monarch Communities,https://careers.smartrecruiters.com/MonarchCommunities,2025-07-11T15:03:24.889611,"Care Manager (CNA/CHHA)
Full-time",smartrecruiters
Monarch Communities_32136895860697482,"Executive Chef
Part-time",Monarch Communities,Location not specified,,,https://jobs.smartrecruiters.com/MonarchCommunities/744000063120015-executive-chef,Monarch Communities,https://careers.smartrecruiters.com/MonarchCommunities,2025-07-11T15:03:25.066578,"Executive Chef
Part-time",smartrecruiters
Maplewood Senior Living_7775152709078415022,Lifestyle Assistant - Per-Diem,Maplewood Senior Living,"Southport, CT",Southport,CT,https://recruiting.ultipro.com/MAP1003/JobBoard/51997001-de38-2b3c-51f7-8dfc3b02a5dd/OpportunityDetail?opportunityId=d4e0a1c1-8c46-4231-af8f-b3f749b1d5bc,Maplewood Senior Living,https://recruiting.ultipro.com/MAP1003/JobBoard/51997001-de38-2b3c-51f7-8dfc3b02a5dd/?q=&o=postedDateDesc&w=&wc=&we=&wpst=,2025-07-11T15:03:53.313487,"Lifestyle Assistant - Per-Diem
Today
Job Category: Resident Care/Healthcare
Requisition Number: LIFES011866
Schedule: Part Time
Job Location Type: On-site




Southport, CT 06890, USA





The Lifestyle Assistant is responsible for implementation of all programs and ensuring that it is therapeutic to the residents and maximizes their quality of life. Maplewood Senior Living offers a full range of social, physical, cognitive, emotional, spiritual and purposeful programs to meet overall wellbeing ...",ultipro
Maplewood Senior Living_4493976721868240965,Nursing Assistant / Caregiver / STNA Full Time 3p-11p,Maplewood Senior Living,"Cuyahoga Falls, OH",Cuyahoga Falls,OH,https://recruiting.ultipro.com/MAP1003/JobBoard/51997001-de38-2b3c-51f7-8dfc3b02a5dd/OpportunityDetail?opportunityId=8fead11f-baaa-4d06-95a1-87982822c27a,Maplewood Senior Living,https://recruiting.ultipro.com/MAP1003/JobBoard/51997001-de38-2b3c-51f7-8dfc3b02a5dd/?q=&o=postedDateDesc&w=&wc=&we=&wpst=,2025-07-11T15:03:53.516804,"Nursing Assistant / Caregiver / STNA Full Time 3p-11p
Jul 10, 2025
Job Category: Resident Care/Healthcare
Requisition Number: NURSI011560
Schedule: Full Time




Cuyahoga Falls, OH 44223, USA





The Nursing Assistant plays an integral role in providing exceptional care and service to our residents in need of dedicated hands on assistance based on the individual resident service plan.",ultipro
Maplewood Senior Living_1502340073737332978,Nursing Assistant / Caregiver / STNA Per Diem,Maplewood Senior Living,"Cuyahoga Falls, OH",Cuyahoga Falls,OH,https://recruiting.ultipro.com/MAP1003/JobBoard/51997001-de38-2b3c-51f7-8dfc3b02a5dd/OpportunityDetail?opportunityId=17892c11-0a10-4aa8-ae26-518a09226d55,Maplewood Senior Living,https://recruiting.ultipro.com/MAP1003/JobBoard/51997001-de38-2b3c-51f7-8dfc3b02a5dd/?q=&o=postedDateDesc&w=&wc=&we=&wpst=,2025-07-11T15:03:53.702033,"Nursing Assistant / Caregiver / STNA Per Diem
Jul 10, 2025
Job Category: Resident Care/Healthcare
Requisition Number: NURSI011724
Schedule: Part Time




Cuyahoga Falls, OH 44223, USA





The Resident Services Associate provides service and care to each resident based on the individual resident’s service plan. Maplewood at Cuyahoga Falls, 190 West Bath Rd Cuyahoga Falls, OH Maplewood Senior Living is a state-of-the-art, forward-thinking senior living provider offering a home-like, luxury enviro...",ultipro
Maplewood Senior Living_3008765541757340074,Medical Records Support/Unit Secretary,Maplewood Senior Living,"West Yarmouth, MA",West Yarmouth,MA,https://recruiting.ultipro.com/MAP1003/JobBoard/51997001-de38-2b3c-51f7-8dfc3b02a5dd/OpportunityDetail?opportunityId=2322ba4a-31cf-4d9b-a45b-9b78a65a7fd3,Maplewood Senior Living,https://recruiting.ultipro.com/MAP1003/JobBoard/51997001-de38-2b3c-51f7-8dfc3b02a5dd/?q=&o=postedDateDesc&w=&wc=&we=&wpst=,2025-07-11T15:03:53.901504,"Medical Records Support/Unit Secretary
Jul 10, 2025
Job Category: Administration/Customer Services
Requisition Number: MEDIC011860
Schedule: Full Time

Mayflower SNF


West Yarmouth, MA 02673, USA





As a Medical Records Specialist at our skilled nursing facility, you will play a crucial role in managing and maintaining accurate and up-to-date medical records for our residents. Your primary responsibility will be to ensure that all medical documentation is organized, complete, and adheres to t...",ultipro
Maplewood Senior Living_3795100674950773480,Executive Director - Senior Living,Maplewood Senior Living,"West Yarmouth, MA",West Yarmouth,MA,https://recruiting.ultipro.com/MAP1003/JobBoard/51997001-de38-2b3c-51f7-8dfc3b02a5dd/OpportunityDetail?opportunityId=0b15c02f-b59e-4525-885a-fc29faa181a2,Maplewood Senior Living,https://recruiting.ultipro.com/MAP1003/JobBoard/51997001-de38-2b3c-51f7-8dfc3b02a5dd/?q=&o=postedDateDesc&w=&wc=&we=&wpst=,2025-07-11T15:03:54.127401,"Executive Director - Senior Living
Jul 9, 2025
Job Category: Management
Requisition Number: EXECU011861
Schedule: Full Time
Job Location Type: On-site




West Yarmouth, MA 02673, MA 02673, USA





The Executive Director is responsible for the day-to-day operations of the community including the planning, development, implementation, evaluation and improvement of program services, management of staff and the delivery of high-quality service to the residents and their families. The Executive Dir...",ultipro
Maplewood Senior Living_6896328332010663734,Concierge - Part Time,Maplewood Senior Living,"West Yarmouth, MA",West Yarmouth,MA,https://recruiting.ultipro.com/MAP1003/JobBoard/51997001-de38-2b3c-51f7-8dfc3b02a5dd/OpportunityDetail?opportunityId=fb7a9409-4384-408d-8a5f-b4ce05a37a4d,Maplewood Senior Living,https://recruiting.ultipro.com/MAP1003/JobBoard/51997001-de38-2b3c-51f7-8dfc3b02a5dd/?q=&o=postedDateDesc&w=&wc=&we=&wpst=,2025-07-11T15:03:54.331330,"Concierge - Part Time
Jul 9, 2025
Job Category: Administration/Customer Services
Requisition Number: CONCI011783
Schedule: Part Time




West Yarmouth, MA 02673, MA 02673, USA





The Concierge serves as an ambassador to the community and supports the Business Office Manager in meeting his/her responsibility for overall administration of the community. All responsibilities will be conducted in a manner that is consistent with the Maplewood Community philosophy.",ultipro
Maplewood Senior Living_3503175644393824123,LPN Wellness Nurse Part Time 4p-9p,Maplewood Senior Living,"Bethel, CT",Bethel,CT,https://recruiting.ultipro.com/MAP1003/JobBoard/51997001-de38-2b3c-51f7-8dfc3b02a5dd/OpportunityDetail?opportunityId=9b707969-b821-4c4a-a3d4-112953b57ecd,Maplewood Senior Living,https://recruiting.ultipro.com/MAP1003/JobBoard/51997001-de38-2b3c-51f7-8dfc3b02a5dd/?q=&o=postedDateDesc&w=&wc=&we=&wpst=,2025-07-11T15:03:54.574848,"LPN Wellness Nurse Part Time 4p-9p
Jul 9, 2025
Job Category: Resident Care/Healthcare
Requisition Number: LPNWE011859
Schedule: Part Time




Bethel, CT 06801, USA





The Licensed Practical Nurse (LPN) assists and supports the Resident Services Director with the overall implementation, delivery, and coordination of nursing services in the community. Maplewood at Stony Hill, in Bethel, is hiring Practical Nurses (LPNs) for the Part Time 4p-9p shift. We offer ✦ Competitive wages ✦ Flexible shift...",ultipro
Maplewood Senior Living_9135491650999908253,Certified Nursing Assistant / CNA / HHA Part Time,Maplewood Senior Living,"West Yarmouth, MA",West Yarmouth,MA,https://recruiting.ultipro.com/MAP1003/JobBoard/51997001-de38-2b3c-51f7-8dfc3b02a5dd/OpportunityDetail?opportunityId=e51a8ba5-f67e-4620-9648-d7b594e49a4e,Maplewood Senior Living,https://recruiting.ultipro.com/MAP1003/JobBoard/51997001-de38-2b3c-51f7-8dfc3b02a5dd/?q=&o=postedDateDesc&w=&wc=&we=&wpst=,2025-07-11T15:03:54.796486,"Certified Nursing Assistant / CNA / HHA Part Time
Jul 9, 2025
Job Category: Resident Care/Healthcare
Requisition Number: CERTI011857
Schedule: Part Time




West Yarmouth, MA 02673, MA 02673, USA





The Certified Nursing Assistant plays an integral role in providing exceptional care and service to our residents in need of dedicated hands-on assistance. Valid Massachusetts Nurse’s Aide Registration Required. Part Time 11p-7a shift with rotating weekend availability. We offer: ✦ Competitive wage...",ultipro
Maplewood Senior Living_2582691917130911524,Nursing Assistant / Caregiver - Part Time 11p-7a,Maplewood Senior Living,"Chardon, OH",Chardon,OH,https://recruiting.ultipro.com/MAP1003/JobBoard/51997001-de38-2b3c-51f7-8dfc3b02a5dd/OpportunityDetail?opportunityId=82108592-8d2a-4848-ac75-c933cb79c573,Maplewood Senior Living,https://recruiting.ultipro.com/MAP1003/JobBoard/51997001-de38-2b3c-51f7-8dfc3b02a5dd/?q=&o=postedDateDesc&w=&wc=&we=&wpst=,2025-07-11T15:03:55.066717,"Nursing Assistant / Caregiver - Part Time 11p-7a
Jul 9, 2025
Job Category: Resident Care/Healthcare
Requisition Number: NURSI011854
Schedule: Part Time




Chardon, OH 44024, USA





The Nursing Assistant plays an integral role in providing exceptional care and service to our residents in need of dedicated hands on assistance based on the individual resident service plan.",ultipro
Maplewood Senior Living_5665944669279397126,Resident Service Designee (Assistant Director of Nursing) RN,Maplewood Senior Living,"Plainsboro, NJ",Plainsboro,NJ,https://recruiting.ultipro.com/MAP1003/JobBoard/51997001-de38-2b3c-51f7-8dfc3b02a5dd/OpportunityDetail?opportunityId=9bfc4100-9947-40ef-b94d-57cd69d75d6c,Maplewood Senior Living,https://recruiting.ultipro.com/MAP1003/JobBoard/51997001-de38-2b3c-51f7-8dfc3b02a5dd/?q=&o=postedDateDesc&w=&wc=&we=&wpst=,2025-07-11T15:03:55.266363,"Resident Service Designee (Assistant Director of Nursing) RN
Jul 9, 2025
Job Category: Resident Care/Healthcare
Requisition Number: RESID011855
Schedule: Full Time
Job Location Type: On-site




Plainsboro, NJ 08536, USA





The Resident Service Designee supports the Director of Nursing in the administration of the nursing services. Must be an RN, licensed to practice in the state of New Jersey, with a minimum one-year experience in assisted living or home care.",ultipro
Maplewood Senior Living_4621410394352209956,Nursing Assistant / Caregiver / STNA Part Time 7a-3p,Maplewood Senior Living,"Twinsburg, OH",Twinsburg,OH,https://recruiting.ultipro.com/MAP1003/JobBoard/51997001-de38-2b3c-51f7-8dfc3b02a5dd/OpportunityDetail?opportunityId=96a93c79-4b34-4e68-a23a-3c23503c4a5b,Maplewood Senior Living,https://recruiting.ultipro.com/MAP1003/JobBoard/51997001-de38-2b3c-51f7-8dfc3b02a5dd/?q=&o=postedDateDesc&w=&wc=&we=&wpst=,2025-07-11T15:03:55.481254,"Nursing Assistant / Caregiver / STNA Part Time 7a-3p
Jul 8, 2025
Job Category: Resident Care/Healthcare
Requisition Number: NURSI011842
Schedule: Part Time
Job Location Type: On-site




Twinsburg, OH 44087, USA





The Nursing Assistant plays an integral role in providing exceptional care and service to our residents in need of dedicated hands on assistance based on the individual resident service plan. Maplewood Senior Living, an innovative, forward-thinking senior living provider, strives to...",ultipro
Maplewood Senior Living_352261103904587559,Nursing Assistant / Caregiver / STNA Full Time 11p-7a,Maplewood Senior Living,"Twinsburg, OH",Twinsburg,OH,https://recruiting.ultipro.com/MAP1003/JobBoard/51997001-de38-2b3c-51f7-8dfc3b02a5dd/OpportunityDetail?opportunityId=aa68320a-39c8-432a-a138-62c8dfe31fce,Maplewood Senior Living,https://recruiting.ultipro.com/MAP1003/JobBoard/51997001-de38-2b3c-51f7-8dfc3b02a5dd/?q=&o=postedDateDesc&w=&wc=&we=&wpst=,2025-07-11T15:03:55.694189,"Nursing Assistant / Caregiver / STNA Full Time 11p-7a
Jul 8, 2025
Job Category: Resident Care/Healthcare
Requisition Number: NURSI011846
Schedule: Part Time
Job Location Type: On-site




Twinsburg, OH 44087, USA





The Nursing Assistant plays an integral role in providing exceptional care and service to our residents in need of dedicated hands on assistance based on the individual resident service plan. Maplewood Senior Living, an innovative, forward-thinking senior living provider, strives t...",ultipro
Maplewood Senior Living_7270810099648415846,Certified Nursing Assistant (CNA) - Full Time 7a-3p,Maplewood Senior Living,"Bethel, CT",Bethel,CT,https://recruiting.ultipro.com/MAP1003/JobBoard/51997001-de38-2b3c-51f7-8dfc3b02a5dd/OpportunityDetail?opportunityId=75fcd1f4-3663-4a65-b8ed-dc3c748c0c51,Maplewood Senior Living,https://recruiting.ultipro.com/MAP1003/JobBoard/51997001-de38-2b3c-51f7-8dfc3b02a5dd/?q=&o=postedDateDesc&w=&wc=&we=&wpst=,2025-07-11T15:03:55.908994,"Certified Nursing Assistant (CNA) - Full Time 7a-3p
Jul 8, 2025
Job Category: Resident Care/Healthcare
Requisition Number: CERTI011849
Schedule: Full Time




Bethel, CT 06801, USA





Plays an integral role in providing exceptional care and service to our residents in need of dedicated hands on assistance. *Current CT Certified Nursing Assistant License Required* Maplewood at Stony Hill, in Bethel, is hiring Certified Nursing Assistants (CNA). Offering premium pay for experience and talent! Co...",ultipro
Maplewood Senior Living_1960932918167009871,Certified Nursing Assistant (CNA) - Part Time 3p-11p,Maplewood Senior Living,"Bethel, CT",Bethel,CT,https://recruiting.ultipro.com/MAP1003/JobBoard/51997001-de38-2b3c-51f7-8dfc3b02a5dd/OpportunityDetail?opportunityId=772dc39f-70e4-48c6-85e2-c7149184a77b,Maplewood Senior Living,https://recruiting.ultipro.com/MAP1003/JobBoard/51997001-de38-2b3c-51f7-8dfc3b02a5dd/?q=&o=postedDateDesc&w=&wc=&we=&wpst=,2025-07-11T15:03:56.148628,"Certified Nursing Assistant (CNA) - Part Time 3p-11p
Jul 8, 2025
Job Category: Resident Care/Healthcare
Requisition Number: CERTI011702
Schedule: Part Time




Bethel, CT 06801, USA





Plays an integral role in providing exceptional care and service to our residents in need of dedicated hands on assistance. *Current CT Certified Nursing Assistant License Required* Maplewood at Stony Hill, in Bethel, is hiring Certified Nursing Assistants (CNA). Offering premium pay for experience and talent! C...",ultipro
Maplewood Senior Living_27270281343268377,Nursing Assistant / Caregiver / STNA Part Time 3p-11p,Maplewood Senior Living,"Chardon, OH",Chardon,OH,https://recruiting.ultipro.com/MAP1003/JobBoard/51997001-de38-2b3c-51f7-8dfc3b02a5dd/OpportunityDetail?opportunityId=6b1769dc-d7de-4d49-a534-0d4febf9735b,Maplewood Senior Living,https://recruiting.ultipro.com/MAP1003/JobBoard/51997001-de38-2b3c-51f7-8dfc3b02a5dd/?q=&o=postedDateDesc&w=&wc=&we=&wpst=,2025-07-11T15:03:56.402960,"Nursing Assistant / Caregiver / STNA Part Time 3p-11p
Jul 7, 2025
Job Category: Resident Care/Healthcare
Requisition Number: NURSI011839
Schedule: Part Time
Job Location Type: On-site




Chardon, OH 44024, USA





The Nursing Assistant plays an integral role in providing exceptional care and service to our residents in need of dedicated hands on assistance based on the individual resident service plan.",ultipro
Maplewood Senior Living_2643639006907464057,Nursing Assistant / Caregiver / STNA Full Time 3p-11p,Maplewood Senior Living,"Chardon, OH",Chardon,OH,https://recruiting.ultipro.com/MAP1003/JobBoard/51997001-de38-2b3c-51f7-8dfc3b02a5dd/OpportunityDetail?opportunityId=441dfa1e-3f60-474d-99a2-8f97e9042625,Maplewood Senior Living,https://recruiting.ultipro.com/MAP1003/JobBoard/51997001-de38-2b3c-51f7-8dfc3b02a5dd/?q=&o=postedDateDesc&w=&wc=&we=&wpst=,2025-07-11T15:03:56.642034,"Nursing Assistant / Caregiver / STNA Full Time 3p-11p
Jul 7, 2025
Job Category: Resident Care/Healthcare
Requisition Number: NURSI011837
Schedule: Full Time
Job Location Type: On-site




Chardon, OH 44024, USA





The Nursing Assistant plays an integral role in providing exceptional care and service to our residents in need of dedicated hands on assistance based on the individual resident service plan.",ultipro
Maplewood Senior Living_3224798541398487000,Certified Nursing Assistant (CNA) - Part Time 11p-7a,Maplewood Senior Living,"Bethel, CT",Bethel,CT,https://recruiting.ultipro.com/MAP1003/JobBoard/51997001-de38-2b3c-51f7-8dfc3b02a5dd/OpportunityDetail?opportunityId=69c0d50a-4449-4d62-9769-99b58781dd33,Maplewood Senior Living,https://recruiting.ultipro.com/MAP1003/JobBoard/51997001-de38-2b3c-51f7-8dfc3b02a5dd/?q=&o=postedDateDesc&w=&wc=&we=&wpst=,2025-07-11T15:03:57.130776,"Certified Nursing Assistant (CNA) - Part Time 11p-7a
Jul 7, 2025
Job Category: Resident Care/Healthcare
Requisition Number: CERTI011835
Schedule: Part Time




Bethel, CT 06801, USA





Plays an integral role in providing exceptional care and service to our residents in need of dedicated hands on assistance. *Current CT Certified Nursing Assistant License Required* Maplewood at Stony Hill, in Bethel, is hiring Certified Nursing Assistants (CNA). Offering premium pay for experience and talent! C...",ultipro
Maplewood Senior Living_6958024366302427195,Human Resources Generalist,Maplewood Senior Living,"Cuyahoga Falls, OH",Cuyahoga Falls,OH,https://recruiting.ultipro.com/MAP1003/JobBoard/51997001-de38-2b3c-51f7-8dfc3b02a5dd/OpportunityDetail?opportunityId=590d5669-727a-41a1-a1ac-70c1373577d3,Maplewood Senior Living,https://recruiting.ultipro.com/MAP1003/JobBoard/51997001-de38-2b3c-51f7-8dfc3b02a5dd/?q=&o=postedDateDesc&w=&wc=&we=&wpst=,2025-07-11T15:03:57.342403,"Human Resources Generalist
Jul 7, 2025
Job Category: Human Resources
Requisition Number: COMMU011817
Schedule: Full Time




Cuyahoga Falls, OH 44223, USA





The Human Resources Generalist plays a critical role in leading the day-to-day operations of the human resources function within the community with the goal of reducing turnover and improving associate satisfaction. This role is responsible for overseeing HR activities, ensuring alignment with company policies and fostering a positive wor...",ultipro
Maplewood Senior Living_9159766850638512574,LPN Wellness Nurse Part Time 3p-11p,Maplewood Senior Living,"Bethel, CT",Bethel,CT,https://recruiting.ultipro.com/MAP1003/JobBoard/51997001-de38-2b3c-51f7-8dfc3b02a5dd/OpportunityDetail?opportunityId=92c252fb-5fe1-4278-8c98-334c588cb0b6,Maplewood Senior Living,https://recruiting.ultipro.com/MAP1003/JobBoard/51997001-de38-2b3c-51f7-8dfc3b02a5dd/?q=&o=postedDateDesc&w=&wc=&we=&wpst=,2025-07-11T15:03:57.644528,"LPN Wellness Nurse Part Time 3p-11p
Jul 7, 2025
Job Category: Resident Care/Healthcare
Requisition Number: LPNWE011827
Schedule: Part Time




Bethel, CT 06801, USA





The Licensed Practical Nurse (LPN) assists and supports the Resident Services Director with the overall implementation, delivery, and coordination of nursing services in the community. Maplewood at Stony Hill, in Bethel, is hiring Practical Nurses (LPNs) for the 7a - 3p per-diem shift including one weekend a month. We offer ✦ Co...",ultipro
Maplewood Senior Living_6973373280128416686,Certified Nursing Assistant (CNA) - Part Time 7a-3p,Maplewood Senior Living,"Bethel, CT",Bethel,CT,https://recruiting.ultipro.com/MAP1003/JobBoard/51997001-de38-2b3c-51f7-8dfc3b02a5dd/OpportunityDetail?opportunityId=1bd1a7a8-e7c5-41dd-bc96-91a3024837c5,Maplewood Senior Living,https://recruiting.ultipro.com/MAP1003/JobBoard/51997001-de38-2b3c-51f7-8dfc3b02a5dd/?q=&o=postedDateDesc&w=&wc=&we=&wpst=,2025-07-11T15:03:57.873680,"Certified Nursing Assistant (CNA) - Part Time 7a-3p
Jul 7, 2025
Job Category: Resident Care/Healthcare
Requisition Number: CERTI011834
Schedule: Part Time




Bethel, CT 06801, USA





Plays an integral role in providing exceptional care and service to our residents in need of dedicated hands on assistance. *Current CT Certified Nursing Assistant License Required* Maplewood at Stony Hill, in Bethel, is hiring Certified Nursing Assistants (CNA). Offering premium pay for experience and talent! Co...",ultipro
Maplewood Senior Living_7528157023417211134,LPN Wellness Nurse Per Diem,Maplewood Senior Living,"Bethel, CT",Bethel,CT,https://recruiting.ultipro.com/MAP1003/JobBoard/51997001-de38-2b3c-51f7-8dfc3b02a5dd/OpportunityDetail?opportunityId=45b2c91d-52fc-466c-b9ca-313163bd8e22,Maplewood Senior Living,https://recruiting.ultipro.com/MAP1003/JobBoard/51997001-de38-2b3c-51f7-8dfc3b02a5dd/?q=&o=postedDateDesc&w=&wc=&we=&wpst=,2025-07-11T15:03:58.078752,"LPN Wellness Nurse Per Diem
Jul 7, 2025
Job Category: Resident Care/Healthcare
Requisition Number: LPNWE011828
Schedule: Part Time




Bethel, CT 06801, USA





The Licensed Practical Nurse (LPN) assists and supports the Resident Services Director with the overall implementation, delivery, and coordination of nursing services in the community. Maplewood at Stony Hill, in Bethel, is hiring Practical Nurses (LPNs) for the 7a - 3p per-diem shift including one weekend a month. We offer ✦ Competitiv...",ultipro
Maplewood Senior Living_8649229212734884062,Certified Nursing Assistant (CNA) Part Time 11pm - 7am,Maplewood Senior Living,"Plainsboro, NJ",Plainsboro,NJ,https://recruiting.ultipro.com/MAP1003/JobBoard/51997001-de38-2b3c-51f7-8dfc3b02a5dd/OpportunityDetail?opportunityId=a0065aa3-30c1-42e0-83c5-bc5ab09bf703,Maplewood Senior Living,https://recruiting.ultipro.com/MAP1003/JobBoard/51997001-de38-2b3c-51f7-8dfc3b02a5dd/?q=&o=postedDateDesc&w=&wc=&we=&wpst=,2025-07-11T15:03:58.350280,"Certified Nursing Assistant (CNA) Part Time 11pm - 7am
Jul 7, 2025
Job Category: Resident Care/Healthcare
Requisition Number: CERTI011829
Schedule: Part Time




Plainsboro, NJ 08536, USA





We are seeking a compassionate and dedicated Certified Nurse Assistant (CNA) to join our team. As a CNA, you will play a vital role in providing exceptional care to residents, assisting with daily activities and ensuring their comfort and well-being.",ultipro
Maplewood Senior Living_2405538318441198670,Licensed Practical Nurse LPN - Per Diem,Maplewood Senior Living,"Newtown, CT",Newtown,CT,https://recruiting.ultipro.com/MAP1003/JobBoard/51997001-de38-2b3c-51f7-8dfc3b02a5dd/OpportunityDetail?opportunityId=68ee5b5f-bfd4-4d86-9c7e-d0b3a96dea52,Maplewood Senior Living,https://recruiting.ultipro.com/MAP1003/JobBoard/51997001-de38-2b3c-51f7-8dfc3b02a5dd/?q=&o=postedDateDesc&w=&wc=&we=&wpst=,2025-07-11T15:03:58.545058,"Licensed Practical Nurse LPN - Per Diem
Jul 7, 2025
Job Category: Resident Care/Healthcare
Requisition Number: LICEN011832
Schedule: Full Time




Newtown, CT 06470, USA





Maplewood at Newtown is hiring Licensed Practical Nurses (LPN) Part time/ Per Diem shifts. The Licensed Practical Nurse (LPN) assists and supports the Resident Services Director with the overall implementation, delivery, and coordination of nursing services in the community. *Must be a Licensed Practical Nurse currently lic...",ultipro
Maplewood Senior Living_8413039019229121955,Community HR Director,Maplewood Senior Living,"Chardon, OH",Chardon,OH,https://recruiting.ultipro.com/MAP1003/JobBoard/51997001-de38-2b3c-51f7-8dfc3b02a5dd/OpportunityDetail?opportunityId=f5cc0b30-8f4c-444b-b75b-1338465e6889,Maplewood Senior Living,https://recruiting.ultipro.com/MAP1003/JobBoard/51997001-de38-2b3c-51f7-8dfc3b02a5dd/?q=&o=postedDateDesc&w=&wc=&we=&wpst=,2025-07-11T15:03:58.750930,"Community HR Director
Jul 3, 2025
Job Category: Human Resources
Requisition Number: COMMU011821
Schedule: Full Time




Chardon, OH 44024, USA





The Community HR Director plays a critical role in leading the day-to-day operations of the human resources function within the community with the goal of reducing turnover and improving associate satisfaction. This role is responsible for overseeing HR activities, ensuring alignment with company policies and fostering a positive work environment. Ke...",ultipro
Maplewood Senior Living_2280452069282336540,Maintenance Assistant,Maplewood Senior Living,"Cuyahoga Falls, OH",Cuyahoga Falls,OH,https://recruiting.ultipro.com/MAP1003/JobBoard/51997001-de38-2b3c-51f7-8dfc3b02a5dd/OpportunityDetail?opportunityId=aa5417b3-88df-4a2f-9925-3adf92e76a6c,Maplewood Senior Living,https://recruiting.ultipro.com/MAP1003/JobBoard/51997001-de38-2b3c-51f7-8dfc3b02a5dd/?q=&o=postedDateDesc&w=&wc=&we=&wpst=,2025-07-11T15:03:58.971465,"Maintenance Assistant
Jul 3, 2025
Job Category: Plant Operations
Requisition Number: MAINT011814
Schedule: Full Time




Cuyahoga Falls, OH 44223, USA





The Maintenance Assistant is responsible the general operating maintenance, repair and housekeeping of the residence and the community’s physical plant to maintain proper operations of the residence. The Maintenance Assistant is also responsible for communication and helps coordinate the necessary tasks to accomplish repairs and alterations t...",ultipro
Maplewood Senior Living_8140440506218995292,Lifestyle Assistant - Part Time,Maplewood Senior Living,"Southport, CT",Southport,CT,https://recruiting.ultipro.com/MAP1003/JobBoard/51997001-de38-2b3c-51f7-8dfc3b02a5dd/OpportunityDetail?opportunityId=9311747d-6f3c-4e76-87dc-708a75540566,Maplewood Senior Living,https://recruiting.ultipro.com/MAP1003/JobBoard/51997001-de38-2b3c-51f7-8dfc3b02a5dd/?q=&o=postedDateDesc&w=&wc=&we=&wpst=,2025-07-11T15:03:59.186784,"Lifestyle Assistant - Part Time
Jul 3, 2025
Job Category: Resident Care/Healthcare
Requisition Number: LIFES011820
Schedule: Part Time
Job Location Type: On-site




Southport, CT 06890, USA





The Lifestyle Assistant is responsible for implementation of all programs and ensuring that it is therapeutic to the residents and maximizes their quality of life. Maplewood Senior Living offers a full range of social, physical, cognitive, emotional, spiritual and purposeful programs to meet overall wel...",ultipro
Maplewood Senior Living_2140004314781015539,Cook - Per Diem,Maplewood Senior Living,"Bethel, CT",Bethel,CT,https://recruiting.ultipro.com/MAP1003/JobBoard/51997001-de38-2b3c-51f7-8dfc3b02a5dd/OpportunityDetail?opportunityId=df501dcc-e7da-4ae1-baaa-eb732985abef,Maplewood Senior Living,https://recruiting.ultipro.com/MAP1003/JobBoard/51997001-de38-2b3c-51f7-8dfc3b02a5dd/?q=&o=postedDateDesc&w=&wc=&we=&wpst=,2025-07-11T15:03:59.406966,"Cook - Per Diem
Jul 2, 2025
Job Category: Dining Services
Requisition Number: COOKF010061
Schedule: Part Time




Bethel, CT 06801, USA





Maplewood at Stony Hill is hiring a Per Diem Cook/Chef. The Cook works directly with the Culinary Service Director and plays an integral role in planning/delivering an outstanding dining experience for our residents and guests. We offer: ✦ Competitive wages ✦ Flexible shifts ✦ Paid training & uniforms ✦ Bonus & incentives ✦ Growth opportunities Conveniently...",ultipro
Maplewood Senior Living_7175025875911482105,Server - Part Time,Maplewood Senior Living,"Danbury, CT",Danbury,CT,https://recruiting.ultipro.com/MAP1003/JobBoard/51997001-de38-2b3c-51f7-8dfc3b02a5dd/OpportunityDetail?opportunityId=669baae5-ade2-4167-8574-88476117de8d,Maplewood Senior Living,https://recruiting.ultipro.com/MAP1003/JobBoard/51997001-de38-2b3c-51f7-8dfc3b02a5dd/?q=&o=postedDateDesc&w=&wc=&we=&wpst=,2025-07-11T15:03:59.688460,"Server - Part Time
Jul 2, 2025
Job Category: Dining Services
Requisition Number: SERVE011573
Schedule: Part Time




Danbury, CT 06810, USA





The Server is responsible for assisting in the set-up, service and cleaning of the dining room. Maplewood Senior Living, an innovative, forward-thinking senior living provider, strives to inspire our associates to learn, develop, and succeed. As we continue to grow, we are seeking devoted and caring Servers to become part of our family.",ultipro
Maplewood Senior Living_1702637750733204120,Cook - Per Diem,Maplewood Senior Living,"Norwalk, CT",Norwalk,CT,https://recruiting.ultipro.com/MAP1003/JobBoard/51997001-de38-2b3c-51f7-8dfc3b02a5dd/OpportunityDetail?opportunityId=964ed400-b354-41b6-9df8-9483956587c8,Maplewood Senior Living,https://recruiting.ultipro.com/MAP1003/JobBoard/51997001-de38-2b3c-51f7-8dfc3b02a5dd/?q=&o=postedDateDesc&w=&wc=&we=&wpst=,2025-07-11T15:03:59.926345,"Cook - Per Diem
Jul 2, 2025
Job Category: Dining Services
Requisition Number: COOKP011810
Schedule: Part Time




Norwalk, CT 06855, USA





Maplewood Senior Living, an innovative, forward-thinking senior living provider, strives to inspire our associates to learn, develop, and succeed. As we continue to grow, we are seeking a devoted and caring Cook to become part of our family. Join us and explore a rewarding career where you can make a difference in the lives of seniors every day. We offer t...",ultipro
Maplewood Senior Living_8407050215614994896,Server - Part Time,Maplewood Senior Living,"Orange, CT",Orange,CT,https://recruiting.ultipro.com/MAP1003/JobBoard/51997001-de38-2b3c-51f7-8dfc3b02a5dd/OpportunityDetail?opportunityId=ef04cae3-430b-4b06-8bb1-f3f26496030c,Maplewood Senior Living,https://recruiting.ultipro.com/MAP1003/JobBoard/51997001-de38-2b3c-51f7-8dfc3b02a5dd/?q=&o=postedDateDesc&w=&wc=&we=&wpst=,2025-07-11T15:04:00.138817,"Server - Part Time
Jul 2, 2025
Job Category: Dining Services
Requisition Number: SERVE011813
Schedule: Part Time




Orange, CT 06477, USA





The Server is responsible for assisting in the set-up, service and cleaning of the dining room. Maplewood Senior Living, an innovative, forward-thinking senior living provider, strives to inspire our associates to learn, develop, and succeed. Maplewood at Orange is hiring Part Time Servers with flexible schedules and rotating weekend availability for PT ...",ultipro
Maplewood Senior Living_2128088024346849328,Memory Care Director,Maplewood Senior Living,"Darien, CT",Darien,CT,https://recruiting.ultipro.com/MAP1003/JobBoard/51997001-de38-2b3c-51f7-8dfc3b02a5dd/OpportunityDetail?opportunityId=d8cfa981-c85f-4134-9882-55720042244f,Maplewood Senior Living,https://recruiting.ultipro.com/MAP1003/JobBoard/51997001-de38-2b3c-51f7-8dfc3b02a5dd/?q=&o=postedDateDesc&w=&wc=&we=&wpst=,2025-07-11T15:04:00.801644,"Memory Care Director
Jul 1, 2025
Job Category: Administration/Customer Services
Requisition Number: MEMOR011809
Schedule: Full Time
Job Location Type: On-site




Darien, CT 06820, USA





Maplewood at Darien is currently hiring a full time Memory Care Director position. Maplewood offers a comprehensive benefits package for full time employees including medical, dental, and more including paid time-off and a 401k plan. Maplewood at Darien 599 Boston Post Road Darien, CT 06820",ultipro
Maplewood Senior Living_5181084110247927106,Certified Nursing Assistant (CNA) Per Diem 7am - 3pm & 11p - 7am,Maplewood Senior Living,"Norwalk, CT",Norwalk,CT,https://recruiting.ultipro.com/MAP1003/JobBoard/51997001-de38-2b3c-51f7-8dfc3b02a5dd/OpportunityDetail?opportunityId=645c35d1-4a35-43ee-b64c-76725c4f85af,Maplewood Senior Living,https://recruiting.ultipro.com/MAP1003/JobBoard/51997001-de38-2b3c-51f7-8dfc3b02a5dd/?q=&o=postedDateDesc&w=&wc=&we=&wpst=,2025-07-11T15:04:01.032760,"Certified Nursing Assistant (CNA) Per Diem 7am - 3pm & 11p - 7am
Jul 1, 2025
Job Category: Resident Care/Healthcare
Requisition Number: CERTI011811
Schedule: Part Time
Job Location Type: On-site




Norwalk, CT 06855, USA





Maplewood Senior Living, an innovative, forward-thinking senior living provider, strives to inspire our associates to learn, develop, and succeed. Maplewood at Strawberry Hill, in East Norwalk, is hiring Certified Nursing Assistants (CNA) for all shifts. The Certified Nurs...",ultipro
Maplewood Senior Living_4027760647213618794,Dishwasher - Part Time,Maplewood Senior Living,"Danbury, CT",Danbury,CT,https://recruiting.ultipro.com/MAP1003/JobBoard/51997001-de38-2b3c-51f7-8dfc3b02a5dd/OpportunityDetail?opportunityId=883b916a-0e95-4b04-906f-140ac1ac7960,Maplewood Senior Living,https://recruiting.ultipro.com/MAP1003/JobBoard/51997001-de38-2b3c-51f7-8dfc3b02a5dd/?q=&o=postedDateDesc&w=&wc=&we=&wpst=,2025-07-11T15:04:01.233733,"Dishwasher - Part Time
Jul 1, 2025
Job Category: Dining Services
Requisition Number: DISHW011807
Schedule: Part Time




Danbury, CT 06810, USA





The Dishwasher performs a variety of food service functions in maintaining clean and sanitary conditions of food services, facilities, and equipment. S (he) is responsible for the removal of all garbage, leaving machinery empty, clean and dry and floors clean after each meal. Dishwasher: Part-time, flexible shifts, Luxury Senior Living Maplewood Sen...",ultipro
Maplewood Senior Living_6232117874184438827,Certified Nursing Assistant / CNA / HHA - Full Time 7a-3p,Maplewood Senior Living,"West Yarmouth, MA",West Yarmouth,MA,https://recruiting.ultipro.com/MAP1003/JobBoard/51997001-de38-2b3c-51f7-8dfc3b02a5dd/OpportunityDetail?opportunityId=2ebd440a-dd89-4aeb-80dd-28874f8782b1,Maplewood Senior Living,https://recruiting.ultipro.com/MAP1003/JobBoard/51997001-de38-2b3c-51f7-8dfc3b02a5dd/?q=&o=postedDateDesc&w=&wc=&we=&wpst=,2025-07-11T15:04:01.444901,"Certified Nursing Assistant / CNA / HHA - Full Time 7a-3p
Jul 1, 2025
Job Category: Resident Care/Healthcare
Requisition Number: CERTI011805
Schedule: Full Time




West Yarmouth, MA 02673, MA 02673, USA





The Certified Nursing Assistant plays an integral role in providing exceptional care and service to our residents in need of dedicated hands-on assistance. Valid Massachusetts Nurse’s Aide Registration Required. Full Time with rotating weekend availability.",ultipro
Maplewood Senior Living_694843538222866035,Certified Nursing Assistant / CNA / HHA - Full Time,Maplewood Senior Living,"West Yarmouth, MA",West Yarmouth,MA,https://recruiting.ultipro.com/MAP1003/JobBoard/51997001-de38-2b3c-51f7-8dfc3b02a5dd/OpportunityDetail?opportunityId=ec458260-6fc1-4915-9cda-6fb5913e0c88,Maplewood Senior Living,https://recruiting.ultipro.com/MAP1003/JobBoard/51997001-de38-2b3c-51f7-8dfc3b02a5dd/?q=&o=postedDateDesc&w=&wc=&we=&wpst=,2025-07-11T15:04:01.722860,"Certified Nursing Assistant / CNA / HHA - Full Time
Jul 1, 2025
Job Category: Resident Care/Healthcare
Requisition Number: CERTI011806
Schedule: Full Time




West Yarmouth, MA 02673, MA 02673, USA





The Certified Nursing Assistant plays an integral role in providing exceptional care and service to our residents in need of dedicated hands-on assistance. Valid Massachusetts Nurse’s Aide Registration Required. Full Time with rotating weekend availability.",ultipro
Maplewood Senior Living_290946313190122528,Certified Nursing Assistant/CNA Full Time 7a-3p,Maplewood Senior Living,"West Yarmouth, MA",West Yarmouth,MA,https://recruiting.ultipro.com/MAP1003/JobBoard/51997001-de38-2b3c-51f7-8dfc3b02a5dd/OpportunityDetail?opportunityId=91b9708b-2574-44cd-84e1-6c4b02cd6bfa,Maplewood Senior Living,https://recruiting.ultipro.com/MAP1003/JobBoard/51997001-de38-2b3c-51f7-8dfc3b02a5dd/?q=&o=postedDateDesc&w=&wc=&we=&wpst=,2025-07-11T15:04:01.907914,"Certified Nursing Assistant/CNA Full Time 7a-3p
Jul 1, 2025
Job Category: Resident Care/Healthcare
Requisition Number: CERTI011801
Schedule: Full Time

Mayflower SNF


West Yarmouth, MA 02673, USA





The Certified Nursing Assistant (CNA) in our Skilled Nursing & Rehab Center plays an integral role in providing exceptional care and service to our residents in need of dedicated hands-on assistance. Current Massachusetts's Nurse’s Aide License Required. The starting rate for this position is $25 ...",ultipro
Maplewood Senior Living_8226418876793010770,Director of Community Relations,Maplewood Senior Living,"Cuyahoga Falls, OH",Cuyahoga Falls,OH,https://recruiting.ultipro.com/MAP1003/JobBoard/51997001-de38-2b3c-51f7-8dfc3b02a5dd/OpportunityDetail?opportunityId=248a81af-3ff6-4281-9bda-475d70ceca7c,Maplewood Senior Living,https://recruiting.ultipro.com/MAP1003/JobBoard/51997001-de38-2b3c-51f7-8dfc3b02a5dd/?q=&o=postedDateDesc&w=&wc=&we=&wpst=,2025-07-11T15:04:02.121313,"Director of Community Relations
Jun 30, 2025
Job Category: Sales/Leasing
Requisition Number: DIREC011800
Schedule: Full Time




Cuyahoga Falls, OH 44223, USA





The Community Relations Director is responsible for achieving maximum occupancy and total revenue potential of the community by attracting qualified prospects to the community and converting those prospects into residents. Manage and cultivate the sales and marketing plan, leads and database and the move-in process in its entirety.",ultipro
Maplewood Senior Living_7114444584333191893,LPN Wellness Nurse - Part Time 4p-8p,Maplewood Senior Living,"Southport, CT",Southport,CT,https://recruiting.ultipro.com/MAP1003/JobBoard/51997001-de38-2b3c-51f7-8dfc3b02a5dd/OpportunityDetail?opportunityId=ea4a7358-6a34-4957-992a-313bd4a58b57,Maplewood Senior Living,https://recruiting.ultipro.com/MAP1003/JobBoard/51997001-de38-2b3c-51f7-8dfc3b02a5dd/?q=&o=postedDateDesc&w=&wc=&we=&wpst=,2025-07-11T15:04:02.317857,"LPN Wellness Nurse - Part Time 4p-8p
Jun 30, 2025
Job Category: Resident Care/Healthcare
Requisition Number: LPNWE011795
Schedule: Part Time
Job Location Type: On-site




Southport, CT 06890, USA





Summary: The Resident Services Nurse (Licensed Practical Nurse) is responsible for assisting the Resident Services Director with the overall implementation, delivery, and coordination of Resident Care Services at the Community.",ultipro
Maplewood Senior Living_238801755873825517,Licensed Practical Nurse / LPN Full Time: 7a-3p,Maplewood Senior Living,"Danbury, CT",Danbury,CT,https://recruiting.ultipro.com/MAP1003/JobBoard/51997001-de38-2b3c-51f7-8dfc3b02a5dd/OpportunityDetail?opportunityId=f612df98-24f0-43a1-a508-0b824bb7bd99,Maplewood Senior Living,https://recruiting.ultipro.com/MAP1003/JobBoard/51997001-de38-2b3c-51f7-8dfc3b02a5dd/?q=&o=postedDateDesc&w=&wc=&we=&wpst=,2025-07-11T15:04:02.508474,"Licensed Practical Nurse / LPN Full Time: 7a-3p
Jun 30, 2025
Job Category: Resident Care/Healthcare
Requisition Number: LICEN011793
Schedule: Full Time




Danbury, CT 06810, USA





The Licensed Practical Nurse (LPN) assists and supports the Resident Services Director with the overall implementation, delivery, and coordination of nursing services in the community. **Must be a Licensed Practical Nurse currently licensed to practice in the State of Connecticut.",ultipro
Maplewood Senior Living_3386976688195345005,Licensed Practical Nurse / LPN Part Time 11p-7a,Maplewood Senior Living,"Danbury, CT",Danbury,CT,https://recruiting.ultipro.com/MAP1003/JobBoard/51997001-de38-2b3c-51f7-8dfc3b02a5dd/OpportunityDetail?opportunityId=e4148523-293e-4f98-86d9-3a508aac719a,Maplewood Senior Living,https://recruiting.ultipro.com/MAP1003/JobBoard/51997001-de38-2b3c-51f7-8dfc3b02a5dd/?q=&o=postedDateDesc&w=&wc=&we=&wpst=,2025-07-11T15:04:02.932441,"Licensed Practical Nurse / LPN Part Time 11p-7a
Jun 27, 2025
Job Category: Resident Care/Healthcare
Requisition Number: LICEN010342
Schedule: Part Time




Danbury, CT 06810, USA





The Licensed Practical Nurse (LPN) assists and supports the Resident Services Director with the overall implementation, delivery, and coordination of nursing services in the community. **Must be a Licensed Practical Nurse currently licensed to practice in the State of Connecticut. Immediate need on 3p - 11p.",ultipro
Integritus Healthcare_2368630927527193404,HOUSEKEEPER,Integritus Healthcare,"Holyoke, MA",Holyoke,MA,https://recruiting.ultipro.com/BER1002BHCS/JobBoard/ab6dd2ae-e2f4-4e5a-9d54-ba5e47b6291f/OpportunityDetail?opportunityId=1a3888c2-79a8-4931-9af2-129e7684ad41,Integritus Healthcare,https://recruiting.ultipro.com/BER1002BHCS/JobBoard/ab6dd2ae-e2f4-4e5a-9d54-ba5e47b6291f/?q=&o=postedDateDesc,2025-07-11T15:13:11.292078,"HOUSEKEEPER
Jul 10, 2025
Job Category: Operations Group
Requisition Number: HOUSE003192
Schedule: Part Time
Job Location Type: On-site

Day Brook Nursing Center


Holyoke, MA 01040, USA





Clean resident rooms and other areas of the nursing facility as instructed by the supervisor.",ultipro
Integritus Healthcare_98276202398605731,ACTIVITIES AIDE,Integritus Healthcare,"Town of, MA",Town of,MA,https://recruiting.ultipro.com/BER1002BHCS/JobBoard/ab6dd2ae-e2f4-4e5a-9d54-ba5e47b6291f/OpportunityDetail?opportunityId=0c36d172-d2f9-47dc-a673-bb492453f649,Integritus Healthcare,https://recruiting.ultipro.com/BER1002BHCS/JobBoard/ab6dd2ae-e2f4-4e5a-9d54-ba5e47b6291f/?q=&o=postedDateDesc,2025-07-11T15:13:11.556034,"ACTIVITIES AIDE
Jul 10, 2025
Job Category: Administration Group
Requisition Number: ACTIV003191
Schedule: Part Time

Bourne Manor


Bourne, Town of, MA 02532, USA





Great opportunity to get paid to have fun! Activities Aides help to encourage socialization, provide entertainment, lead groups and more! Training is provided. Activities Aides help to encourage socialization, provide entertainment, relaxation and fulfillment, and improve daily living skills.",ultipro
Integritus Healthcare_8878251287239307340,RN Weekend Coordinator,Integritus Healthcare,"Greenfield, MA",Greenfield,MA,https://recruiting.ultipro.com/BER1002BHCS/JobBoard/ab6dd2ae-e2f4-4e5a-9d54-ba5e47b6291f/OpportunityDetail?opportunityId=5c2d90a5-3207-44f2-896e-8cc8d70e35c5,Integritus Healthcare,https://recruiting.ultipro.com/BER1002BHCS/JobBoard/ab6dd2ae-e2f4-4e5a-9d54-ba5e47b6291f/?q=&o=postedDateDesc,2025-07-11T15:13:11.781038,"RN Weekend Coordinator
Jul 10, 2025
Job Category: Operations Group
Requisition Number: RNWEE003190
Schedule: Part Time

Pioneer Valley Hospice


Greenfield, MA 01301, USA





Pioneer Valley Hospice & Palliative Care (formerly Hospice of Franklin County) is expanding throughout all of Pioneer Valley and seeking experienced, compassionate candidates to join our growing team. Our mission has always been to support and care for those living with life-limiting illnesses so they may live as fully and...",ultipro
Integritus Healthcare_8671166360725708060,Hospice Registered Nurse (RN),Integritus Healthcare,"Greenfield, MA",Greenfield,MA,https://recruiting.ultipro.com/BER1002BHCS/JobBoard/ab6dd2ae-e2f4-4e5a-9d54-ba5e47b6291f/OpportunityDetail?opportunityId=a46afb11-6242-4dc4-a4af-3195b5a9dd1d,Integritus Healthcare,https://recruiting.ultipro.com/BER1002BHCS/JobBoard/ab6dd2ae-e2f4-4e5a-9d54-ba5e47b6291f/?q=&o=postedDateDesc,2025-07-11T15:13:12.022947,"Hospice Registered Nurse (RN)
Jul 10, 2025
Job Category: Operations Group
Requisition Number: HOSPI003074
Schedule: Full Time

Pioneer Valley Hospice


Greenfield, MA 01301, USA

















































































































































+14 more
Pioneer Valley Hospice & Palliative Care (formerly Hospice of Franklin County) is expanding throughout all of Pioneer Valley and seeking experienced, compassionate cand...",ultipro
Integritus Healthcare_6437023076019392714,NURSE PRACTITIONER (FULL-TIME),Integritus Healthcare,"Greenfield, MA",Greenfield,MA,https://recruiting.ultipro.com/BER1002BHCS/JobBoard/ab6dd2ae-e2f4-4e5a-9d54-ba5e47b6291f/OpportunityDetail?opportunityId=0f694823-6459-4e90-870d-613a39bb6269,Integritus Healthcare,https://recruiting.ultipro.com/BER1002BHCS/JobBoard/ab6dd2ae-e2f4-4e5a-9d54-ba5e47b6291f/?q=&o=postedDateDesc,2025-07-11T15:13:12.279514,"NURSE PRACTITIONER (FULL-TIME)
Jul 10, 2025
Job Category: Operations Group
Requisition Number: NURSE003075
Schedule: Full Time

Pioneer Valley Hospice


Greenfield, MA 01301, USA









































































































+10 more
Pioneer Valley Hospice & Palliative Care (formerly Hospice of Franklin County) is expanding throughout all of Pioneer Valley and seeking experienced, compassionate candidates to join our growing team. Our mi...",ultipro
Integritus Healthcare_8553125431987745632,LICENSED PRACTICAL NURSE,Integritus Healthcare,"Greenfield, MA",Greenfield,MA,https://recruiting.ultipro.com/BER1002BHCS/JobBoard/ab6dd2ae-e2f4-4e5a-9d54-ba5e47b6291f/OpportunityDetail?opportunityId=507f8677-ed03-4276-ac06-f8315cde667c,Integritus Healthcare,https://recruiting.ultipro.com/BER1002BHCS/JobBoard/ab6dd2ae-e2f4-4e5a-9d54-ba5e47b6291f/?q=&o=postedDateDesc,2025-07-11T15:13:12.501336,"LICENSED PRACTICAL NURSE
Jul 10, 2025
Job Category: Operations Group
Requisition Number: LICEN003099
Schedule: Full Time

Pioneer Valley Hospice


Greenfield, MA 01301, USA





Pioneer Valley Hospice & Palliative Care (formerly Hospice of Franklin County) is expanding throughout all of Pioneer Valley and seeking experienced, compassionate candidates to join our growing team. Our mission has always been to support and care for those living with life-limiting illnesses so they may live as fully a...",ultipro
Integritus Healthcare_4596077585831651369,PATIENT CARE COORDINATOR (RN),Integritus Healthcare,"Greenfield, MA",Greenfield,MA,https://recruiting.ultipro.com/BER1002BHCS/JobBoard/ab6dd2ae-e2f4-4e5a-9d54-ba5e47b6291f/OpportunityDetail?opportunityId=61fe2402-fede-4238-a1ef-17ff958a82f1,Integritus Healthcare,https://recruiting.ultipro.com/BER1002BHCS/JobBoard/ab6dd2ae-e2f4-4e5a-9d54-ba5e47b6291f/?q=&o=postedDateDesc,2025-07-11T15:13:12.716580,"PATIENT CARE COORDINATOR (RN)
Jul 10, 2025
Job Category: Operations Group
Requisition Number: PATIE003183
Schedule: Full Time
Job Location Type: On-site

Pioneer Valley Hospice


Greenfield, MA 01301, USA





Pioneer Valley Hospice & Palliative Care (formerly Hospice of Franklin County) is expanding throughout all of Pioneer Valley and seeking experienced, compassionate candidates to join our growing team. Our mission has always been to support and care for those living with life-limiting illne...",ultipro
Integritus Healthcare_405502239419127921,HOSPICE AIDE (CNA),Integritus Healthcare,"Springfield, MA",Springfield,MA,https://recruiting.ultipro.com/BER1002BHCS/JobBoard/ab6dd2ae-e2f4-4e5a-9d54-ba5e47b6291f/OpportunityDetail?opportunityId=9109be15-31cf-4117-a20d-8be58c3b1be4,Integritus Healthcare,https://recruiting.ultipro.com/BER1002BHCS/JobBoard/ab6dd2ae-e2f4-4e5a-9d54-ba5e47b6291f/?q=&o=postedDateDesc,2025-07-11T15:13:12.929516,"HOSPICE AIDE (CNA)
Jul 10, 2025
Job Category: Operations Group
Requisition Number: HOSPI002914
Schedule: Full Time




Springfield, MA 01104, USA























































+5 more
Pioneer Valley Hospice & Palliative Care (formerly Hospice of Franklin County) is expanding throughout all of Pioneer Valley and seeking experienced, compassionate candidates to join our growing team. Our mission has always been to support and care for those living with life-limiting illnes...",ultipro
Integritus Healthcare_1133937028515965933,RESIDENT ASSISTANT,Integritus Healthcare,"East Longmeadow, MA",East Longmeadow,MA,https://recruiting.ultipro.com/BER1002BHCS/JobBoard/ab6dd2ae-e2f4-4e5a-9d54-ba5e47b6291f/OpportunityDetail?opportunityId=2004904b-1ca7-4827-8260-c49f6decf023,Integritus Healthcare,https://recruiting.ultipro.com/BER1002BHCS/JobBoard/ab6dd2ae-e2f4-4e5a-9d54-ba5e47b6291f/?q=&o=postedDateDesc,2025-07-11T15:13:13.158959,"RESIDENT ASSISTANT
Jul 8, 2025
Job Category: Operations Group
Requisition Number: RESID003174
Schedule: Full Time

East Longmeadow Memory Care Assisted Living


East Longmeadow, MA, USA





Resident Assistant 's / Certified Nursing Assistant will assist older people who are functionally, physically, and or socially impaired and need 24-hour oversight. The Resident Care Partner/Resident Assistant’s role is to assist residents with those activities of daily living that they are unable to perform ...",ultipro
Integritus Healthcare_3263211433166497297,ACTIVITIES AIDE,Integritus Healthcare,"Williamstown, MA",Williamstown,MA,https://recruiting.ultipro.com/BER1002BHCS/JobBoard/ab6dd2ae-e2f4-4e5a-9d54-ba5e47b6291f/OpportunityDetail?opportunityId=1f519a4d-c65a-4c3e-9c1a-f399d43e7302,Integritus Healthcare,https://recruiting.ultipro.com/BER1002BHCS/JobBoard/ab6dd2ae-e2f4-4e5a-9d54-ba5e47b6291f/?q=&o=postedDateDesc,2025-07-11T15:13:13.524333,"ACTIVITIES AIDE
Jul 8, 2025
Job Category: Operations Group
Requisition Number: ACTIV003186
Schedule: Part Time
Job Location Type: On-site

Williamstown Commons | 05201


Williamstown, MA 01267, USA





Great opportunity to get paid to have fun! Activities Aides help to encourage socialization, provide entertainment, lead groups and more! Training is provided. Activities Aides help to encourage socialization, provide entertainment, relaxation and fulfillment, and improve daily living skills.",ultipro
Integritus Healthcare_3133529594499481183,"CERTIFIED NURSING ASST! CNA - 3-day week, 12-hour shifts!!",Integritus Healthcare,"Town of, MA",Town of,MA,https://recruiting.ultipro.com/BER1002BHCS/JobBoard/ab6dd2ae-e2f4-4e5a-9d54-ba5e47b6291f/OpportunityDetail?opportunityId=fc2028e4-f4b9-42df-92b5-a9c87fa2607a,Integritus Healthcare,https://recruiting.ultipro.com/BER1002BHCS/JobBoard/ab6dd2ae-e2f4-4e5a-9d54-ba5e47b6291f/?q=&o=postedDateDesc,2025-07-11T15:13:13.837948,"CERTIFIED NURSING ASST! CNA - 3-day week, 12-hour shifts!!
Jul 8, 2025
Job Category: Operations Group
Requisition Number: CERTI003185
Schedule: Full Time
Job Location Type: On-site

Bourne Manor


Bourne, Town of, MA 02532, USA

































































+6 more
We are looking for a skilled CNA (Certified Nursing Assistant) to become part of our facility’s compassionate care-giving team. The CNA will interact directly with residents, providing comfort, and a...",ultipro
Integritus Healthcare_6081334455834742640,WAITPERSON- Per Diem,Integritus Healthcare,"Lenox, MA",Lenox,MA,https://recruiting.ultipro.com/BER1002BHCS/JobBoard/ab6dd2ae-e2f4-4e5a-9d54-ba5e47b6291f/OpportunityDetail?opportunityId=397770dd-024f-4c65-b874-cc41ae58ddf8,Integritus Healthcare,https://recruiting.ultipro.com/BER1002BHCS/JobBoard/ab6dd2ae-e2f4-4e5a-9d54-ba5e47b6291f/?q=&o=postedDateDesc,2025-07-11T15:13:14.073541,"WAITPERSON- Per Diem
Jul 7, 2025
Job Category: Operations Group
Requisition Number: WAITP003184
Schedule: Part Time
Job Location Type: On-site

Kimball Farms Lifecare Retirement Community


Lenox, MA 01240, USA





Waitaff will provide quality, efficient table service in the dining room in accordance with established policies and procedures and/or specific directives from the Director of Dining Services. Sets up and resets tables throughout meal service. Assists in plating of salads and dessert...",ultipro
Integritus Healthcare_5694704737938800234,DIET AIDE- Dishwasher,Integritus Healthcare,"Lenox, MA",Lenox,MA,https://recruiting.ultipro.com/BER1002BHCS/JobBoard/ab6dd2ae-e2f4-4e5a-9d54-ba5e47b6291f/OpportunityDetail?opportunityId=01131d62-c99d-4c85-9b99-4d6a1a56ea9f,Integritus Healthcare,https://recruiting.ultipro.com/BER1002BHCS/JobBoard/ab6dd2ae-e2f4-4e5a-9d54-ba5e47b6291f/?q=&o=postedDateDesc,2025-07-11T15:13:14.537862,"DIET AIDE- Dishwasher
Jul 7, 2025
Job Category: Operations Group
Requisition Number: DIETA003182
Schedule: Part Time
Job Location Type: Hybrid

Kimball Farms Lifecare Retirement Community


Lenox, MA 01240, USA





Summary: The Dietary Aide - Dishwasher provides assistance in all dietary functions as directed/instructed and in accordance with established dietary policies and procedures. Will aslo assist in daily or scheduled cleaning duties.",ultipro
Integritus Healthcare_9115028700975864318,CERTIFIED NURSING ASST! CNA - SIGN-ON BONUS!!,Integritus Healthcare,"Town of, MA",Town of,MA,https://recruiting.ultipro.com/BER1002BHCS/JobBoard/ab6dd2ae-e2f4-4e5a-9d54-ba5e47b6291f/OpportunityDetail?opportunityId=7f8db7ca-c005-421c-915f-c0e2093a6f91,Integritus Healthcare,https://recruiting.ultipro.com/BER1002BHCS/JobBoard/ab6dd2ae-e2f4-4e5a-9d54-ba5e47b6291f/?q=&o=postedDateDesc,2025-07-11T15:13:14.911108,"CERTIFIED NURSING ASST! CNA - SIGN-ON BONUS!!
Jul 7, 2025
Job Category: Operations Group
Requisition Number: CERTI003113
Schedule: Full Time
Job Location Type: On-site

Bourne Manor


Bourne, Town of, MA 02532, USA

































































+6 more
We are looking for a skilled CNA (Certified Nursing Assistant) to become part of our facility’s compassionate care-giving team. The CNA will interact directly with residents, providing comfort, and assisting with...",ultipro
Integritus Healthcare_2561515614735758040,LICENSED PRACTICAL NURSE - GENEROUS SIGN-ON BONUS!,Integritus Healthcare,"Town of, MA",Town of,MA,https://recruiting.ultipro.com/BER1002BHCS/JobBoard/ab6dd2ae-e2f4-4e5a-9d54-ba5e47b6291f/OpportunityDetail?opportunityId=70f64978-91b7-4b05-ac63-656f1393933d,Integritus Healthcare,https://recruiting.ultipro.com/BER1002BHCS/JobBoard/ab6dd2ae-e2f4-4e5a-9d54-ba5e47b6291f/?q=&o=postedDateDesc,2025-07-11T15:13:15.262336,"LICENSED PRACTICAL NURSE - GENEROUS SIGN-ON BONUS!
Jul 7, 2025
Job Category: Operations Group
Requisition Number: LICEN003114
Schedule: Full Time
Job Location Type: On-site

Bourne Manor


Bourne, Town of, MA 02532, USA











































































+7 more
We are looking for a Licensed Practical Nurse to join our caring, compassionate team. Licensed Nurses plan, monitor, and provide nursing care to the residents within the facility. The successful ca...",ultipro
Integritus Healthcare_1178389004286257190,REGISTERED NURSE. GENEROUS SIGN-ON BONUS!!,Integritus Healthcare,"Town of, MA",Town of,MA,https://recruiting.ultipro.com/BER1002BHCS/JobBoard/ab6dd2ae-e2f4-4e5a-9d54-ba5e47b6291f/OpportunityDetail?opportunityId=b07e17a7-28c9-4f91-8f6a-261e43d37cf5,Integritus Healthcare,https://recruiting.ultipro.com/BER1002BHCS/JobBoard/ab6dd2ae-e2f4-4e5a-9d54-ba5e47b6291f/?q=&o=postedDateDesc,2025-07-11T15:13:15.800547,"REGISTERED NURSE. GENEROUS SIGN-ON BONUS!!
Jul 7, 2025
Job Category: Operations Group
Requisition Number: REGIS003115
Schedule: Full Time
Job Location Type: On-site

Bourne Manor


Bourne, Town of, MA 02532, USA











































































+7 more
We are looking for a Registered Nurse (RN) to join our caring, compassionate team. Registered Nurses plan, monitor, and provide nursing care to the residents within the facility. The successful candidate w...",ultipro
Integritus Healthcare_8782428761990221107,"LICENSED NURSE, 3-DAY WEEK, 12-HOUR SHIFTS!",Integritus Healthcare,"Town of, MA",Town of,MA,https://recruiting.ultipro.com/BER1002BHCS/JobBoard/ab6dd2ae-e2f4-4e5a-9d54-ba5e47b6291f/OpportunityDetail?opportunityId=55f3224b-101d-47e6-a8bd-c988eb1f5cb9,Integritus Healthcare,https://recruiting.ultipro.com/BER1002BHCS/JobBoard/ab6dd2ae-e2f4-4e5a-9d54-ba5e47b6291f/?q=&o=postedDateDesc,2025-07-11T15:13:16.082133,"LICENSED NURSE, 3-DAY WEEK, 12-HOUR SHIFTS!
Jul 7, 2025
Job Category: Operations Group
Requisition Number: LICEN003116
Schedule: Full Time
Job Location Type: On-site

Bourne Manor


Bourne, Town of, MA 02532, USA

































































+6 more
We are looking for a Licensed Nurse to join our caring, compassionate team. Licensed Nurses plan, monitor, and provide nursing care to the residents within the facility. The successful candidate will work within th...",ultipro
Integritus Healthcare_3361579316957682917,LICENSED NURSE (RN/LPN) - GENEROUS SIGN-ON BONUS!,Integritus Healthcare,"Town of, MA",Town of,MA,https://recruiting.ultipro.com/BER1002BHCS/JobBoard/ab6dd2ae-e2f4-4e5a-9d54-ba5e47b6291f/OpportunityDetail?opportunityId=5e791942-26c0-4a43-9990-2442b4c96311,Integritus Healthcare,https://recruiting.ultipro.com/BER1002BHCS/JobBoard/ab6dd2ae-e2f4-4e5a-9d54-ba5e47b6291f/?q=&o=postedDateDesc,2025-07-11T15:13:16.489821,"LICENSED NURSE (RN/LPN) - GENEROUS SIGN-ON BONUS!
Jul 7, 2025
Job Category: Operations Group
Requisition Number: LICEN003117
Schedule: Full Time
Job Location Type: On-site

Bourne Manor


Bourne, Town of, MA 02532, USA











































































+7 more
We are looking for a Licensed Nurse to join our caring, compassionate team. Licensed Nurses plan, monitor, and provide nursing care to the residents within the facility. The successful candidate wil...",ultipro
Integritus Healthcare_4488750467296588252,NURSING COORDINATOR RN - Generous Sign-on Bonus!,Integritus Healthcare,"South Yarmouth, MA",South Yarmouth,MA,https://recruiting.ultipro.com/BER1002BHCS/JobBoard/ab6dd2ae-e2f4-4e5a-9d54-ba5e47b6291f/OpportunityDetail?opportunityId=fb74cc70-cd3b-4e9d-8c9f-9f9aaadba113,Integritus Healthcare,https://recruiting.ultipro.com/BER1002BHCS/JobBoard/ab6dd2ae-e2f4-4e5a-9d54-ba5e47b6291f/?q=&o=postedDateDesc,2025-07-11T15:13:17.251740,"NURSING COORDINATOR RN - Generous Sign-on Bonus!
Jul 7, 2025
Job Category: Operations Group
Requisition Number: NURSI003119
Schedule: Full Time
Job Location Type: On-site

Windsor Skilled Nursing


South Yarmouth, MA 02664, USA

































































+6 more
We are looking for a Registered Nurse (RN) to join our caring, compassionate team. Registered Nurses plan, monitor, and provide nursing care to the residents within the facility. The successful candi...",ultipro
Integritus Healthcare_2718639663887205846,NURSING COORDINATOR LPN - Sign-on Bonus!,Integritus Healthcare,"South Yarmouth, MA",South Yarmouth,MA,https://recruiting.ultipro.com/BER1002BHCS/JobBoard/ab6dd2ae-e2f4-4e5a-9d54-ba5e47b6291f/OpportunityDetail?opportunityId=eb92dd7e-977b-4cb4-989c-11b1975e17d8,Integritus Healthcare,https://recruiting.ultipro.com/BER1002BHCS/JobBoard/ab6dd2ae-e2f4-4e5a-9d54-ba5e47b6291f/?q=&o=postedDateDesc,2025-07-11T15:13:17.510734,"NURSING COORDINATOR LPN - Sign-on Bonus!
Jul 7, 2025
Job Category: Operations Group
Requisition Number: NURSI003120
Schedule: Full Time
Job Location Type: On-site

Windsor Skilled Nursing


South Yarmouth, MA 02664, USA

































































+6 more
We are looking for a Licensed Practical Nurse (LPN) to join our caring, compassionate team. Licensed Nurses plan, monitor, and provide nursing care to the residents within the facility. The successful candid...",ultipro
Integritus Healthcare_8323826666424989211,"Nurse Unit Manager $10,000 Sign on Bonus!!",Integritus Healthcare,"Danvers, MA",Danvers,MA,https://recruiting.ultipro.com/BER1002BHCS/JobBoard/ab6dd2ae-e2f4-4e5a-9d54-ba5e47b6291f/OpportunityDetail?opportunityId=796cab2d-fd5a-4b9e-b482-4e81e6d4eea8,Integritus Healthcare,https://recruiting.ultipro.com/BER1002BHCS/JobBoard/ab6dd2ae-e2f4-4e5a-9d54-ba5e47b6291f/?q=&o=postedDateDesc,2025-07-11T15:13:17.893280,"Nurse Unit Manager $10,000 Sign on Bonus!!
Jul 7, 2025
Job Category: Operations Group
Requisition Number: NURSE003122
Schedule: Full Time
Job Location Type: On-site

Hunt Skilled Nursing


Danvers, MA 01923, USA





















































































+8 more
The primary purpose of this position is to provide quality nursing care to residents, and to supervise the day-to-day activities of nursing assistants. Supervision must be in accordance with fede...",ultipro
Integritus Healthcare_2222905113305154239,REGISTERED NURSE - RN! GREAT SIGN-ON BONUS!!,Integritus Healthcare,"Danvers, MA",Danvers,MA,https://recruiting.ultipro.com/BER1002BHCS/JobBoard/ab6dd2ae-e2f4-4e5a-9d54-ba5e47b6291f/OpportunityDetail?opportunityId=39811fa6-41b7-4584-80ea-2677fed7b969,Integritus Healthcare,https://recruiting.ultipro.com/BER1002BHCS/JobBoard/ab6dd2ae-e2f4-4e5a-9d54-ba5e47b6291f/?q=&o=postedDateDesc,2025-07-11T15:13:18.161831,"REGISTERED NURSE - RN! GREAT SIGN-ON BONUS!!
Jul 7, 2025
Job Category: Operations Group
Requisition Number: REGIS003123
Schedule: Full Time
Job Location Type: On-site

Hunt Skilled Nursing


Danvers, MA 01923, USA





















































































+8 more
We are looking for a Registered Nurse (RN) to join our caring, compassionate team. Registered Nurses plan, monitor, and provide nursing care to the residents within the facility. The successful...",ultipro
Integritus Healthcare_4696710140319824292,WEEKEND NURSING SUPERVISOR RN/LPN,Integritus Healthcare,"Danvers, MA",Danvers,MA,https://recruiting.ultipro.com/BER1002BHCS/JobBoard/ab6dd2ae-e2f4-4e5a-9d54-ba5e47b6291f/OpportunityDetail?opportunityId=6afaba17-b38c-4def-ab64-4caace9aab59,Integritus Healthcare,https://recruiting.ultipro.com/BER1002BHCS/JobBoard/ab6dd2ae-e2f4-4e5a-9d54-ba5e47b6291f/?q=&o=postedDateDesc,2025-07-11T15:13:18.443534,"WEEKEND NURSING SUPERVISOR RN/LPN
Jul 7, 2025
Job Category: Administration Group
Requisition Number: WEEKE003124
Schedule: Full Time

Hunt Skilled Nursing


Danvers, MA 01923, USA

































































+6 more
The primary purpose of this position is to provide quality nursing care to residents, and to supervise the day to day activities of nursing assistants. Supervision must be in accordance with federal, state, & local laws and policies of this organi...",ultipro
Integritus Healthcare_469818854103623266,LICENSED PRACTICAL NURSE - LPN! GREAT SIGN-ON BONUS!!,Integritus Healthcare,"Danvers, MA",Danvers,MA,https://recruiting.ultipro.com/BER1002BHCS/JobBoard/ab6dd2ae-e2f4-4e5a-9d54-ba5e47b6291f/OpportunityDetail?opportunityId=e01357c6-bdc9-43f9-acbd-fa6b5d5bac02,Integritus Healthcare,https://recruiting.ultipro.com/BER1002BHCS/JobBoard/ab6dd2ae-e2f4-4e5a-9d54-ba5e47b6291f/?q=&o=postedDateDesc,2025-07-11T15:13:18.664648,"LICENSED PRACTICAL NURSE - LPN! GREAT SIGN-ON BONUS!!
Jul 7, 2025
Job Category: Operations Group
Requisition Number: LICEN003126
Schedule: Full Time
Job Location Type: On-site

Hunt Skilled Nursing


Danvers, MA 01923, USA











































































+7 more
We are looking for a Licensed Practical Nurse (LPN) to join our caring, compassionate team. Licensed Nurses plan, monitor, and provide nursing care to the residents within the facility. The succ...",ultipro
Integritus Healthcare_1419485048196562914,CERTIFIED NURSING ASST. - CNA!,Integritus Healthcare,"Danvers, MA",Danvers,MA,https://recruiting.ultipro.com/BER1002BHCS/JobBoard/ab6dd2ae-e2f4-4e5a-9d54-ba5e47b6291f/OpportunityDetail?opportunityId=aeb92255-014e-4a64-a9ac-4929e48f11a9,Integritus Healthcare,https://recruiting.ultipro.com/BER1002BHCS/JobBoard/ab6dd2ae-e2f4-4e5a-9d54-ba5e47b6291f/?q=&o=postedDateDesc,2025-07-11T15:13:18.911299,"CERTIFIED NURSING ASST. - CNA!
Jul 7, 2025
Job Category: Operations Group
Requisition Number: CERTI003127
Schedule: Full Time
Job Location Type: On-site

Hunt Skilled Nursing


Danvers, MA 01923, USA





















































































+8 more
We are looking for a skilled CNA (Certified Nursing Assistant) to become part of our facility’s compassionate care-giving team. The CNA will interact directly with residents, providing comfort, and assisting...",ultipro
Integritus Healthcare_5130685117950629612,CERTIFIED NURSING ASST.,Integritus Healthcare,"Peabody, MA",Peabody,MA,https://recruiting.ultipro.com/BER1002BHCS/JobBoard/ab6dd2ae-e2f4-4e5a-9d54-ba5e47b6291f/OpportunityDetail?opportunityId=dfad96ae-8b20-4b91-b827-9a99fb44f1c0,Integritus Healthcare,https://recruiting.ultipro.com/BER1002BHCS/JobBoard/ab6dd2ae-e2f4-4e5a-9d54-ba5e47b6291f/?q=&o=postedDateDesc,2025-07-11T15:13:19.229174,"CERTIFIED NURSING ASST.
Jul 7, 2025
Job Category: Operations Group
Requisition Number: CERTI003128
Schedule: Full Time
Job Location Type: On-site

Pilgrim Rehab


Peabody, MA 01960, USA











































































+7 more
We are looking for a skilled CNA (Certified Nursing Assistant) to become part of our facility’s compassionate care-giving team. The CNA will interact directly with residents, providing comfort, and assisting with daily living needs...",ultipro
Integritus Healthcare_3813254492799470536,REGISTERED NURSE,Integritus Healthcare,"Peabody, MA",Peabody,MA,https://recruiting.ultipro.com/BER1002BHCS/JobBoard/ab6dd2ae-e2f4-4e5a-9d54-ba5e47b6291f/OpportunityDetail?opportunityId=bac81971-3885-41fd-9ae0-7ed79c32ab7c,Integritus Healthcare,https://recruiting.ultipro.com/BER1002BHCS/JobBoard/ab6dd2ae-e2f4-4e5a-9d54-ba5e47b6291f/?q=&o=postedDateDesc,2025-07-11T15:13:19.757120,"REGISTERED NURSE
Jul 7, 2025
Job Category: Operations Group
Requisition Number: REGIS003129
Schedule: Full Time
Job Location Type: On-site

Pilgrim Rehab


Peabody, MA 01960, USA





















































































+8 more
We are looking for a Registered Nurse (RN) to join our caring, compassionate team. Registered Nurses plan, monitor, and provide nursing care to the residents within the facility. The successful candidate will work within their e...",ultipro
Integritus Healthcare_2962130818048477039,LICENSED PRACTICAL NURSE,Integritus Healthcare,"Peabody, MA",Peabody,MA,https://recruiting.ultipro.com/BER1002BHCS/JobBoard/ab6dd2ae-e2f4-4e5a-9d54-ba5e47b6291f/OpportunityDetail?opportunityId=ddf727ed-a04a-4c5b-8f6c-eee2d1172628,Integritus Healthcare,https://recruiting.ultipro.com/BER1002BHCS/JobBoard/ab6dd2ae-e2f4-4e5a-9d54-ba5e47b6291f/?q=&o=postedDateDesc,2025-07-11T15:13:20.151307,"LICENSED PRACTICAL NURSE
Jul 7, 2025
Job Category: Operations Group
Requisition Number: LICEN003130
Schedule: Full Time
Job Location Type: On-site

Pilgrim Rehab


Peabody, MA 01960, USA











































































+7 more
We are looking for a Licensed Practical Nurse (LPN) to join our caring, compassionate team. Licensed Nurses plan, monitor, and provide nursing care to the residents within the facility. The successful candidate will work within th...",ultipro
Integritus Healthcare_7740935203803830003,INFECTION CONTROL NURSE,Integritus Healthcare,"Peabody, MA",Peabody,MA,https://recruiting.ultipro.com/BER1002BHCS/JobBoard/ab6dd2ae-e2f4-4e5a-9d54-ba5e47b6291f/OpportunityDetail?opportunityId=5007861b-6217-4d05-b0e9-e983c41ccc8f,Integritus Healthcare,https://recruiting.ultipro.com/BER1002BHCS/JobBoard/ab6dd2ae-e2f4-4e5a-9d54-ba5e47b6291f/?q=&o=postedDateDesc,2025-07-11T15:13:20.557333,"INFECTION CONTROL NURSE
Jul 7, 2025
Job Category: Operations Group
Requisition Number: INFEC003131
Schedule: Full Time
Job Location Type: On-site

Pilgrim Rehab


Peabody, MA 01960, USA





















































































+8 more
The Infection Preventionist will use a systematic approach to monitor the effectiveness of infection prevention and control strategies that are consistent with the organization’s goals and objectives. This includes applyi...",ultipro
Integritus Healthcare_658142382469927292,LICENSED PRACTICAL NURSE - SIGN-ON BONUS!,Integritus Healthcare,"New Bedford, MA",New Bedford,MA,https://recruiting.ultipro.com/BER1002BHCS/JobBoard/ab6dd2ae-e2f4-4e5a-9d54-ba5e47b6291f/OpportunityDetail?opportunityId=28b3800a-47e3-4884-8c91-7040d8338f1c,Integritus Healthcare,https://recruiting.ultipro.com/BER1002BHCS/JobBoard/ab6dd2ae-e2f4-4e5a-9d54-ba5e47b6291f/?q=&o=postedDateDesc,2025-07-11T15:13:20.845990,"LICENSED PRACTICAL NURSE - SIGN-ON BONUS!
Jul 7, 2025
Job Category: Operations Group
Requisition Number: LICEN003133
Schedule: Full Time
Job Location Type: On-site

Hathaway Manor


New Bedford, MA 02740, USA

































































+6 more
We are looking for a Licensed Practical Nurse (LPN) to join our caring, compassionate team. Licensed Nurses plan, monitor, and provide nursing care to the residents within the facility. The successful candidate will wo...",ultipro
Integritus Healthcare_4412839954219412673,REGISTERED NURSE - SIGN-ON BONUS!,Integritus Healthcare,"New Bedford, MA",New Bedford,MA,https://recruiting.ultipro.com/BER1002BHCS/JobBoard/ab6dd2ae-e2f4-4e5a-9d54-ba5e47b6291f/OpportunityDetail?opportunityId=c9fd0bca-cd2d-4cc9-8900-628fa054590f,Integritus Healthcare,https://recruiting.ultipro.com/BER1002BHCS/JobBoard/ab6dd2ae-e2f4-4e5a-9d54-ba5e47b6291f/?q=&o=postedDateDesc,2025-07-11T15:13:21.147292,"REGISTERED NURSE - SIGN-ON BONUS!
Jul 7, 2025
Job Category: Operations Group
Requisition Number: REGIS003135
Schedule: Full Time
Job Location Type: On-site

Hathaway Manor


New Bedford, MA 02740, USA

































































+6 more
We are looking for a Registered Nurse (RN) to join our caring, compassionate team. Registered Nurses plan, monitor, and provide nursing care to the residents within the facility. The successful candidate will work within their...",ultipro
Integritus Healthcare_7329262304692151232,COOK-,Integritus Healthcare,"Lenox, MA",Lenox,MA,https://recruiting.ultipro.com/BER1002BHCS/JobBoard/ab6dd2ae-e2f4-4e5a-9d54-ba5e47b6291f/OpportunityDetail?opportunityId=6ca1efd1-a2be-4c95-9121-c04ce6949769,Integritus Healthcare,https://recruiting.ultipro.com/BER1002BHCS/JobBoard/ab6dd2ae-e2f4-4e5a-9d54-ba5e47b6291f/?q=&o=postedDateDesc,2025-07-11T15:13:21.390384,"COOK-
Jul 7, 2025
Job Category: Operations Group
Requisition Number: COOKP002989
Schedule: Full Time
Job Location Type: On-site

Kimball Farms Lifecare Retirement Community


Lenox, MA 01240, USA





Bring your skills to the table - Kimball Farms is Hiring a cook! Cooks provide assistance to the Food Service Director in planning, organizing, developing and directing the comprehensive operation of the dietary department. This position is responsible for training and supervising production and ki...",ultipro
Integritus Healthcare_7282662755652744081,DIET AIDE,Integritus Healthcare,"Holyoke, MA",Holyoke,MA,https://recruiting.ultipro.com/BER1002BHCS/JobBoard/ab6dd2ae-e2f4-4e5a-9d54-ba5e47b6291f/OpportunityDetail?opportunityId=d41ce444-1cf1-4c34-a315-dcda93c739bc,Integritus Healthcare,https://recruiting.ultipro.com/BER1002BHCS/JobBoard/ab6dd2ae-e2f4-4e5a-9d54-ba5e47b6291f/?q=&o=postedDateDesc,2025-07-11T15:13:21.613505,"DIET AIDE
Jul 7, 2025
Job Category: Operations Group
Requisition Number: DIETA003180
Schedule: Part Time
Job Location Type: On-site

Day Brook Nursing Center


Holyoke, MA 01040, USA





The Diet Aide provides assistance in all dietary functions as directed/instructed and in accordance with established dietary policies and procedures.",ultipro
Integritus Healthcare_6631261749556888230,DIETARY AIDE/DISHWASHER,Integritus Healthcare,"Pittsfield, MA",Pittsfield,MA,https://recruiting.ultipro.com/BER1002BHCS/JobBoard/ab6dd2ae-e2f4-4e5a-9d54-ba5e47b6291f/OpportunityDetail?opportunityId=52576010-8698-4309-bf1b-4f1762e115d1,Integritus Healthcare,https://recruiting.ultipro.com/BER1002BHCS/JobBoard/ab6dd2ae-e2f4-4e5a-9d54-ba5e47b6291f/?q=&o=postedDateDesc,2025-07-11T15:13:21.870608,"DIETARY AIDE/DISHWASHER
Jul 5, 2025
Job Category: Operations Group
Requisition Number: DIETA003179
Schedule: Part Time

Hillcrest Commons


Pittsfield, MA 01201, USA















+1 more
The Dietary Aide provides assistance in all dietary functions as directed/instructed and in accordance with established dietary policies and procedures.",ultipro
Integritus Healthcare_9038067969535441359,CERTIFIED NURSING ASST. CNA,Integritus Healthcare,"South Yarmouth, MA",South Yarmouth,MA,https://recruiting.ultipro.com/BER1002BHCS/JobBoard/ab6dd2ae-e2f4-4e5a-9d54-ba5e47b6291f/OpportunityDetail?opportunityId=f40daa24-10a7-4029-a3db-df0e84d977e4,Integritus Healthcare,https://recruiting.ultipro.com/BER1002BHCS/JobBoard/ab6dd2ae-e2f4-4e5a-9d54-ba5e47b6291f/?q=&o=postedDateDesc,2025-07-11T15:13:22.131649,"CERTIFIED NURSING ASST. CNA
Jul 3, 2025
Job Category: Operations Group
Requisition Number: CERTI003121
Schedule: Full Time
Job Location Type: On-site

Windsor Skilled Nursing


South Yarmouth, MA 02664, USA

































































+6 more
We are looking for a skilled CNA (Certified Nursing Assistant) to become part of our facility’s compassionate care-giving team. The CNA will interact directly with residents, providing comfort, and assisting with daily l...",ultipro
Integritus Healthcare_2942896557188354910,R N QUALITY IMPROVEMENT MANAGER,Integritus Healthcare,"Pittsfield, MA",Pittsfield,MA,https://recruiting.ultipro.com/BER1002BHCS/JobBoard/ab6dd2ae-e2f4-4e5a-9d54-ba5e47b6291f/OpportunityDetail?opportunityId=2b7f28ea-e7c4-4e9c-b0f1-cc3e6f4d5b95,Integritus Healthcare,https://recruiting.ultipro.com/BER1002BHCS/JobBoard/ab6dd2ae-e2f4-4e5a-9d54-ba5e47b6291f/?q=&o=postedDateDesc,2025-07-11T15:13:22.475961,"R N QUALITY IMPROVEMENT MANAGER
Jul 3, 2025
Job Category: Administration Group
Requisition Number: QUALI003177
Schedule: Full Time
Job Location Type: On-site

Integritus Healthcare, Inc


Pittsfield, MA 01201, USA



















































































































+11 more
The QIM ensures regulatory compliance by supporting the preparation and maintenance for survey and ensures appropriate clinical outcomes by monitoring clinical pe...",ultipro
Integritus Healthcare_8171415219995870694,STAFF EDUCATOR RN,Integritus Healthcare,"Danvers, MA",Danvers,MA,https://recruiting.ultipro.com/BER1002BHCS/JobBoard/ab6dd2ae-e2f4-4e5a-9d54-ba5e47b6291f/OpportunityDetail?opportunityId=7396d878-f35e-4876-b988-77bbe3c9ec9d,Integritus Healthcare,https://recruiting.ultipro.com/BER1002BHCS/JobBoard/ab6dd2ae-e2f4-4e5a-9d54-ba5e47b6291f/?q=&o=postedDateDesc,2025-07-11T15:13:22.699279,"STAFF EDUCATOR RN
Jul 2, 2025
Job Category: Operations Group
Requisition Number: STAFF003125
Schedule: Full Time
Job Location Type: On-site

Hunt Skilled Nursing


Danvers, MA 01923, USA

































































+6 more
This position is responsible for planning, organizing, directing, coordinating, documenting, and evaluating all educational programs, including on-the-job training for the Nursing Department. Plays a key role in the assimilation of all new ...",ultipro
Integritus Healthcare_5907082638615765707,DIRECTOR OF BILLING AND COLLECTIONS,Integritus Healthcare,"Pittsfield, MA",Pittsfield,MA,https://recruiting.ultipro.com/BER1002BHCS/JobBoard/ab6dd2ae-e2f4-4e5a-9d54-ba5e47b6291f/OpportunityDetail?opportunityId=753073d1-a7a4-45fb-9cb2-2111f3ce95e4,Integritus Healthcare,https://recruiting.ultipro.com/BER1002BHCS/JobBoard/ab6dd2ae-e2f4-4e5a-9d54-ba5e47b6291f/?q=&o=postedDateDesc,2025-07-11T15:13:22.941331,"DIRECTOR OF BILLING AND COLLECTIONS
Jul 2, 2025
Job Category: Administration Group
Requisition Number: DIREC003172
Schedule: Full Time
Job Location Type: On-site

Integritus Healthcare, Inc


Pittsfield, MA 01201, USA























































+5 more
The position is responsible for the development of and strategic and tactical implementation of an organziational wide strategy for payer reimbursement, both private (e.g. managed care contracts) and governmental (e.g. ...",ultipro
Integritus Healthcare_1277415448259923954,First Response Security- Maintenance- 3pm- 11pm,Integritus Healthcare,"Lenox, MA",Lenox,MA,https://recruiting.ultipro.com/BER1002BHCS/JobBoard/ab6dd2ae-e2f4-4e5a-9d54-ba5e47b6291f/OpportunityDetail?opportunityId=c23e751b-18aa-4fdc-a4b9-71c216d2e25f,Integritus Healthcare,https://recruiting.ultipro.com/BER1002BHCS/JobBoard/ab6dd2ae-e2f4-4e5a-9d54-ba5e47b6291f/?q=&o=postedDateDesc,2025-07-11T15:13:23.240891,"First Response Security- Maintenance- 3pm- 11pm
Jul 2, 2025
Job Category: Operations Group
Requisition Number: FIRST003158
Schedule: Full Time

Kimball Farms Lifecare Retirement Community


Lenox, MA 01240, USA





Security personnel’s primary function is to maintain the safety and security of all residents and employees of the facility. Security shall also be concerned with the care of property and equipment of the facility. Has knowledge of patient/resident Bill of Rights. All responsibilitie...",ultipro
Integritus Healthcare_8594444009231564909,ACTIVITIES AIDE- Part Time,Integritus Healthcare,"Lenox, MA",Lenox,MA,https://recruiting.ultipro.com/BER1002BHCS/JobBoard/ab6dd2ae-e2f4-4e5a-9d54-ba5e47b6291f/OpportunityDetail?opportunityId=b422c25f-d7e2-4334-95c1-b338ce9f5407,Integritus Healthcare,https://recruiting.ultipro.com/BER1002BHCS/JobBoard/ab6dd2ae-e2f4-4e5a-9d54-ba5e47b6291f/?q=&o=postedDateDesc,2025-07-11T15:13:23.487880,"ACTIVITIES AIDE- Part Time
Jul 1, 2025
Job Category: Administration Group
Requisition Number: ACTIV003175
Schedule: Part Time
Job Location Type: On-site

Kimball Farms Nursing Care Center


Lenox, MA 01240, USA





Great opportunity to get paid to have fun! Activities Aides help to encourage socialization, provide entertainment, lead groups and more! Training is provided. Activities Aides help to encourage socialization, provide entertainment, relaxation and fulfillment, and improve daily livin...",ultipro
Integritus Healthcare_6058100493587028695,UNIT MANAGER (RN/LPN),Integritus Healthcare,"Lenox, MA",Lenox,MA,https://recruiting.ultipro.com/BER1002BHCS/JobBoard/ab6dd2ae-e2f4-4e5a-9d54-ba5e47b6291f/OpportunityDetail?opportunityId=36342629-69ad-40a5-b0a2-f4893b486e3e,Integritus Healthcare,https://recruiting.ultipro.com/BER1002BHCS/JobBoard/ab6dd2ae-e2f4-4e5a-9d54-ba5e47b6291f/?q=&o=postedDateDesc,2025-07-11T15:13:23.748966,"UNIT MANAGER (RN/LPN)
Jul 1, 2025
Job Category: Operations Group
Requisition Number: UNITM003085
Schedule: Full Time
Job Location Type: On-site

Kimball Farms Nursing Care Center


Lenox, MA 01240, USA



































+3 more
We are seeking a compassionate, organized, and experienced Unit Manager (RN/ LPN) to join our leadership team. This role oversees the clinical operations of two 18-bed units, ensuring the delivery of high-quality, person-centered care in a safe and suppor...",ultipro
Integritus Healthcare_754935956504275819,CLINICAL REIMBURSEMENT COORDINATOR-RN,Integritus Healthcare,"Danvers, MA",Danvers,MA,https://recruiting.ultipro.com/BER1002BHCS/JobBoard/ab6dd2ae-e2f4-4e5a-9d54-ba5e47b6291f/OpportunityDetail?opportunityId=0534d059-5e9a-45bd-94d3-9a2327a2b197,Integritus Healthcare,https://recruiting.ultipro.com/BER1002BHCS/JobBoard/ab6dd2ae-e2f4-4e5a-9d54-ba5e47b6291f/?q=&o=postedDateDesc,2025-07-11T15:13:24.084916,"CLINICAL REIMBURSEMENT COORDINATOR-RN
Jun 30, 2025
Job Category: Administration Group
Requisition Number: CLINI003173
Schedule: Full Time
Job Location Type: On-site

Hunt Skilled Nursing


Danvers, MA 01923, USA





The primary purpose of this position is to manage all aspects of the MDS process including Medicare and long term care assessments, scheduling and completion. Works closely with clinical and administrative staff regarding Medicare admissions. Responsible for resident chart audits an...",ultipro
Integritus Healthcare_1421870305220123213,MEDICAL RECORDS COORDINATOR,Integritus Healthcare,"Pittsfield, MA",Pittsfield,MA,https://recruiting.ultipro.com/BER1002BHCS/JobBoard/ab6dd2ae-e2f4-4e5a-9d54-ba5e47b6291f/OpportunityDetail?opportunityId=08dd089a-9b66-4f28-8914-818b095cb4e3,Integritus Healthcare,https://recruiting.ultipro.com/BER1002BHCS/JobBoard/ab6dd2ae-e2f4-4e5a-9d54-ba5e47b6291f/?q=&o=postedDateDesc,2025-07-11T15:13:24.357509,"MEDICAL RECORDS COORDINATOR
Jun 30, 2025
Job Category: Operations Group
Requisition Number: MEDIC003163
Schedule: Full Time
Job Location Type: On-site

Mt. Greylock Extended Care Facility


Pittsfield, MA 01201, USA





Under the general supervision of the Administrator, and in compliance with all applicable organizational policies, standards and regulatory requirements, the individual is responsible for maintaining medical records to document history, treatments and orders, and to identify, co...",ultipro
Integritus Healthcare_8054378276048036818,Cook,Integritus Healthcare,"Pittsfield, MA",Pittsfield,MA,https://recruiting.ultipro.com/BER1002BHCS/JobBoard/ab6dd2ae-e2f4-4e5a-9d54-ba5e47b6291f/OpportunityDetail?opportunityId=3d7a8948-1ca0-4f65-aa0a-547a1a316db5,Integritus Healthcare,https://recruiting.ultipro.com/BER1002BHCS/JobBoard/ab6dd2ae-e2f4-4e5a-9d54-ba5e47b6291f/?q=&o=postedDateDesc,2025-07-11T15:13:24.946994,"Cook
Jun 27, 2025
Job Category: Operations Group
Requisition Number: COOK0003170
Schedule: Full Time
Job Location Type: On-site

Pittsfield. MA


Pittsfield, MA 01201, USA















+1 more
The primary function of this position is to assist the Food Service Director in planning, organizing, developing and directing the comprehensive operation of the dietary department. Following current local, state and federal guidelines and regulations, as well as established policies and procedures and a...",ultipro
Integritus Healthcare_4123471773191679166,DIET AIDE- Per Diem,Integritus Healthcare,"Lenox, MA",Lenox,MA,https://recruiting.ultipro.com/BER1002BHCS/JobBoard/ab6dd2ae-e2f4-4e5a-9d54-ba5e47b6291f/OpportunityDetail?opportunityId=b835f11b-2449-4286-af44-8437d4ec5e3e,Integritus Healthcare,https://recruiting.ultipro.com/BER1002BHCS/JobBoard/ab6dd2ae-e2f4-4e5a-9d54-ba5e47b6291f/?q=&o=postedDateDesc,2025-07-11T15:13:25.156864,"DIET AIDE- Per Diem
Jun 25, 2025
Job Category: Operations Group
Requisition Number: DIETA003168
Schedule: Part Time
Job Location Type: On-site

Kimball Farms Nursing Care Center


Lenox, MA 01240, USA





Summary: The Dietary Aide provides assistance in all dietary functions as directed/instructed and in accordance with established dietary policies and procedures.",ultipro
Integritus Healthcare_1732933864617615312,ACTIVITIES AIDE,Integritus Healthcare,"South Yarmouth, MA",South Yarmouth,MA,https://recruiting.ultipro.com/BER1002BHCS/JobBoard/ab6dd2ae-e2f4-4e5a-9d54-ba5e47b6291f/OpportunityDetail?opportunityId=7f150839-db19-407d-9127-657f938af958,Integritus Healthcare,https://recruiting.ultipro.com/BER1002BHCS/JobBoard/ab6dd2ae-e2f4-4e5a-9d54-ba5e47b6291f/?q=&o=postedDateDesc,2025-07-11T15:13:25.481072,"ACTIVITIES AIDE
Jun 25, 2025
Job Category: Operations Group
Requisition Number: ACTIV002850
Schedule: Part Time

Windsor Skilled Nursing


South Yarmouth, MA 02664, USA





Great opportunity to get paid to have fun! Activities Aides help to encourage socialization, provide entertainment, lead groups and more! Training is provided. Activities Aides help to encourage socialization, provide entertainment, relaxation and fulfillment, and improve daily living skills.",ultipro
Integritus Healthcare_5374783378649816072,LICENSED SOC WORKER,Integritus Healthcare,"New Bedford, MA",New Bedford,MA,https://recruiting.ultipro.com/BER1002BHCS/JobBoard/ab6dd2ae-e2f4-4e5a-9d54-ba5e47b6291f/OpportunityDetail?opportunityId=9c5d7993-0ef9-471c-9d37-9329c6074ab3,Integritus Healthcare,https://recruiting.ultipro.com/BER1002BHCS/JobBoard/ab6dd2ae-e2f4-4e5a-9d54-ba5e47b6291f/?q=&o=postedDateDesc,2025-07-11T15:13:25.702904,"LICENSED SOC WORKER
Jun 25, 2025
Job Category: Administration Group
Requisition Number: LICEN003167
Schedule: Full Time
Job Location Type: On-site

Hathaway Manor


New Bedford, MA 02740, USA





Come join this collaborative and innovated team. At Integritus Healthcare you will enjoy WEEKLY pay, generous time off, exceptional health insurance and the ability to grow in your career. Integritus Healthcare wants you! Do you want to be valued and have an opportunity to make a meaningful impact? If ...",ultipro
Integritus Healthcare_6021396094705816668,LICENSED SOCIAL WORKER,Integritus Healthcare,"Pittsfield, MA",Pittsfield,MA,https://recruiting.ultipro.com/BER1002BHCS/JobBoard/ab6dd2ae-e2f4-4e5a-9d54-ba5e47b6291f/OpportunityDetail?opportunityId=38d585c8-c1e6-4801-b608-dfa0f3edbe23,Integritus Healthcare,https://recruiting.ultipro.com/BER1002BHCS/JobBoard/ab6dd2ae-e2f4-4e5a-9d54-ba5e47b6291f/?q=&o=postedDateDesc,2025-07-11T15:13:26.104746,"LICENSED SOCIAL WORKER
Jun 25, 2025
Job Category: Operations Group
Requisition Number: LICEN003166
Schedule: Full Time

Hillcrest Commons


Pittsfield, MA 01201, USA





The purpose of this position is to provide initial psychosocial evaluations, ongoing psychosocial counseling, direct casework services, bereavement services and community education, outreach and referrals. Responsible for the delivery of varied social work services to hospice patients and families and actively participate as a ...",ultipro
Integritus Healthcare_8475724335201917686,LICENSED SOC WORKER,Integritus Healthcare,"Greenfield, MA",Greenfield,MA,https://recruiting.ultipro.com/BER1002BHCS/JobBoard/ab6dd2ae-e2f4-4e5a-9d54-ba5e47b6291f/OpportunityDetail?opportunityId=e53d7a6c-0334-4246-aa1d-4d4adaae7816,Integritus Healthcare,https://recruiting.ultipro.com/BER1002BHCS/JobBoard/ab6dd2ae-e2f4-4e5a-9d54-ba5e47b6291f/?q=&o=postedDateDesc,2025-07-11T15:13:26.402742,"LICENSED SOC WORKER
Jun 24, 2025
Job Category: Operations Group
Requisition Number: LICEN003155
Schedule: Full Time
Job Location Type: On-site

Charlene Manor


Greenfield, MA 01301, USA





Come join a new leadership team that is led by a strong, seasoned professional administrator and Director of Nursing. You could be part of a collaborative, energetic fun team that validates and supports each other through the good and the tough. If you want to be part of our team and you want to enjoy excel...",ultipro
Integritus Healthcare_3836428809426014073,WARD CLERK,Integritus Healthcare,"Greenfield, MA",Greenfield,MA,https://recruiting.ultipro.com/BER1002BHCS/JobBoard/ab6dd2ae-e2f4-4e5a-9d54-ba5e47b6291f/OpportunityDetail?opportunityId=a05f1a94-30e4-4def-a84a-414895b0e55a,Integritus Healthcare,https://recruiting.ultipro.com/BER1002BHCS/JobBoard/ab6dd2ae-e2f4-4e5a-9d54-ba5e47b6291f/?q=&o=postedDateDesc,2025-07-11T15:13:26.769423,"WARD CLERK
Jun 24, 2025
Job Category: Administration Group
Requisition Number: WARDC003165
Schedule: Full Time

Charlene Manor


Greenfield, MA 01301, USA





Do you enjoy working in a high paced, exciting work environment? Well, welcome the Charlene Manor's Rehab Unit! The primary purpose of this position is to maintain medical records in accordance with federal and state guidelines, and in accordance with our policies and procedures, to assure that a complete medical records program is mainta...",ultipro
