city,company,date_posted,description,job_type,job_url,location,salary,scraped_at,source_url,state,title,zip_code
,,,,,,,,2025-07-23T13:47:01.296Z,,CT,"There are many healthcare groups, but here you'll find family.",
,,,,,https://jobs.apploi.com/view/1118940,"Norwalk, Connecticut",,2025-07-23T13:47:01.296Z,,CT,Hospital Liaison,
,,,,,,"Norwalk, Connecticut",,2025-07-23T13:47:01.299Z,,CT,Autumn Lake Healthcare at Norwalk,
,,,,,https://jobs.apploi.com/view/1371771,"Norwalk, Connecticut",,2025-07-23T13:47:01.299Z,,CT,MDS Coordinator,
,,,,,https://jobs.apploi.com/view/1309606,"Norwalk, Connecticut",,2025-07-23T13:47:01.299Z,,CT,Infection Control Nurse,
,,,,,https://jobs.apploi.com/view/943331,"Norwalk, Connecticut",,2025-07-23T13:47:01.299Z,,CT,Weekend Nurse Supervisor,
,,,,,https://jobs.apploi.com/view/1235113,"Norwalk, Connecticut",,2025-07-23T13:47:01.299Z,,CT,RN Charge Nurse,
,,,,,https://jobs.apploi.com/view/1235107,"Norwalk, Connecticut",,2025-07-23T13:47:01.299Z,,CT,Certified Nursing Assistant (CNA),
,,,,,https://jobs.apploi.com/view/1235108,"Norwalk, Connecticut",,2025-07-23T13:47:01.299Z,,CT,Licensed Practical Nurse (LPN),
,,,,,https://jobs.apploi.com/view/1235110,"Norwalk, Connecticut",,2025-07-23T13:47:01.300Z,,CT,Registered Nurse (RN),
,,,,,https://jobs.apploi.com/view/890573,"New Britain, Connecticut",,2025-07-23T13:47:01.300Z,,CT,Maintenance Worker,
,,,,,,"New Britain, Connecticut",,2025-07-23T13:47:01.300Z,,CT,Autumn Lake Healthcare at New Britain,
,,,,,https://jobs.apploi.com/view/1073238,"New Britain, Connecticut",,2025-07-23T13:47:01.300Z,,CT,Dietary Supervisor,
,,,,,https://jobs.apploi.com/view/1073235,"New Britain, Connecticut",,2025-07-23T13:47:01.300Z,,CT,Recreation Aide,
,,,,,https://jobs.apploi.com/view/878672,"New Britain, Connecticut",,2025-07-23T13:47:01.300Z,,CT,TRD (Therapeutic Recreation Director),
,,,,,https://jobs.apploi.com/view/1235101,"New Britain, Connecticut",,2025-07-23T13:47:01.300Z,,CT,Registered Nurse (RN) Supervisor,
,,,,,https://jobs.apploi.com/view/1235117,"Baltimore, Maryland",,2025-07-23T13:47:01.300Z,,CT,Cook,
,,,,,,"Baltimore, Maryland",,2025-07-23T13:47:01.300Z,,CT,Autumn Lake Healthcare at Alice Manor,
,,,,,https://jobs.apploi.com/view/965342,"Baltimore, Maryland",,2025-07-23T13:47:01.300Z,,CT,Dietary Aide,
,,,,,https://jobs.apploi.com/view/965384,"Baltimore, Maryland",,2025-07-23T13:47:01.300Z,,CT,Maintenance Technician,
,,,,,https://jobs.apploi.com/view/965353,"Baltimore, Maryland",,2025-07-23T13:47:01.300Z,,CT,Geriatric Nurse Assistant (GNA),
,,,,,https://jobs.apploi.com/view/1235125,"Baltimore, Maryland",,2025-07-23T13:47:01.300Z,,CT,RN/LPN Nurse Weekend Program,
,,,,,https://jobs.apploi.com/view/965389,"Baltimore, Maryland",,2025-07-23T13:47:01.301Z,,CT,Nurse Supervisor,
,,,,,https://jobs.apploi.com/view/965417,"Baltimore, Maryland",,2025-07-23T13:47:01.303Z,,CT,Registered Nurse (RN) Weekend Supervisor,
,,,,,https://jobs.apploi.com/view/1332671,"Baltimore, Maryland",,2025-07-23T13:47:01.303Z,,CT,Geriatric Nurse Assistant (GNA) WEEKEND OPTION PROGRAM,
,,,,,https://jobs.apploi.com/view/1448363,"Beloit, Wisconsin",,2025-07-23T13:47:01.303Z,,CT,Unit Assistant,
,,,,,,"Beloit, Wisconsin",,2025-07-23T13:47:01.303Z,,CT,Autumn Lake Healthcare at Beloit,
,,,,,https://jobs.apploi.com/view/1452178,"Beloit, Wisconsin",,2025-07-23T13:47:01.303Z,,CT,Shower Certified Nursing Assistant (CNA),
,,,,,https://jobs.apploi.com/view/1235295,"Beloit, Wisconsin",,2025-07-23T13:47:01.303Z,,CT,Dietary Aide 6:30am-2:30pm,
,,,,,https://jobs.apploi.com/view/888815,"Beloit, Wisconsin",,2025-07-23T13:47:01.303Z,,CT,Housekeeping/Laundry Aide,
,,,,,https://jobs.apploi.com/view/1555945,"Beloit, Wisconsin",,2025-07-23T13:47:01.303Z,,CT,Nurse Unit Manager,
,,,,,https://jobs.apploi.com/view/1544812,"Beloit, Wisconsin",,2025-07-23T13:47:01.303Z,,CT,Administrative Clinical Nurse,
,,,,,https://jobs.apploi.com/view/888985,"Beloit, Wisconsin",,2025-07-23T13:47:01.304Z,,CT,HUC Health Unit Coordinator,
,,,,,https://jobs.apploi.com/view/1552274,"Berkeley Heights, New Jersey",,2025-07-23T13:47:01.304Z,,CT,Dietary Cook,
,,,,,,"Berkeley Heights, New Jersey",,2025-07-23T13:47:01.304Z,,CT,Autumn Lake Healthcare at Berkeley Heights,
,,,,,https://jobs.apploi.com/view/1519105,"Berkeley Heights, New Jersey",,2025-07-23T13:47:01.304Z,,CT,Dietitian,
,,,,,https://jobs.apploi.com/view/839046,"Baltimore, Maryland",,2025-07-23T13:47:01.305Z,,CT,Activities Aide,
,,,,,,"Baltimore, Maryland",,2025-07-23T13:47:01.307Z,,CT,Autumn Lake Healthcare at Bridgepark,
,,,,,https://jobs.apploi.com/view/1235141,"Baltimore, Maryland",,2025-07-23T13:47:01.307Z,,CT,Respiratory Therapist,
,,,,,https://jobs.apploi.com/view/889594,"Waterbury, Connecticut",,2025-07-23T13:47:01.307Z,,CT,Baylor RN Supervisor,
,,,,,,"Waterbury, Connecticut",,2025-07-23T13:47:01.307Z,,CT,Autumn Lake Healthcare at Bucks Hill,
,,,,,https://jobs.apploi.com/view/977064,"Cromwell, Connecticut",,2025-07-23T13:47:01.307Z,,CT,Medical Records,
,,,,,,"Cromwell, Connecticut",,2025-07-23T13:47:01.307Z,,CT,Autumn Lake Healthcare at Cromwell,
,,,,,https://jobs.apploi.com/view/1135419,"Cromwell, Connecticut",,2025-07-23T13:47:01.307Z,,CT,RN Staff Development,
,,,,,https://jobs.apploi.com/view/1321765,"Cromwell, Connecticut",,2025-07-23T13:47:01.308Z,,CT,TRD Assistant,
,,,,,https://jobs.apploi.com/view/892224,"Milwaukee, Wisconsin",,2025-07-23T13:47:01.308Z,,CT,Maintenance Coordinator,
,,,,,,"Milwaukee, Wisconsin",,2025-07-23T13:47:01.308Z,,CT,Autumn Lake Healthcare at Greenfield,
,,,,,https://jobs.apploi.com/view/1008879,"Milwaukee, Wisconsin",,2025-07-23T13:47:01.308Z,,CT,Med Tech,
,,,,,https://jobs.apploi.com/view/892198,"Milwaukee, Wisconsin",,2025-07-23T13:47:01.308Z,,CT,Activities Director,
,,,,,https://jobs.apploi.com/view/1104544,"Milwaukee, Wisconsin",,2025-07-23T13:47:01.308Z,,CT,Painter/Handyman,
,,,,,https://jobs.apploi.com/view/1201833,"Silver Spring, Maryland",,2025-07-23T13:47:01.309Z,,CT,Registered Dietician,
,,,,,,"Silver Spring, Maryland",,2025-07-23T13:47:01.309Z,,CT,Autumn Lake Healthcare at Oakview,
,,,,,https://jobs.apploi.com/view/1235178,"Silver Spring, Maryland",,2025-07-23T13:47:01.309Z,,CT,Admissions Director,
,,,,,https://jobs.apploi.com/view/1235176,"Silver Spring, Maryland",,2025-07-23T13:47:01.313Z,,CT,Licensed Practical (LPN),
,,,,,https://jobs.apploi.com/view/1203288,"Silver Spring, Maryland",,2025-07-23T13:47:01.313Z,,CT,Weekend Nurse LPN,
,,,,,https://jobs.apploi.com/view/1203285,"Silver Spring, Maryland",,2025-07-23T13:47:01.313Z,,CT,Weekend Geriatric Nurse Assistant (GNA),
,,,,,https://jobs.apploi.com/view/1235248,"Dennis, New Jersey",,2025-07-23T13:47:01.313Z,,CT,Licensed Practical Nurse (LPN) 7-3,
,,,,,,"Dennis, New Jersey",,2025-07-23T13:47:01.313Z,,CT,Autumn Lake Healthcare at Oceanview,
,,,,,https://jobs.apploi.com/view/1235250,"Dennis, New Jersey",,2025-07-23T13:47:01.313Z,,CT,Activity Aide,
,,,,,https://jobs.apploi.com/view/984716,"Dennis, New Jersey",,2025-07-23T13:47:01.313Z,,CT,Certified Med Tech,
,,,,,https://jobs.apploi.com/view/895173,"Dennis, New Jersey",,2025-07-23T13:47:01.313Z,,CT,Housekeeping Porter,
,,,,,https://jobs.apploi.com/view/1235252,"Dennis, New Jersey",,2025-07-23T13:47:01.314Z,,CT,Certified Medicine Aide,
,,,,,https://jobs.apploi.com/view/1235253,"Dennis, New Jersey",,2025-07-23T13:47:01.314Z,,CT,Certified Home Health Aide (CHHA),
,,,,,,"Pikesville, Maryland",,2025-07-23T13:47:01.314Z,,CT,Autumn Lake Healthcare at Pikesville,
,,,,,https://jobs.apploi.com/view/1235188,"Pikesville, Maryland",,2025-07-23T13:47:01.314Z,,CT,Geriatric Nursing Assistant (GNA),
,,,,,https://jobs.apploi.com/view/938699,"Baltimore, Maryland",,2025-07-23T13:47:01.314Z,,CT,Social Worker,
,,,,,,"Baltimore, Maryland",,2025-07-23T13:47:01.314Z,,CT,Autumn Lake Healthcare at Arlington West,
,,,,,https://jobs.apploi.com/view/938697,"Baltimore, Maryland",,2025-07-23T13:47:01.314Z,,CT,Unit Manager,
,,,,,,"9001 Cherry Lane, Laurel MD 20708",,2025-07-23T13:47:01.314Z,,CT,Autumn Lake Healthcare at Cherry Lane,
,,,,,https://autumnlakecherrylane.com/career/#basicBlock,Work Location: In person,,2025-07-23T13:47:01.314Z,,CT,Job Summary,
,,,,,https://autumnlakecherrylane.com/career/#basicBlock,"Laurel, MD",,2025-07-23T13:47:01.315Z,,CT,RN Supervisor,
,,,,,https://autumnlakecherrylane.com/career/#basicBlock,,,2025-07-23T13:47:01.318Z,,CT,,
,,,,,https://autumnlakecherrylane.com/career/#basicBlock,"Laurel, MD",,2025-07-23T13:47:01.318Z,,CT,"Laurel, MD",
,,,,,https://autumnlakecherrylane.com/career/#basicBlock,,,2025-07-23T13:47:01.319Z,,CT,GNAs.,
,,,,,,"Essex, Maryland",,2025-07-23T13:47:01.319Z,,CT,Autumn Lake Healthcare at Riverview,
,,,,,,"Baltimore, Maryland",,2025-07-23T13:47:01.319Z,,CT,Autumn Lake Healthcare Post-Acute Care Center,
,,,,,,"Beloit, Wisconsin",,2025-07-23T13:47:01.319Z,,CT,The Suites at Beloit Assisted Living,
,,,,,https://jobs.apploi.com/view/1235337,"Beloit, Wisconsin",,2025-07-23T13:47:01.319Z,,CT,Certified Medicine Aide (CMA),
,,,,,https://jobs.apploi.com/view/1235341,"Beloit, Wisconsin",,2025-07-23T13:47:01.319Z,,CT,Caregiver,
,,,,,https://jobs.apploi.com/view/889652,"Frederick, Maryland",,2025-07-23T13:47:01.319Z,,CT,Director of social services,
,,,,,,"Frederick, Maryland",,2025-07-23T13:47:01.322Z,,CT,Autumn Lake Healthcare at Ballenger Creek,
,,,,,https://jobs.apploi.com/view/889643,"Frederick, Maryland",,2025-07-23T13:47:01.322Z,,CT,RN Unit Manager,
,,,,,https://jobs.apploi.com/view/1203732,"Frederick, Maryland",,2025-07-23T13:47:01.322Z,,CT,"CNA / GNA Class, Free classes, No Experience Needed",
,,,,,https://jobs.apploi.com/view/1235133,"Frederick, Maryland",,2025-07-23T13:47:01.322Z,,CT,"Geriatric Nurse Assistant (GNA) $2,000 Sign On Bonus",
,,,,,https://jobs.apploi.com/view/1235132,"Frederick, Maryland",,2025-07-23T13:47:01.322Z,,CT,"Registered Nurse (RN)$3,000 Sign On Bonus",
,,,,,,"Clinton, Maryland",,2025-07-23T13:47:01.322Z,,CT,Autumn Lake Healthcare at Bradford Oaks,
,,,,,https://jobs.apploi.com/view/892792,"Clinton, Maryland",,2025-07-23T13:47:01.322Z,,CT,RN Nurse Supervisor,
,,,,,https://jobs.apploi.com/view/1461712,"Clinton, Maryland",,2025-07-23T13:47:01.322Z,,CT,RN Wound Nurse,
,,,,,,"Catonsville, Maryland",,2025-07-23T13:47:01.325Z,,CT,Autumn Lake Healthcare at Catonsville,
,,,,,https://jobs.apploi.com/view/1088457,"Catonsville, Maryland",,2025-07-23T13:47:01.325Z,,CT,Weekend Receptionist,
,,,,,,"Cambridge, Maryland",,2025-07-23T13:47:01.325Z,,CT,Autumn Lake Healthcare at Chesapeake Woods,
,,,,,https://jobs.apploi.com/view/965517,"Cambridge, Maryland",,2025-07-23T13:47:01.326Z,,CT,Nurse Supervisor- Evenings/Weekends,
,,,,,https://jobs.apploi.com/view/1371367,"Cambridge, Maryland",,2025-07-23T13:47:01.326Z,,CT,Registered Nurse (RN)/Licensed Practical Nurse (LPN)-Evening/Night/Weekends,
,,,,,https://jobs.apploi.com/view/1496363,"Walkersville, Maryland",,2025-07-23T13:47:01.326Z,,CT,Guest Service Coordinator,
,,,,,,"Walkersville, Maryland",,2025-07-23T13:47:01.326Z,,CT,Autumn Lake Healthcare at Glade Valley,
,,,,,https://jobs.apploi.com/view/1502189,"Walkersville, Maryland",,2025-07-23T13:47:01.326Z,,CT,Hospitality Aide,
,,,,,https://jobs.apploi.com/view/1535617,"Walkersville, Maryland",,2025-07-23T13:47:01.326Z,,CT,Evening Supervisor,
,,,,,https://jobs.apploi.com/view/1535611,"Walkersville, Maryland",,2025-07-23T13:47:01.326Z,,CT,RN Weekend Evening Supervisor,
,,,,,,"Baltimore, Maryland",,2025-07-23T13:47:01.326Z,,CT,Autumn Lake Healthcare at Parkville,
,,,,,https://jobs.apploi.com/view/891705,"Baltimore, Maryland",,2025-07-23T13:47:01.326Z,,CT,Assistant Social Worker,
,,,,,,"Baltimore, Maryland",,2025-07-23T13:47:01.331Z,,CT,Autumn Lake Healthcare at Homewood,
,,,,,,"Parkville, Maryland",,2025-07-23T13:47:01.331Z,,CT,Autumn Lake Healthcare at Loch Raven,
,,,,,,"Baltimore, Maryland",,2025-07-23T13:47:01.332Z,,CT,Autumn Lake Healthcare at Long Green,
,,,,,,"Parkville, Maryland",,2025-07-23T13:47:01.332Z,,CT,Autumn Lake Healthcare at Perring Parkway,
,,,,,https://jobs.apploi.com/view/892505,"Annapolis, Maryland",,2025-07-23T13:47:01.332Z,,CT,Maintenance Assistant,
,,,,,,"Annapolis, Maryland",,2025-07-23T13:47:01.332Z,,CT,Autumn Lake Healthcare at Spa Creek,
,,,,,https://jobs.apploi.com/view/1235214,"Gambrills, Maryland",,2025-07-23T13:47:01.334Z,,CT,RN Weekend Supervisor,
,,,,,,"Gambrills, Maryland",,2025-07-23T13:47:01.334Z,,CT,Autumn Lake Healthcare at Waugh Chapel,
,,,,,https://jobs.apploi.com/view/1128004,"Gambrills, Maryland",,2025-07-23T13:47:01.334Z,,CT,Director of Maintenance,
,,,,,https://jobs.apploi.com/view/943113,"Elkins, West Virginia",,2025-07-23T13:47:01.334Z,,CT,Maintenance,
,,,,,,"Elkins, West Virginia",,2025-07-23T13:47:01.334Z,,CT,Autumn Lake Healthcare at Crystal Springs,
,,,,,https://jobs.apploi.com/view/1001781,"Elkins, West Virginia",,2025-07-23T13:47:01.334Z,,CT,Activities Assistant,
,,,,,https://jobs.apploi.com/view/1452930,"Elkins, West Virginia",,2025-07-23T13:47:01.335Z,,CT,Nurse Aide (CNA) Entry Level,
,,,,,https://jobs.apploi.com/view/943087,"Elkins, West Virginia",,2025-07-23T13:47:01.335Z,,CT,Housekeeper,
,,,,,https://jobs.apploi.com/view/837447,"Elkins, West Virginia",,2025-07-23T13:47:01.337Z,,CT,Dietary Aides,
,,,,,,"Elkins, West Virginia",,2025-07-23T13:47:01.337Z,,CT,Nella's at Autumn Lake Healthcare,
,,,,,https://jobs.apploi.com/view/1235314,"Elkins, West Virginia",,2025-07-23T13:47:01.337Z,,CT,Certified Nursing Assistant (CNA) SIGN ON BONUS!,
,,,,,https://jobs.apploi.com/view/1235312,"Elkins, West Virginia",,2025-07-23T13:47:01.337Z,,CT,Registered Nurse (RN) NEW RATES!,
,,,,,,"Crofton, Maryland",,2025-07-23T13:47:01.337Z,,CT,Autumn Lake Healthcare at Crofton,
,,,,,https://jobs.apploi.com/view/893336,"Crofton, Maryland",,2025-07-23T13:47:01.337Z,,CT,Dietary Aide (PT),
,,,,,https://jobs.apploi.com/view/839243,"Crofton, Maryland",,2025-07-23T13:47:01.337Z,,CT,LPN Licensed Practical Nurse 3-11 Shift,
,,,,,https://jobs.apploi.com/view/839239,"Crofton, Maryland",,2025-07-23T13:47:01.338Z,,CT,GNA Geriatric Nursing Assistant 3-11 Shift,
,,,,,,"Silver Spring, Maryland",,2025-07-23T13:47:01.338Z,,CT,Autumn Lake Healthcare at Arcola,
,,,,,https://jobs.apploi.com/view/1405845,"Kemp Mill, Maryland",,2025-07-23T13:47:01.338Z,,CT,"Certified Nursing Assistant (CNA)/GNA, Free Classes, No Experience Needed",
,,,,,https://jobs.apploi.com/view/1533424,"Glen Burnie, Maryland",,2025-07-23T13:47:01.338Z,,CT,Director of Nursing (DON),
,,,,,,"Glen Burnie, Maryland",,2025-07-23T13:47:01.338Z,,CT,Autumn Lake Healthcare at Glen Burnie,
,,,,,https://jobs.apploi.com/view/889961,"Glen Burnie, Maryland",,2025-07-23T13:47:01.338Z,,CT,Unit Secretary,
,,,,,https://jobs.apploi.com/view/888062,"Glen Burnie, Maryland",,2025-07-23T13:47:01.338Z,,CT,Unit Manager/ADON,
,,,,,https://jobs.apploi.com/view/1441528,"Glen Burnie, Maryland",,2025-07-23T13:47:01.338Z,,CT,Wound Nurse,
,,,,,https://jobs.apploi.com/view/941284,"Glen Burnie, Maryland",,2025-07-23T13:47:01.339Z,,CT,Activity Director,
,,,,,https://jobs.apploi.com/view/1191982,"Glen Burnie, Maryland",,2025-07-23T13:47:01.339Z,,CT,Assistant Director of Nursing (ADON),
,,,,,https://jobs.apploi.com/view/889940,"Glen Burnie, Maryland",,2025-07-23T13:47:01.339Z,,CT,LPN / RN Nurse Supervisor,
,,,,,,"Glen Burnie, Maryland",,2025-07-23T13:47:01.339Z,,CT,Autumn Lake Healthcare at Baltimore Washington,
,,,,,,"Baltimore, Maryland",,2025-07-23T13:47:01.339Z,,CT,Autumn Lake Healthcare at Overlea,
,,,,,https://jobs.apploi.com/view/1359245,"Laurel, Maryland",,2025-07-23T13:47:01.339Z,,CT,Human Resources Director (HR),
,,,,,,"Laurel, Maryland",,2025-07-23T13:47:01.340Z,,CT,Autumn Lake Healthcare at Patuxent River,
,,,,,https://jobs.apploi.com/view/892728,"Laurel, Maryland",,2025-07-23T13:47:01.342Z,,CT,LPN Unit Manager,
,,,,,https://jobs.apploi.com/view/1465813,"Laurel, Maryland",,2025-07-23T13:47:01.342Z,,CT,Nurse Staff Educator,
,,,,,,"Catonsville, Maryland",,2025-07-23T13:47:01.342Z,,CT,Autumn Lake Healthcare at Summit Park,
,,,,,https://jobs.apploi.com/view/1235245,"Catonsville, Maryland",,2025-07-23T13:47:01.342Z,,CT,Weekend Nurse,
,,,,,,"Manchester, Maryland",,2025-07-23T13:47:01.342Z,,CT,Autumn Lake Healthcare at Long View,
,,,,,https://jobs.apploi.com/view/1235315,"Manchester, Maryland",,2025-07-23T13:47:01.343Z,,CT,Geriatric Nurse Assistant (GNA) New Rates!,
,,,,,https://jobs.apploi.com/view/1235316,"Manchester, Maryland",,2025-07-23T13:47:01.343Z,,CT,Licensed Practical Nurse (LPN) New Rates!,
,,,,,,"Burtonsville, Maryland",,2025-07-23T13:47:01.343Z,,CT,Autumn Lake Healthcare at Oak Manor,
,,,,,https://jobs.apploi.com/view/914498,"Burtonsville, Maryland",,2025-07-23T13:47:01.343Z,,CT,Licensed Social Worker,
,,,,,https://jobs.apploi.com/view/1235323,"Burtonsville, Maryland",,2025-07-23T13:47:01.343Z,,CT,RN/LPN,
,,,,,https://jobs.apploi.com/view/854740,"Rising Sun, Maryland",,2025-07-23T13:47:01.343Z,,CT,RN Supervisor 11-7 Shift,
,,,,,,"Rising Sun, Maryland",,2025-07-23T13:47:01.343Z,,CT,Autumn Lake Healthcare at Calvert Manor,
,,,,,,"Sykesville, Maryland",,2025-07-23T13:47:01.343Z,,CT,Autumn Lake Healthcare at Birch Manor,
,,,,,https://jobs.apploi.com/view/1557799,"Sykesville, Maryland",,2025-07-23T13:47:01.344Z,,CT,Healthcare Hiring Event,
,,,,,,"Frederick, Maryland",,2025-07-23T13:47:01.346Z,,CT,Autumn Lake Healthcare at Braddock Heights,
,,,,,https://jobs.apploi.com/view/978374,"Frederick, Maryland",,2025-07-23T13:47:01.346Z,,CT,Housekeeping / Laundry Aide,
,,,,,https://jobs.apploi.com/view/1235363,"Voorhees Township, New Jersey",,2025-07-23T13:47:01.346Z,,CT,Housekeeper / Floor technician,
,,,,,,"Voorhees Township, New Jersey",,2025-07-23T13:47:01.346Z,,CT,Autumn Lake Healthcare at Voorhees / ProMedica West,
,,,,,,"Voorhees Township, New Jersey",,2025-07-23T13:47:01.346Z,,CT,The Subacute at Autumn Lake Healthcare / ProMedica East,
,,,,,https://jobs.apploi.com/view/994494,"Voorhees Township, New Jersey",,2025-07-23T13:47:01.346Z,,CT,Receptionist,
,,,,,https://jobs.apploi.com/view/994509,"Voorhees Township, New Jersey",,2025-07-23T13:47:01.347Z,,CT,Overnight Weekend Nurse Supervisor 7P-7A,
,,,,,https://jobs.apploi.com/view/1526334,"Voorhees Township, New Jersey",,2025-07-23T13:47:01.347Z,,CT,"Certified Nursing Assistant (CNA) $2,500 Sign On Bonus!!",
,,,,,https://jobs.apploi.com/view/994467,"Voorhees Township, New Jersey",,2025-07-23T13:47:01.347Z,,CT,Kitchen Supervisor/Cook,
,,,,,https://jobs.apploi.com/view/1331747,"Voorhees Township, New Jersey",,2025-07-23T13:47:01.347Z,,CT,Physical Therpist,
,,,,,https://jobs.apploi.com/view/1325996,"Voorhees Township, New Jersey",,2025-07-23T13:47:01.347Z,,CT,RN Cart Nurse,
,,,,,,"Carneys Point Township, New Jersey",,2025-07-23T13:47:01.347Z,,CT,Autumn Lake Healthcare at Memorial Bridge,
,,,,,https://jobs.apploi.com/view/1537925,"Carneys Point, New Jersey",,2025-07-23T13:47:01.347Z,,CT,Interim Unit Manager,
,,,,,https://jobs.apploi.com/view/960866,"Carneys Point Township, New Jersey",,2025-07-23T13:47:01.347Z,,CT,Weekend Housekeeper,
,,,,,https://jobs.apploi.com/view/1335461,"Carneys Point Township, New Jersey",,2025-07-23T13:47:01.348Z,,CT,Certified Nursing Assistant  Instructor (RN),
,,,,,,"Salem, New Jersey",,2025-07-23T13:47:01.350Z,,CT,Autumn Lake Healthcare at Salem County,
,,,,,https://jobs.apploi.com/view/1235265,"Salem, New Jersey",,2025-07-23T13:47:01.350Z,,CT,"Certified Nursing Assistant (CNA) $2,500 SIGN ON BONUS",
,,,,,,"Carneys Point Township, New Jersey",,2025-07-23T13:47:01.350Z,,CT,Autumn Lake Healthcare at Southgate,
,,,,,https://jobs.apploi.com/view/1002237,"Carneys Point Township, New Jersey",,2025-07-23T13:47:01.350Z,,CT,Licensed Practical Nurse (LPN)/Registered Nurse (RN),
,,,,,https://jobs.apploi.com/view/1335428,"Carneys Point Township, New Jersey",,2025-07-23T13:47:01.350Z,,CT,Certified Nursing Assistant (CNA) Instructor,
,,,,,https://jobs.apploi.com/view/1124467,"Vineland, New Jersey",,2025-07-23T13:47:01.350Z,,CT,Restorative Aide,
,,,,,,"Vineland, New Jersey",,2025-07-23T13:47:01.351Z,,CT,Autumn Lake Healthcare at Vineland,
,,,,,,"Old Bridge, New Jersey",,2025-07-23T13:47:01.351Z,,CT,Autumn Lake Healthcare at Old Bridge,
,,,,,https://jobs.apploi.com/view/892290,"Old Bridge, New Jersey",,2025-07-23T13:47:01.351Z,,CT,Porter,
,,,,,https://jobs.apploi.com/view/892316,"Old Bridge, New Jersey",,2025-07-23T13:47:01.351Z,,CT,Maintenance Director,
,,,,,https://jobs.apploi.com/view/892312,"Old Bridge, New Jersey",,2025-07-23T13:47:01.351Z,,CT,Evening Nurse Supervisor,
,,,,,,"Chevy Chase, Maryland",,2025-07-23T13:47:01.352Z,,CT,Autumn Lake Healthcare at Chevy Chase,
,,,,,https://jobs.apploi.com/view/1442075,"Towson, Maryland",,2025-07-23T13:47:01.354Z,,CT,Social Services Assistant,
,,,,,,"Towson, Maryland",,2025-07-23T13:47:01.354Z,,CT,Autumn Lake Healthcare at Ruxton,
,,,,,https://jobs.apploi.com/view/1321307,"Silver Spring, Maryland",,2025-07-23T13:47:01.354Z,,CT,Registered Dietitian,
,,,,,,"Silver Spring, Maryland",,2025-07-23T13:47:01.354Z,,CT,Autumn Lake Healthcare at  Silver Spring,
,,,,,,"Timonium, Maryland",,2025-07-23T13:47:01.355Z,,CT,Advanced Rehab at Autumn Lake Healthcare,
,,,,,,"West Hartford, Connecticut",,2025-07-23T13:47:01.355Z,,CT,Autumn Lake Healthcare at West Hartford,
,,,,,https://jobs.apploi.com/view/1479479,"Woodbridge, Connecticut",,2025-07-23T13:47:01.355Z,,CT,RN Weekend Baylor,
,,,,,,"Woodbridge, Connecticut",,2025-07-23T13:47:01.355Z,,CT,Autumn Lake Healthcare at The Willows,
,,,,,,"Madison, Connecticut",,2025-07-23T13:47:01.355Z,,CT,Autumn Lake Healthcare at Madison,
,,,,,,"Cherry Hill, New Jersey",,2025-07-23T13:47:01.358Z,,CT,Autumn Lake Healthcare at Cherry Hill,
,,,,,,"Danbury, Connecticut",,2025-07-23T13:47:01.358Z,,CT,Autumn Lake Healthcare at Glen Hill,
,,,,,https://jobs.apploi.com/view/1532477,"Danbury, Connecticut",,2025-07-23T13:47:01.358Z,,CT,Evening Shift RN Supervisor,
,,,,,https://jobs.apploi.com/view/1534064,"Danbury, Connecticut",,2025-07-23T13:47:01.358Z,,CT,"Hiring- RN, LPN, CNA, Cook, Dietary Aides",
,,,,,https://jobs.apploi.com/view/1320667,"Danbury, Connecticut",,2025-07-23T13:47:01.358Z,,CT,Weekend RN Supervisor,
,,,,,,"Danbury, Connecticut",,2025-07-23T13:47:01.359Z,,CT,The Residence at Glen Hill,
,,,,,https://jobs.apploi.com/view/1320821,"Danbury, Connecticut",,2025-07-23T13:47:01.359Z,,CT,Server,
,,,,,,"Scotch Plains, New Jersey",,2025-07-23T13:47:01.359Z,,CT,Autumn Lake Healthcare at Scotch Plains,
,,,,,https://jobs.apploi.com/view/1466673,"Scotch Plains, New Jersey",,2025-07-23T13:47:01.359Z,,CT,"Certified Nursing Assistant (CNA) $1,200 Sign On Bonus!",
,,,,,https://jobs.apploi.com/view/1539229,"Union, New Jersey",,2025-07-23T13:47:01.360Z,,CT,Physical Therapist (PT),
,,,,,,"Union, New Jersey",,2025-07-23T13:47:01.360Z,,CT,Cornell Care & Rehabilitation Center managed by Autumn Lake Healthcare at Union,
,,,,,https://jobs.apploi.com/view/1539224,"Union, New Jersey",,2025-07-23T13:47:01.360Z,,CT,Director of Rehab,
,,,,,https://jobs.apploi.com/view/1539232,"Union, New Jersey",,2025-07-23T13:47:01.364Z,,CT,Occupational Therapist (OT),
,,,,,https://jobs.apploi.com/view/1539260,"Union, New Jersey",,2025-07-23T13:47:01.364Z,,CT,Speech-Language Pathologist (SLP),
,,,,,https://jobs.apploi.com/view/1498719,"Union, New Jersey",,2025-07-23T13:47:01.364Z,,CT,RN Night Supervisor,
,,,,,https://jobs.apploi.com/view/1498708,"Union, New Jersey",,2025-07-23T13:47:01.364Z,,CT,RN Evening Supervisor,
,,,,,https://jobs.apploi.com/view/942543?utm_campaign=jobs_snippet&utm_source=Atlas_Healthcare-career-page&utm_medium=client-web-site&utm_term=apploi-snippet&_=1753278510.2707856,,,2025-07-23T13:49:38.149Z,,CT,Occupational Therapist,
,,,,,https://jobs.apploi.com/view/1566914?utm_campaign=jobs_snippet&utm_source=Atlas_Healthcare-career-page&utm_medium=client-web-site&utm_term=apploi-snippet&_=1753278510.270883,,,2025-07-23T13:49:38.149Z,,CT,"Social Worker, Temporary position",
,,,,,https://jobs.apploi.com/view/1566913?utm_campaign=jobs_snippet&utm_source=Atlas_Healthcare-career-page&utm_medium=client-web-site&utm_term=apploi-snippet&_=1753278510.2709906,,,2025-07-23T13:49:38.149Z,,CT,Concierge,
,,,,,https://jobs.apploi.com/view/1539873?utm_campaign=jobs_snippet&utm_source=Atlas_Healthcare-career-page&utm_medium=client-web-site&utm_term=apploi-snippet&_=1753278510.2710805,,,2025-07-23T13:49:38.149Z,,CT,Receptionist Evenings 4 to 8 and every other weekend 9 to 5,
,,,,,https://jobs.apploi.com/view/1565148?utm_campaign=jobs_snippet&utm_source=Atlas_Healthcare-career-page&utm_medium=client-web-site&utm_term=apploi-snippet&_=1753278510.2711825,,,2025-07-23T13:49:38.149Z,,CT,"Staff Development, RN",
,,,,,https://jobs.apploi.com/view/1564971?utm_campaign=jobs_snippet&utm_source=Atlas_Healthcare-career-page&utm_medium=client-web-site&utm_term=apploi-snippet&_=1753278510.271466,,,2025-07-23T13:49:38.149Z,,CT,CNA daily pay sign on bonus,
,,,,,https://jobs.apploi.com/view/1411962?utm_campaign=jobs_snippet&utm_source=Atlas_Healthcare-career-page&utm_medium=client-web-site&utm_term=apploi-snippet&_=1753278510.271651,,,2025-07-23T13:49:38.149Z,,CT,"Certified Nursing Assistant, CNA, All shifts Per diem",
,,,,,https://jobs.apploi.com/view/1564747?utm_campaign=jobs_snippet&utm_source=Atlas_Healthcare-career-page&utm_medium=client-web-site&utm_term=apploi-snippet&_=1753278510.271745,,,2025-07-23T13:49:38.149Z,,CT,PM Cook,
,,,,,https://jobs.apploi.com/view/1476938?utm_campaign=jobs_snippet&utm_source=Atlas_Healthcare-career-page&utm_medium=client-web-site&utm_term=apploi-snippet&_=1753278510.2718308,,,2025-07-23T13:49:38.149Z,,CT,MDS Coordinator RN,
,,,,,https://jobs.apploi.com/view/1564315?utm_campaign=jobs_snippet&utm_source=Atlas_Healthcare-career-page&utm_medium=client-web-site&utm_term=apploi-snippet&_=1753278510.272067,,,2025-07-23T13:49:38.149Z,,CT,Dietary Aide (Dishwasher),
,,,,,https://jobs.apploi.com/view/1564277?utm_campaign=jobs_snippet&utm_source=Atlas_Healthcare-career-page&utm_medium=client-web-site&utm_term=apploi-snippet&_=1753278510.2721567,,,2025-07-23T13:49:38.149Z,,CT,Weekend Housekeeper Part Time,
,,,,,https://jobs.apploi.com/view/637813?utm_campaign=jobs_snippet&utm_source=Atlas_Healthcare-career-page&utm_medium=client-web-site&utm_term=apploi-snippet&_=1753278510.2723415,,,2025-07-23T13:49:38.149Z,,CT,Dietary Aide *weekends*,
,,,,,https://jobs.apploi.com/view/1563970?utm_campaign=jobs_snippet&utm_source=Atlas_Healthcare-career-page&utm_medium=client-web-site&utm_term=apploi-snippet&_=1753278510.2724378,,,2025-07-23T13:49:38.149Z,,CT,Care Coordinator (CCM),
,,,,,https://jobs.apploi.com/view/1476937?utm_campaign=jobs_snippet&utm_source=Atlas_Healthcare-career-page&utm_medium=client-web-site&utm_term=apploi-snippet&_=1753278510.2726114,,,2025-07-23T13:49:38.149Z,,CT,"Certified Nursing Assistant, CNA, SIGN ON BONUS",
,,,,,https://jobs.apploi.com/view/1462682?utm_campaign=jobs_snippet&utm_source=Atlas_Healthcare-career-page&utm_medium=client-web-site&utm_term=apploi-snippet&_=1753278510.2727883,,,2025-07-23T13:49:38.150Z,,CT,Part-Time Activities Aide. Please read description.,
,,,,,https://jobs.apploi.com/view/1562495?utm_campaign=jobs_snippet&utm_source=Atlas_Healthcare-career-page&utm_medium=client-web-site&utm_term=apploi-snippet&_=1753278510.272893,,,2025-07-23T13:49:38.150Z,,CT,Unit Clerk,
,,,,,https://jobs.apploi.com/view/1475982?utm_campaign=jobs_snippet&utm_source=Atlas_Healthcare-career-page&utm_medium=client-web-site&utm_term=apploi-snippet&_=1753278510.2729816,,,2025-07-23T13:49:38.150Z,,CT,CNA Full-Time & Part-Time 3pm-11pm Shift **Sign-On Bonus $3000**Free Employee Sponsored Insurance**Daily Pay**,
,,,,,https://jobs.apploi.com/view/1454351?utm_campaign=jobs_snippet&utm_source=Atlas_Healthcare-career-page&utm_medium=client-web-site&utm_term=apploi-snippet&_=1753278510.2730796,,,2025-07-23T13:49:38.150Z,,CT,RN / LPN Weekend Supervisor 8am-4pm **Sign-On Bonus**Daily Pay**,
,,,,,https://jobs.apploi.com/view/1562159?utm_campaign=jobs_snippet&utm_source=Atlas_Healthcare-career-page&utm_medium=client-web-site&utm_term=apploi-snippet&_=1753278510.2731793,,,2025-07-23T13:49:38.150Z,,CT,front desk receptionist in a skilled nursing facility,
,,,,,https://jobs.apploi.com/view/1477427?utm_campaign=jobs_snippet&utm_source=Atlas_Healthcare-career-page&utm_medium=client-web-site&utm_term=apploi-snippet&_=1753278510.2732694,,,2025-07-23T13:49:38.150Z,,CT,"Licensed Practical Nurse, LPN $7,500.00 sign on bonus 3pm-11pm",
,,,,,https://jobs.apploi.com/view/1525127?utm_campaign=jobs_snippet&utm_source=Atlas_Healthcare-career-page&utm_medium=client-web-site&utm_term=apploi-snippet&_=1753278510.273365,,,2025-07-23T13:49:38.150Z,,CT,"CNA , Certified Nurse Aide**Sign-On Bonus**Free Employee Sponsored Insurance**Daily Pay**",
,,,,,https://jobs.apploi.com/view/1096050?utm_campaign=jobs_snippet&utm_source=Atlas_Healthcare-career-page&utm_medium=client-web-site&utm_term=apploi-snippet&_=1753278510.2734582,,,2025-07-23T13:49:38.150Z,,CT,Dietary Aides Part-Time,
,,,,,https://jobs.apploi.com/view/1476936?utm_campaign=jobs_snippet&utm_source=Atlas_Healthcare-career-page&utm_medium=client-web-site&utm_term=apploi-snippet&_=1753278510.2735426,,,2025-07-23T13:49:38.150Z,,CT,"Registered Nurse, RN, SIGN ON BONUS",
,,,,,https://jobs.apploi.com/view/1476930?utm_campaign=jobs_snippet&utm_source=Atlas_Healthcare-career-page&utm_medium=client-web-site&utm_term=apploi-snippet&_=1753278510.273632,,,2025-07-23T13:49:38.150Z,,CT,"Licensed Practical Nurse, LPN, SIGN ON BONUS",
,,,,,https://jobs.apploi.com/view/1477259?utm_campaign=jobs_snippet&utm_source=Atlas_Healthcare-career-page&utm_medium=client-web-site&utm_term=apploi-snippet&_=1753278510.2737236,,,2025-07-23T13:49:38.150Z,,CT,"Registered Nurse, RN SIGN ON BONUS!",
,,,,,https://jobs.apploi.com/view/1554571?utm_campaign=jobs_snippet&utm_source=Atlas_Healthcare-career-page&utm_medium=client-web-site&utm_term=apploi-snippet&_=1753278510.273814,,,2025-07-23T13:49:38.150Z,,CT,Weekend House Manager-RN/LPN-SIGNON BONUS!,
,,,,,https://jobs.apploi.com/view/1477247?utm_campaign=jobs_snippet&utm_source=Atlas_Healthcare-career-page&utm_medium=client-web-site&utm_term=apploi-snippet&_=1753278510.274014,,,2025-07-23T13:49:38.150Z,,CT,Activity Assistant,
,,,,,https://jobs.apploi.com/view/1554576?utm_campaign=jobs_snippet&utm_source=Atlas_Healthcare-career-page&utm_medium=client-web-site&utm_term=apploi-snippet&_=1753278510.2742808,,,2025-07-23T13:49:38.150Z,,CT,"Assistant Director of Nursing, RN-SIGNON BONUS!",
,,,,,https://jobs.apploi.com/view/1560946?utm_campaign=jobs_snippet&utm_source=Atlas_Healthcare-career-page&utm_medium=client-web-site&utm_term=apploi-snippet&_=1753278510.2743714,,,2025-07-23T13:49:38.150Z,,CT,Dietary Supervisor Weekends,
,,,,,https://jobs.apploi.com/view/1560890?utm_campaign=jobs_snippet&utm_source=Atlas_Healthcare-career-page&utm_medium=client-web-site&utm_term=apploi-snippet&_=1753278510.2744908,,,2025-07-23T13:49:38.150Z,,CT,3-11 Nurse Supervisor,
,,,,,https://jobs.apploi.com/view/1560632?utm_campaign=jobs_snippet&utm_source=Atlas_Healthcare-career-page&utm_medium=client-web-site&utm_term=apploi-snippet&_=1753278510.2747514,,,2025-07-23T13:49:38.150Z,,CT,CNA 7-3.DAILY PAY!!!,
,,,,,https://jobs.apploi.com/view/1560409?utm_campaign=jobs_snippet&utm_source=Atlas_Healthcare-career-page&utm_medium=client-web-site&utm_term=apploi-snippet&_=1753278510.2749403,,,2025-07-23T13:49:38.150Z,,CT,Central Supply & Medical Records Coordinator,
,,,,,https://jobs.apploi.com/view/1540323?utm_campaign=jobs_snippet&utm_source=Atlas_Healthcare-career-page&utm_medium=client-web-site&utm_term=apploi-snippet&_=1753278510.275031,,,2025-07-23T13:49:38.150Z,,CT,Maintenance Assistant **$500 ** Sign on Bonus,
,,,,,https://jobs.apploi.com/view/1096061?utm_campaign=jobs_snippet&utm_source=Atlas_Healthcare-career-page&utm_medium=client-web-site&utm_term=apploi-snippet&_=1753278510.2751217,,,2025-07-23T13:49:38.150Z,,CT,Maintenance Part-Time. Please read description.,
,,,,,https://jobs.apploi.com/view/1560037?utm_campaign=jobs_snippet&utm_source=Atlas_Healthcare-career-page&utm_medium=client-web-site&utm_term=apploi-snippet&_=1753278510.275209,,,2025-07-23T13:49:38.150Z,,CT,Full Time Nursing Scheduler,
,,,,,https://jobs.apploi.com/view/1134275?utm_campaign=jobs_snippet&utm_source=Atlas_Healthcare-career-page&utm_medium=client-web-site&utm_term=apploi-snippet&_=1753278510.2752948,,,2025-07-23T13:49:38.151Z,,CT,Social Worker Assistant,
,,,,,https://jobs.apploi.com/view/1559493?utm_campaign=jobs_snippet&utm_source=Atlas_Healthcare-career-page&utm_medium=client-web-site&utm_term=apploi-snippet&_=1753278510.2755485,,,2025-07-23T13:49:38.151Z,,CT,Conceirge,
,,,,,https://jobs.apploi.com/view/1049738?utm_campaign=jobs_snippet&utm_source=Atlas_Healthcare-career-page&utm_medium=client-web-site&utm_term=apploi-snippet&_=1753278510.2756317,,,2025-07-23T13:49:38.151Z,,CT,"Licensed Practical Nurse, LPN, DAILY PAY AVAILABLE, $5,000 SIGN ON BONUS",
,,,,,https://jobs.apploi.com/view/1559171?utm_campaign=jobs_snippet&utm_source=Atlas_Healthcare-career-page&utm_medium=client-web-site&utm_term=apploi-snippet&_=1753278510.2757235,,,2025-07-23T13:49:38.151Z,,CT,Licensed Caregiver for Assisted Living- CHHA/CNA 7-3p,
,,,,,https://jobs.apploi.com/view/890434?utm_campaign=jobs_snippet&utm_source=Atlas_Healthcare-career-page&utm_medium=client-web-site&utm_term=apploi-snippet&_=1753278510.2758994,,,2025-07-23T13:49:38.151Z,,CT,"Registered Nurse, RN Evenings $3,500 Sign On Bonus!",
,,,,,https://jobs.apploi.com/view/889380?utm_campaign=jobs_snippet&utm_source=Atlas_Healthcare-career-page&utm_medium=client-web-site&utm_term=apploi-snippet&_=1753278510.2760239,,,2025-07-23T13:49:38.151Z,,CT,"LPN, Licensed Practical Nurse, $3,500 Sign-On Bonus!",
,,,,,https://jobs.apploi.com/view/1479859?utm_campaign=jobs_snippet&utm_source=Atlas_Healthcare-career-page&utm_medium=client-web-site&utm_term=apploi-snippet&_=1753278510.2761195,,,2025-07-23T13:49:38.151Z,,CT,"Registered Nurse/RN,  Nights 11pm-7a, $3,500 Sign-On Bonus!",
,,,,,https://jobs.apploi.com/view/1454352?utm_campaign=jobs_snippet&utm_source=Atlas_Healthcare-career-page&utm_medium=client-web-site&utm_term=apploi-snippet&_=1753278510.276215,,,2025-07-23T13:49:38.151Z,,CT,"RN /LPN Weekend Supervisor 4pm-12a, Sign on Bonus!",
,,,,,https://jobs.apploi.com/view/1557672?utm_campaign=jobs_snippet&utm_source=Atlas_Healthcare-career-page&utm_medium=client-web-site&utm_term=apploi-snippet&_=1753278510.2763047,,,2025-07-23T13:49:38.151Z,,CT,Charge RN - 3rd shift,
,,,,,https://jobs.apploi.com/view/610558?utm_campaign=jobs_snippet&utm_source=Atlas_Healthcare-career-page&utm_medium=client-web-site&utm_term=apploi-snippet&_=1753278510.2763903,,,2025-07-23T13:49:38.151Z,,CT,Dishwasher,
,,,,,https://jobs.apploi.com/view/1453167?utm_campaign=jobs_snippet&utm_source=Atlas_Healthcare-career-page&utm_medium=client-web-site&utm_term=apploi-snippet&_=1753278510.276476,,,2025-07-23T13:49:38.151Z,,CT,LPN/RN Full Time 3p-11p Nursing Supervisor,
,,,,,https://jobs.apploi.com/view/726053?utm_campaign=jobs_snippet&utm_source=Atlas_Healthcare-career-page&utm_medium=client-web-site&utm_term=apploi-snippet&_=1753278510.2765675,,,2025-07-23T13:49:38.151Z,,CT,"LPN, LICENSED PRACTICAL NURSE, 7-3 DAILY PAY, FULL TIME-SIGN ON BONUS",
,,,,,https://jobs.apploi.com/view/1556672?utm_campaign=jobs_snippet&utm_source=Atlas_Healthcare-career-page&utm_medium=client-web-site&utm_term=apploi-snippet&_=1753278510.276748,,,2025-07-23T13:49:38.151Z,,CT,Social Worker Per Diem,
,,,,,https://jobs.apploi.com/view/1556305?utm_campaign=jobs_snippet&utm_source=Atlas_Healthcare-career-page&utm_medium=client-web-site&utm_term=apploi-snippet&_=1753278510.276833,,,2025-07-23T13:49:38.151Z,,CT,Physical Therapist,
,,,,,https://jobs.apploi.com/view/1556241?utm_campaign=jobs_snippet&utm_source=Atlas_Healthcare-career-page&utm_medium=client-web-site&utm_term=apploi-snippet&_=1753278510.2769177,,,2025-07-23T13:49:38.151Z,,CT,Infection Control,
,,,,,https://jobs.apploi.com/view/1395798?utm_campaign=jobs_snippet&utm_source=Atlas_Healthcare-career-page&utm_medium=client-web-site&utm_term=apploi-snippet&_=1753278510.2771764,,,2025-07-23T13:49:38.151Z,,CT,3-11 SUPERVISOR LPN/RN!!!,
,,,,,https://jobs.apploi.com/view/1197318?utm_campaign=jobs_snippet&utm_source=Atlas_Healthcare-career-page&utm_medium=client-web-site&utm_term=apploi-snippet&_=1753278510.2772653,,,2025-07-23T13:49:38.151Z,,CT,Food Service Director,
,,,,,https://jobs.apploi.com/view/1464526?utm_campaign=jobs_snippet&utm_source=Atlas_Healthcare-career-page&utm_medium=client-web-site&utm_term=apploi-snippet&_=1753278510.2774918,,,2025-07-23T13:49:38.151Z,,CT,"Director of Nursing, DON, RN, Subacute/LTC",
,,,,,https://jobs.apploi.com/view/1084510?utm_campaign=jobs_snippet&utm_source=Atlas_Healthcare-career-page&utm_medium=client-web-site&utm_term=apploi-snippet&_=1753278510.277619,,,2025-07-23T13:49:38.151Z,,CT,Housekeeper / Porter,
,,,,,https://jobs.apploi.com/view/1125693?utm_campaign=jobs_snippet&utm_source=Atlas_Healthcare-career-page&utm_medium=client-web-site&utm_term=apploi-snippet&_=1753278510.2777383,,,2025-07-23T13:49:38.151Z,,CT,Licensed Nurse-Assisted Living Wellness Nurse,
,,,,,https://jobs.apploi.com/view/1554538?utm_campaign=jobs_snippet&utm_source=Atlas_Healthcare-career-page&utm_medium=client-web-site&utm_term=apploi-snippet&_=1753278510.2778587,,,2025-07-23T13:49:38.151Z,,CT,Floating Nursing Staffing/Scheduler Coordinator in NJ,
,,,,,https://jobs.apploi.com/view/1554474?utm_campaign=jobs_snippet&utm_source=Atlas_Healthcare-career-page&utm_medium=client-web-site&utm_term=apploi-snippet&_=1753278510.2779872,,,2025-07-23T13:49:38.151Z,,CT,Charge Nurse Day Shift,
,,,,,https://jobs.apploi.com/view/1357621?utm_campaign=jobs_snippet&utm_source=Atlas_Healthcare-career-page&utm_medium=client-web-site&utm_term=apploi-snippet&_=1753278510.2780805,,,2025-07-23T13:49:38.151Z,,CT,"Director of Nursing $10,000 Sign on Bonus",
,,,,,https://jobs.apploi.com/view/993904?utm_campaign=jobs_snippet&utm_source=Atlas_Healthcare-career-page&utm_medium=client-web-site&utm_term=apploi-snippet&_=1753278510.278171,,,2025-07-23T13:49:38.151Z,,CT,"Director of Nursing, DON, DNS",
,,,,,https://jobs.apploi.com/view/1552303?utm_campaign=jobs_snippet&utm_source=Atlas_Healthcare-career-page&utm_medium=client-web-site&utm_term=apploi-snippet&_=1753278510.2783425,,,2025-07-23T13:49:38.151Z,,CT,"CNA, Certified Nursing Assistant",
,,,,,https://jobs.apploi.com/view/728084?utm_campaign=jobs_snippet&utm_source=Atlas_Healthcare-career-page&utm_medium=client-web-site&utm_term=apploi-snippet&_=1753278510.2786264,,,2025-07-23T13:49:38.151Z,,CT,Weekend Nurse Supervisor 7p-7a,
,,,,,https://jobs.apploi.com/view/1552149?utm_campaign=jobs_snippet&utm_source=Atlas_Healthcare-career-page&utm_medium=client-web-site&utm_term=apploi-snippet&_=1753278510.2787158,,,2025-07-23T13:49:38.151Z,,CT,"Dietary Aide, Full-Time",
,,,,,https://jobs.apploi.com/view/889415?utm_campaign=jobs_snippet&utm_source=Atlas_Healthcare-career-page&utm_medium=client-web-site&utm_term=apploi-snippet&_=1753278510.278805,,,2025-07-23T13:49:38.151Z,,CT,"Dietary Aide, Part Time",
,,,,,https://jobs.apploi.com/view/1551154?utm_campaign=jobs_snippet&utm_source=Atlas_Healthcare-career-page&utm_medium=client-web-site&utm_term=apploi-snippet&_=1753278510.278893,,,2025-07-23T13:49:38.151Z,,CT,Admissions Coordinator,
,,,,,https://jobs.apploi.com/view/1546019?utm_campaign=jobs_snippet&utm_source=Atlas_Healthcare-career-page&utm_medium=client-web-site&utm_term=apploi-snippet&_=1753278510.2789805,,,2025-07-23T13:49:38.151Z,,CT,LPN All Shifts Sign on Bonus 5000 Dollars Daily Pay,
,,,,,https://jobs.apploi.com/view/1545968?utm_campaign=jobs_snippet&utm_source=Atlas_Healthcare-career-page&utm_medium=client-web-site&utm_term=apploi-snippet&_=1753278510.2790868,,,2025-07-23T13:49:38.151Z,,CT,Hospital Liason and Marketer,
,,,,,https://jobs.apploi.com/view/1545770?utm_campaign=jobs_snippet&utm_source=Atlas_Healthcare-career-page&utm_medium=client-web-site&utm_term=apploi-snippet&_=1753278510.2791972,,,2025-07-23T13:49:38.152Z,,CT,Food Service Director LTC,
,,,,,https://jobs.apploi.com/view/1545708?utm_campaign=jobs_snippet&utm_source=Atlas_Healthcare-career-page&utm_medium=client-web-site&utm_term=apploi-snippet&_=1753278510.2792842,,,2025-07-23T13:49:38.152Z,,CT,Activity Director LTC,
,,,,,https://jobs.apploi.com/view/1545698?utm_campaign=jobs_snippet&utm_source=Atlas_Healthcare-career-page&utm_medium=client-web-site&utm_term=apploi-snippet&_=1753278510.2793894,,,2025-07-23T13:49:38.152Z,,CT,"DON, Director of Nursing",
,,,,,https://jobs.apploi.com/view/651674?utm_campaign=jobs_snippet&utm_source=Atlas_Healthcare-career-page&utm_medium=client-web-site&utm_term=apploi-snippet&_=1753278510.2795165,,,2025-07-23T13:49:38.152Z,,CT,Dietary Aide/Dishwasher Part time,
,,,,,https://jobs.apploi.com/view/688674?utm_campaign=jobs_snippet&utm_source=Atlas_Healthcare-career-page&utm_medium=client-web-site&utm_term=apploi-snippet&_=1753278510.2796397,,,2025-07-23T13:49:38.152Z,,CT,Cook Part Time *Daily Pay*,
,,,,,https://jobs.apploi.com/view/1533741?utm_campaign=jobs_snippet&utm_source=Atlas_Healthcare-career-page&utm_medium=client-web-site&utm_term=apploi-snippet&_=1753278510.2800288,,,2025-07-23T13:49:38.152Z,,CT,"Registered Nurse All Shifts, Daily Pay Sign on Bonus",
,,,,,https://jobs.apploi.com/view/1543790?utm_campaign=jobs_snippet&utm_source=Atlas_Healthcare-career-page&utm_medium=client-web-site&utm_term=apploi-snippet&_=1753278510.2802918,,,2025-07-23T13:49:38.152Z,,CT,RN Supervisor Night Shift,
,,,,,https://jobs.apploi.com/view/890431?utm_campaign=jobs_snippet&utm_source=Atlas_Healthcare-career-page&utm_medium=client-web-site&utm_term=apploi-snippet&_=1753278510.2805233,,,2025-07-23T13:49:38.152Z,,CT,"RN, Registered Nurse Monday-Friday Sub-Acute Unit",
,,,,,https://jobs.apploi.com/view/1543243?utm_campaign=jobs_snippet&utm_source=Atlas_Healthcare-career-page&utm_medium=client-web-site&utm_term=apploi-snippet&_=1753278510.2806516,,,2025-07-23T13:49:38.152Z,,CT,NURSING SUPERVISOR 3-11 MON-FRIDAY,
,,,,,https://jobs.apploi.com/view/633953?utm_campaign=jobs_snippet&utm_source=Atlas_Healthcare-career-page&utm_medium=client-web-site&utm_term=apploi-snippet&_=1753278510.280781,,,2025-07-23T13:49:38.152Z,,CT,PD Housekeeping,
,,,,,https://jobs.apploi.com/view/633949?utm_campaign=jobs_snippet&utm_source=Atlas_Healthcare-career-page&utm_medium=client-web-site&utm_term=apploi-snippet&_=1753278510.2808938,,,2025-07-23T13:49:38.152Z,,CT,Laundry Tech PT,
,,,,,https://jobs.apploi.com/view/1542567?utm_campaign=jobs_snippet&utm_source=Atlas_Healthcare-career-page&utm_medium=client-web-site&utm_term=apploi-snippet&_=1753278510.2812414,,,2025-07-23T13:49:38.152Z,,CT,Dietary Aide/Prep Cook,
,,,,,https://jobs.apploi.com/view/1542542?utm_campaign=jobs_snippet&utm_source=Atlas_Healthcare-career-page&utm_medium=client-web-site&utm_term=apploi-snippet&_=1753278510.2813592,,,2025-07-23T13:49:38.152Z,,CT,PHYSICAL THERAPY ASSISTANT PART TIME AND PD,
,,,,,https://jobs.apploi.com/view/1542537?utm_campaign=jobs_snippet&utm_source=Atlas_Healthcare-career-page&utm_medium=client-web-site&utm_term=apploi-snippet&_=1753278510.2814794,,,2025-07-23T13:49:38.152Z,,CT,PHYSICAL THERAPIST PART TIME AND PD,
,,,,,https://jobs.apploi.com/view/1542050?utm_campaign=jobs_snippet&utm_source=Atlas_Healthcare-career-page&utm_medium=client-web-site&utm_term=apploi-snippet&_=1753278510.2816067,,,2025-07-23T13:49:38.152Z,,CT,Clinical Liaison,
,,,,,https://jobs.apploi.com/view/1052047?utm_campaign=jobs_snippet&utm_source=Atlas_Healthcare-career-page&utm_medium=client-web-site&utm_term=apploi-snippet&_=1753278510.2817268,,,2025-07-23T13:49:38.152Z,,CT,"Registered NURSE UNIT MANAGER, RN, UNIT MANAGER, $7500 SIGN ON BONUS",
,,,,,https://jobs.apploi.com/view/1486021?utm_campaign=jobs_snippet&utm_source=Atlas_Healthcare-career-page&utm_medium=client-web-site&utm_term=apploi-snippet&_=1753278510.2818553,,,2025-07-23T13:49:38.152Z,,CT,Certified Nurse Aide (CNA),
,,,,,https://jobs.apploi.com/view/915001?utm_campaign=jobs_snippet&utm_source=Atlas_Healthcare-career-page&utm_medium=client-web-site&utm_term=apploi-snippet&_=1753278510.2819715,,,2025-07-23T13:49:38.152Z,,CT,Dietary PM Supervisor,
,,,,,https://jobs.apploi.com/view/1440262?utm_campaign=jobs_snippet&utm_source=Atlas_Healthcare-career-page&utm_medium=client-web-site&utm_term=apploi-snippet&_=1753278510.2821143,,,2025-07-23T13:49:38.152Z,,CT,Maintenance Staff,
,,,,,https://jobs.apploi.com/view/1540638?utm_campaign=jobs_snippet&utm_source=Atlas_Healthcare-career-page&utm_medium=client-web-site&utm_term=apploi-snippet&_=1753278510.2822373,,,2025-07-23T13:49:38.152Z,,CT,"Speech Therapist, Per Diem for 12 Week Full-Time Temporary position",
,,,,,https://jobs.apploi.com/view/1479360?utm_campaign=jobs_snippet&utm_source=Atlas_Healthcare-career-page&utm_medium=client-web-site&utm_term=apploi-snippet&_=1753278510.2823677,,,2025-07-23T13:49:38.152Z,,CT,"CNA, CERTIFIED NURSING ASSISTANT,  PART TIME",
,,,,,https://jobs.apploi.com/view/1510801?utm_campaign=jobs_snippet&utm_source=Atlas_Healthcare-career-page&utm_medium=client-web-site&utm_term=apploi-snippet&_=1753278510.2825093,,,2025-07-23T13:49:38.152Z,,CT,Certified Nurse Aide (CNA) - Per Diem,
,,,,,https://jobs.apploi.com/view/1485818?utm_campaign=jobs_snippet&utm_source=Atlas_Healthcare-career-page&utm_medium=client-web-site&utm_term=apploi-snippet&_=1753278510.282635,,,2025-07-23T13:49:38.152Z,,CT,Diet Aide,
,,,,,https://jobs.apploi.com/view/1538184?utm_campaign=jobs_snippet&utm_source=Atlas_Healthcare-career-page&utm_medium=client-web-site&utm_term=apploi-snippet&_=1753278510.2828875,,,2025-07-23T13:49:38.152Z,,CT,RN/LPN SDC/IP Nurse,
,,,,,https://jobs.apploi.com/view/885404?utm_campaign=jobs_snippet&utm_source=Atlas_Healthcare-career-page&utm_medium=client-web-site&utm_term=apploi-snippet&_=1753278510.2832892,,,2025-07-23T13:49:38.152Z,,CT,CNA Certified Nursing Assistant,
,,,,,https://jobs.apploi.com/view/1455905?utm_campaign=jobs_snippet&utm_source=Atlas_Healthcare-career-page&utm_medium=client-web-site&utm_term=apploi-snippet&_=1753278510.2834237,,,2025-07-23T13:49:38.152Z,,CT,Full Time Therapeutic Recreation Aide,
,,,,,https://jobs.apploi.com/view/1537165?utm_campaign=jobs_snippet&utm_source=Atlas_Healthcare-career-page&utm_medium=client-web-site&utm_term=apploi-snippet&_=1753278510.283697,,,2025-07-23T13:49:38.152Z,,CT,Social Worker Full Time 32,
,,,,,https://jobs.apploi.com/view/1537129?utm_campaign=jobs_snippet&utm_source=Atlas_Healthcare-career-page&utm_medium=client-web-site&utm_term=apploi-snippet&_=1753278510.2838316,,,2025-07-23T13:49:38.152Z,,CT,Part Time LPN Floor Nurse 3pm to 11pm,
,,,,,https://jobs.apploi.com/view/1537128?utm_campaign=jobs_snippet&utm_source=Atlas_Healthcare-career-page&utm_medium=client-web-site&utm_term=apploi-snippet&_=1753278510.2840009,,,2025-07-23T13:49:38.152Z,,CT,Full Time LPN Floor Nurse 3 to 11pm,
,,,,,https://jobs.apploi.com/view/1537126?utm_campaign=jobs_snippet&utm_source=Atlas_Healthcare-career-page&utm_medium=client-web-site&utm_term=apploi-snippet&_=1753278510.2841387,,,2025-07-23T13:49:38.152Z,,CT,Part time LPN Floor Nurse 7-3pm,
,,,,,https://jobs.apploi.com/view/1189329?utm_campaign=jobs_snippet&utm_source=Atlas_Healthcare-career-page&utm_medium=client-web-site&utm_term=apploi-snippet&_=1753278510.284267,,,2025-07-23T13:49:38.153Z,,CT,WEEKEND RN / LPN,
,,,,,https://jobs.apploi.com/view/1534838?utm_campaign=jobs_snippet&utm_source=Atlas_Healthcare-career-page&utm_medium=client-web-site&utm_term=apploi-snippet&_=1753278510.2843678,,,2025-07-23T13:49:38.153Z,,CT,Hospice Nurse Practitioner,
,,,,,https://jobs.apploi.com/view/1096059?utm_campaign=jobs_snippet&utm_source=Atlas_Healthcare-career-page&utm_medium=client-web-site&utm_term=apploi-snippet&_=1753278510.2844563,,,2025-07-23T13:49:38.153Z,,CT,"CNA, CERTIFIED NURSING ASSISTANT, DAILY PAY, $2,500 SIGN ON BONUS - Free Employee Sponsored Insurance",
,,,,,https://jobs.apploi.com/view/1307679?utm_campaign=jobs_snippet&utm_source=Atlas_Healthcare-career-page&utm_medium=client-web-site&utm_term=apploi-snippet&_=1753278510.2845485,,,2025-07-23T13:49:38.153Z,,CT,"SOCIAL WORKER, $1,000 SIGN ON BONUS",
,,,,,https://jobs.apploi.com/view/1351822?utm_campaign=jobs_snippet&utm_source=Atlas_Healthcare-career-page&utm_medium=client-web-site&utm_term=apploi-snippet&_=1753278510.2846348,,,2025-07-23T13:49:38.153Z,,CT,"Registered Nurse, RN",
,,,,,https://jobs.apploi.com/view/1096834?utm_campaign=jobs_snippet&utm_source=Atlas_Healthcare-career-page&utm_medium=client-web-site&utm_term=apploi-snippet&_=1753278510.2847204,,,2025-07-23T13:49:38.153Z,,CT,PERDIEM -Certified Medication Assistant / CMA,
,,,,,https://jobs.apploi.com/view/606864?utm_campaign=jobs_snippet&utm_source=Atlas_Healthcare-career-page&utm_medium=client-web-site&utm_term=apploi-snippet&_=1753278510.2848072,,,2025-07-23T13:49:38.153Z,,CT,"Registered Nurse Supervisor (RN), 3-11 AND 11-7 $5,000 SIGN ON BONUS, DAILY PAY",
,,,,,https://jobs.apploi.com/view/1531920?utm_campaign=jobs_snippet&utm_source=Atlas_Healthcare-career-page&utm_medium=client-web-site&utm_term=apploi-snippet&_=1753278510.2849932,,,2025-07-23T13:49:38.153Z,,CT,Director of Housekeeping & Laundry,
,,,,,https://jobs.apploi.com/view/977400?utm_campaign=jobs_snippet&utm_source=Atlas_Healthcare-career-page&utm_medium=client-web-site&utm_term=apploi-snippet&_=1753278510.2850947,,,2025-07-23T13:49:38.153Z,,CT,RN (Registered Nurse) MDS Coordinator,
,,,,,https://jobs.apploi.com/view/982996?utm_campaign=jobs_snippet&utm_source=Atlas_Healthcare-career-page&utm_medium=client-web-site&utm_term=apploi-snippet&_=1753278510.2851806,,,2025-07-23T13:49:38.153Z,,CT,RN Supervisor (Registered Nurse) Supervisor 11p -7a,
,,,,,https://jobs.apploi.com/view/1531001?utm_campaign=jobs_snippet&utm_source=Atlas_Healthcare-career-page&utm_medium=client-web-site&utm_term=apploi-snippet&_=1753278510.2853994,,,2025-07-23T13:49:38.153Z,,CT,Administrator,
,,,,,https://jobs.apploi.com/view/884875?utm_campaign=jobs_snippet&utm_source=Atlas_Healthcare-career-page&utm_medium=client-web-site&utm_term=apploi-snippet&_=1753278510.2854896,,,2025-07-23T13:49:38.153Z,,CT,RN Supervisor- Registered Nurse (RN) Supervisor 2nd Shift,
,,,,,https://jobs.apploi.com/view/1306058?utm_campaign=jobs_snippet&utm_source=Atlas_Healthcare-career-page&utm_medium=client-web-site&utm_term=apploi-snippet&_=1753278510.2855759,,,2025-07-23T13:49:38.153Z,,CT,RN 7-3 floor Per Diem  *Daily Pay * $3500 Sign on Bonus!,
,,,,,https://jobs.apploi.com/view/1513666?utm_campaign=jobs_snippet&utm_source=Atlas_Healthcare-career-page&utm_medium=client-web-site&utm_term=apploi-snippet&_=1753278510.2856686,,,2025-07-23T13:49:38.153Z,,CT,CHHA Per-Diem 11PM-7AM,
,,,,,https://jobs.apploi.com/view/606861?utm_campaign=jobs_snippet&utm_source=Atlas_Healthcare-career-page&utm_medium=client-web-site&utm_term=apploi-snippet&_=1753278510.2857518,,,2025-07-23T13:49:38.153Z,,CT,"Licensed Practical Nurse, LPN, 7-3 SHIFT, SIGN ON BONUS AND DAILY PAY",
,,,,,https://jobs.apploi.com/view/1526167?utm_campaign=jobs_snippet&utm_source=Atlas_Healthcare-career-page&utm_medium=client-web-site&utm_term=apploi-snippet&_=1753278510.2858434,,,2025-07-23T13:49:38.153Z,,CT,3pm-11pm RN Supervisor,
,,,,,https://jobs.apploi.com/view/1406387?utm_campaign=jobs_snippet&utm_source=Atlas_Healthcare-career-page&utm_medium=client-web-site&utm_term=apploi-snippet&_=1753278510.285928,,,2025-07-23T13:49:38.153Z,,CT,"COOK, PART TIME, SATURDAYS and Sundays 1030 AM TO 630 PM, DAILY PAY,",
,,,,,https://jobs.apploi.com/view/1077779?utm_campaign=jobs_snippet&utm_source=Atlas_Healthcare-career-page&utm_medium=client-web-site&utm_term=apploi-snippet&_=1753278510.2860224,,,2025-07-23T13:49:38.153Z,,CT,"Social Worker, CSW, LSW",
,,,,,https://jobs.apploi.com/view/1523764?utm_campaign=jobs_snippet&utm_source=Atlas_Healthcare-career-page&utm_medium=client-web-site&utm_term=apploi-snippet&_=1753278510.2861888,,,2025-07-23T13:49:38.153Z,,CT,Utility Cook,
,,,,,https://jobs.apploi.com/view/1523699?utm_campaign=jobs_snippet&utm_source=Atlas_Healthcare-career-page&utm_medium=client-web-site&utm_term=apploi-snippet&_=1753278510.2862725,,,2025-07-23T13:49:38.153Z,,CT,Therapeutic Recreation Assistant,
,,,,,https://jobs.apploi.com/view/1077882?utm_campaign=jobs_snippet&utm_source=Atlas_Healthcare-career-page&utm_medium=client-web-site&utm_term=apploi-snippet&_=1753278510.2864573,,,2025-07-23T13:49:38.153Z,,CT,Dietary Cook Part-Time,
,,,,,https://jobs.apploi.com/view/1490906?utm_campaign=jobs_snippet&utm_source=Atlas_Healthcare-career-page&utm_medium=client-web-site&utm_term=apploi-snippet&_=1753278510.286545,,,2025-07-23T13:49:38.153Z,,CT,"Director of Social Services, SIGN ON BONUS",
,,,,,https://jobs.apploi.com/view/1496515?utm_campaign=jobs_snippet&utm_source=Atlas_Healthcare-career-page&utm_medium=client-web-site&utm_term=apploi-snippet&_=1753278510.2866333,,,2025-07-23T13:49:38.153Z,,CT,MDS Coordinator (RN / LPN),
,,,,,https://jobs.apploi.com/view/1518715?utm_campaign=jobs_snippet&utm_source=Atlas_Healthcare-career-page&utm_medium=client-web-site&utm_term=apploi-snippet&_=1753278510.286719,,,2025-07-23T13:49:38.153Z,,CT,Licensed Practical Nurse (LPN) - PER DIEM,
,,,,,https://jobs.apploi.com/view/1518523?utm_campaign=jobs_snippet&utm_source=Atlas_Healthcare-career-page&utm_medium=client-web-site&utm_term=apploi-snippet&_=1753278510.2868044,,,2025-07-23T13:49:38.153Z,,CT,Registered Nurse (RN) - PER DIEM,
,,,,,https://jobs.apploi.com/view/1515380?utm_campaign=jobs_snippet&utm_source=Atlas_Healthcare-career-page&utm_medium=client-web-site&utm_term=apploi-snippet&_=1753278510.2869742,,,2025-07-23T13:49:38.153Z,,CT,Hospice Social Worker,
,,,,,https://jobs.apploi.com/view/1496601?utm_campaign=jobs_snippet&utm_source=Atlas_Healthcare-career-page&utm_medium=client-web-site&utm_term=apploi-snippet&_=1753278510.2870584,,,2025-07-23T13:49:38.153Z,,CT,"CNA, Certified Nursing Assistant 3,500 SOB Daily Pay",
,,,,,https://jobs.apploi.com/view/1515057?utm_campaign=jobs_snippet&utm_source=Atlas_Healthcare-career-page&utm_medium=client-web-site&utm_term=apploi-snippet&_=1753278510.287149,,,2025-07-23T13:49:38.153Z,,CT,Hospice CHHA,
,,,,,https://jobs.apploi.com/view/1514827?utm_campaign=jobs_snippet&utm_source=Atlas_Healthcare-career-page&utm_medium=client-web-site&utm_term=apploi-snippet&_=1753278510.2872353,,,2025-07-23T13:49:38.153Z,,CT,Hospice Clinical Manager,
,,,,,https://jobs.apploi.com/view/1514818?utm_campaign=jobs_snippet&utm_source=Atlas_Healthcare-career-page&utm_medium=client-web-site&utm_term=apploi-snippet&_=1753278510.2873278,,,2025-07-23T13:49:38.153Z,,CT,Hospice On Call RN,
,,,,,https://jobs.apploi.com/view/1514813?utm_campaign=jobs_snippet&utm_source=Atlas_Healthcare-career-page&utm_medium=client-web-site&utm_term=apploi-snippet&_=1753278510.287411,,,2025-07-23T13:49:38.153Z,,CT,Hospice RN Case Manager,
,,,,,https://jobs.apploi.com/view/1514802?utm_campaign=jobs_snippet&utm_source=Atlas_Healthcare-career-page&utm_medium=client-web-site&utm_term=apploi-snippet&_=1753278510.2874932,,,2025-07-23T13:49:38.153Z,,CT,Business Development Representative,
,,,,,https://jobs.apploi.com/view/1134268?utm_campaign=jobs_snippet&utm_source=Atlas_Healthcare-career-page&utm_medium=client-web-site&utm_term=apploi-snippet&_=1753278510.2875772,,,2025-07-23T13:49:38.153Z,,CT,LPN Licensed Practical Nurse,
,,,,,https://jobs.apploi.com/view/1162367?utm_campaign=jobs_snippet&utm_source=Atlas_Healthcare-career-page&utm_medium=client-web-site&utm_term=apploi-snippet&_=1753278510.2876618,,,2025-07-23T13:49:38.153Z,,CT,GNA Geriatric Nursing Assistant,
,,,,,https://jobs.apploi.com/view/1450040?utm_campaign=jobs_snippet&utm_source=Atlas_Healthcare-career-page&utm_medium=client-web-site&utm_term=apploi-snippet&_=1753278510.2877471,,,2025-07-23T13:49:38.153Z,,CT,RN Supervisor Every other Weekend 7am to 7pm,
,,,,,https://jobs.apploi.com/view/1098498?utm_campaign=jobs_snippet&utm_source=Atlas_Healthcare-career-page&utm_medium=client-web-site&utm_term=apploi-snippet&_=1753278510.287834,,,2025-07-23T13:49:38.153Z,,CT,RN Supervisor Every other Weekend 7pm to 7am,
,,,,,https://jobs.apploi.com/view/1017887?utm_campaign=jobs_snippet&utm_source=Atlas_Healthcare-career-page&utm_medium=client-web-site&utm_term=apploi-snippet&_=1753278510.2879205,,,2025-07-23T13:49:38.154Z,,CT,Registered Nurse- RN,
,,,,,https://jobs.apploi.com/view/1017795?utm_campaign=jobs_snippet&utm_source=Atlas_Healthcare-career-page&utm_medium=client-web-site&utm_term=apploi-snippet&_=1753278510.2880328,,,2025-07-23T13:49:38.154Z,,CT,"LPN, Licensed Practical Nurse",
,,,,,https://jobs.apploi.com/view/1477197?utm_campaign=jobs_snippet&utm_source=Atlas_Healthcare-career-page&utm_medium=client-web-site&utm_term=apploi-snippet&_=1753278510.288207,,,2025-07-23T13:49:38.154Z,,CT,"Certified Nursing Assistant, CNA",
,,,,,https://jobs.apploi.com/view/1513453?utm_campaign=jobs_snippet&utm_source=Atlas_Healthcare-career-page&utm_medium=client-web-site&utm_term=apploi-snippet&_=1753278510.2883847,,,2025-07-23T13:49:38.154Z,,CT,Nursing Unit Manager,
,,,,,https://jobs.apploi.com/view/1364249?utm_campaign=jobs_snippet&utm_source=Atlas_Healthcare-career-page&utm_medium=client-web-site&utm_term=apploi-snippet&_=1753278510.2884681,,,2025-07-23T13:49:38.154Z,,CT,Nursing Home Administrator LNHA,
,,,,,https://jobs.apploi.com/view/1308108?utm_campaign=jobs_snippet&utm_source=Atlas_Healthcare-career-page&utm_medium=client-web-site&utm_term=apploi-snippet&_=1753278510.2885516,,,2025-07-23T13:49:38.154Z,,CT,"LPN Licensed Practical Nurse, 7-3 SHIFT, DAILY PAY, SIGN ON BONUS",
,,,,,https://jobs.apploi.com/view/1314752?utm_campaign=jobs_snippet&utm_source=Atlas_Healthcare-career-page&utm_medium=client-web-site&utm_term=apploi-snippet&_=1753278510.2886412,,,2025-07-23T13:49:38.154Z,,CT,"RN, REGISTERED NURSE, 3-11pm or 11-7am SHIFT, SIGN ON BONUS, DAILY PAY",
,,,,,https://jobs.apploi.com/view/1312332?utm_campaign=jobs_snippet&utm_source=Atlas_Healthcare-career-page&utm_medium=client-web-site&utm_term=apploi-snippet&_=1753278510.288736,,,2025-07-23T13:49:38.154Z,,CT,RN NURSING SUPERVISOR  11PM TO 7AM,
,,,,,https://jobs.apploi.com/view/692706?utm_campaign=jobs_snippet&utm_source=Atlas_Healthcare-career-page&utm_medium=client-web-site&utm_term=apploi-snippet&_=1753278510.2888243,,,2025-07-23T13:49:38.154Z,,CT,"LPN, LICENSED PRACTICAL NURSE, 3pm-11pm, SIGN ON BONUS, DAILY PAY",
,,,,,https://jobs.apploi.com/view/1314768?utm_campaign=jobs_snippet&utm_source=Atlas_Healthcare-career-page&utm_medium=client-web-site&utm_term=apploi-snippet&_=1753278510.288917,,,2025-07-23T13:49:38.154Z,,CT,"LPN, LICENSED PRACTICAL NURSE, 11-7 DAILY PAY, SIGN ON BONUS",
,,,,,https://jobs.apploi.com/view/1314735?utm_campaign=jobs_snippet&utm_source=Atlas_Healthcare-career-page&utm_medium=client-web-site&utm_term=apploi-snippet&_=1753278510.2890096,,,2025-07-23T13:49:38.154Z,,CT,"CNA, CERTIFIED NURSING ASSISTANT 3-11, DAILY PAY, SIGN ON BONUS",
,,,,,https://jobs.apploi.com/view/1057734?utm_campaign=jobs_snippet&utm_source=Atlas_Healthcare-career-page&utm_medium=client-web-site&utm_term=apploi-snippet&_=1753278510.2891011,,,2025-07-23T13:49:38.154Z,,CT,"CNA, CERTIFIED NURSING ASSISTANT 11-7, SIGN ON BONUS, DAILY PAY",
,,,,,https://jobs.apploi.com/view/1313883?utm_campaign=jobs_snippet&utm_source=Atlas_Healthcare-career-page&utm_medium=client-web-site&utm_term=apploi-snippet&_=1753278510.289193,,,2025-07-23T13:49:38.154Z,,CT,"CNA, CERTIFIED NURSING ASSISTANT 7-3 DAILY PAY, SIGN ON BONUS",
,,,,,https://jobs.apploi.com/view/1147797?utm_campaign=jobs_snippet&utm_source=Atlas_Healthcare-career-page&utm_medium=client-web-site&utm_term=apploi-snippet&_=1753278510.2892845,,,2025-07-23T13:49:38.154Z,,CT,GERIATRIC NURSING ASSISTANT GNA 7-3 or 3-11 shifts,
,,,,,https://jobs.apploi.com/view/1332077?utm_campaign=jobs_snippet&utm_source=Atlas_Healthcare-career-page&utm_medium=client-web-site&utm_term=apploi-snippet&_=1753278510.2893717,,,2025-07-23T13:49:38.154Z,,CT,"CNA, CERTIFIED NURSING ASSISTANT,  7-3  PT  PD   DAILY PAY",
,,,,,https://jobs.apploi.com/view/1360972?utm_campaign=jobs_snippet&utm_source=Atlas_Healthcare-career-page&utm_medium=client-web-site&utm_term=apploi-snippet&_=1753278510.2894623,,,2025-07-23T13:49:38.154Z,,CT,RN  Supervisor,
,,,,,https://jobs.apploi.com/view/975547?utm_campaign=jobs_snippet&utm_source=Atlas_Healthcare-career-page&utm_medium=client-web-site&utm_term=apploi-snippet&_=1753278510.2896318,,,2025-07-23T13:49:38.154Z,,CT,Director of Nursing,
,,,,,https://jobs.apploi.com/view/1505319?utm_campaign=jobs_snippet&utm_source=Atlas_Healthcare-career-page&utm_medium=client-web-site&utm_term=apploi-snippet&_=1753278510.2898195,,,2025-07-23T13:49:38.154Z,,CT,Staff Development,
,,,,,https://jobs.apploi.com/view/1136335?utm_campaign=jobs_snippet&utm_source=Atlas_Healthcare-career-page&utm_medium=client-web-site&utm_term=apploi-snippet&_=1753278510.2899866,,,2025-07-23T13:49:38.154Z,,CT,Social Worker - Full Time *Sign on Bonus 5k*,
,,,,,https://jobs.apploi.com/view/1152770?utm_campaign=jobs_snippet&utm_source=Atlas_Healthcare-career-page&utm_medium=client-web-site&utm_term=apploi-snippet&_=1753278510.2900672,,,2025-07-23T13:49:38.154Z,,CT,Geriatric Nursing Assistant (GNA)  11-7 shift,
,,,,,https://jobs.apploi.com/view/1411236?utm_campaign=jobs_snippet&utm_source=Atlas_Healthcare-career-page&utm_medium=client-web-site&utm_term=apploi-snippet&_=1753278510.29024,,,2025-07-23T13:49:38.154Z,,CT,"DIRECTOR OF SOCIAL WORK, LSW, CSW, SUBACUTE/LTC",
,,,,,https://jobs.apploi.com/view/1497947?utm_campaign=jobs_snippet&utm_source=Atlas_Healthcare-career-page&utm_medium=client-web-site&utm_term=apploi-snippet&_=1753278510.2905154,,,2025-07-23T13:49:38.154Z,,CT,"Maintenance Director, SNF/LTC Exp",
,,,,,https://jobs.apploi.com/view/1497876?utm_campaign=jobs_snippet&utm_source=Atlas_Healthcare-career-page&utm_medium=client-web-site&utm_term=apploi-snippet&_=1753278510.290616,,,2025-07-23T13:49:38.154Z,,CT,"Dietary Cook, 11AM TO 7PM",
,,,,,https://jobs.apploi.com/view/1497870?utm_campaign=jobs_snippet&utm_source=Atlas_Healthcare-career-page&utm_medium=client-web-site&utm_term=apploi-snippet&_=1753278510.2907362,,,2025-07-23T13:49:38.154Z,,CT,"CNA, CERTIFIED NURSING ASSISTANT, DAILY PAY, 11-7 NIGHT SHIFT, SIGN ON BONUS",
,,,,,https://jobs.apploi.com/view/1199089?utm_campaign=jobs_snippet&utm_source=Atlas_Healthcare-career-page&utm_medium=client-web-site&utm_term=apploi-snippet&_=1753278510.2908545,,,2025-07-23T13:49:38.154Z,,CT,"Certified Nursing Assistant, CNA, DAILY PAY, SIGN ON BONUS, 3-11 EVENING SHIFT",
,,,,,https://jobs.apploi.com/view/1455745?utm_campaign=jobs_snippet&utm_source=Atlas_Healthcare-career-page&utm_medium=client-web-site&utm_term=apploi-snippet&_=1753278510.2909513,,,2025-07-23T13:49:38.154Z,,CT,"LPN, LICENSED PRACTICAL NURSE, FULL TIME 7-3, SIGN ON BONUS",
,,,,,https://jobs.apploi.com/view/1496609?utm_campaign=jobs_snippet&utm_source=Atlas_Healthcare-career-page&utm_medium=client-web-site&utm_term=apploi-snippet&_=1753278510.2910562,,,2025-07-23T13:49:38.154Z,,CT,"CNA, Certified Nursing Assistant Every Weekend 3500 SOB, Daily Pay",
,,,,,https://jobs.apploi.com/view/1301018?utm_campaign=jobs_snippet&utm_source=Atlas_Healthcare-career-page&utm_medium=client-web-site&utm_term=apploi-snippet&_=1753278510.2911735,,,2025-07-23T13:49:38.154Z,,CT,"CNA, CERTIFIED NURSING ASSISTANT, 3,500 SIGN ON BONUS AND DAILY PAY",
,,,,,https://jobs.apploi.com/view/1353968?utm_campaign=jobs_snippet&utm_source=Atlas_Healthcare-career-page&utm_medium=client-web-site&utm_term=apploi-snippet&_=1753278510.2912655,,,2025-07-23T13:49:38.154Z,,CT,11-7  NURSE SUPERVISOR,
,,,,,https://jobs.apploi.com/view/1306062?utm_campaign=jobs_snippet&utm_source=Atlas_Healthcare-career-page&utm_medium=client-web-site&utm_term=apploi-snippet&_=1753278510.2913492,,,2025-07-23T13:49:38.154Z,,CT,"CNA 7-3 shift, Fulltime, $Daily Pay$",
,,,,,https://jobs.apploi.com/view/633133?utm_campaign=jobs_snippet&utm_source=Atlas_Healthcare-career-page&utm_medium=client-web-site&utm_term=apploi-snippet&_=1753278510.2914371,,,2025-07-23T13:49:38.154Z,,CT,CNA 7-3 Weekends  *Daily Pay*,
,,,,,https://jobs.apploi.com/view/633139?utm_campaign=jobs_snippet&utm_source=Atlas_Healthcare-career-page&utm_medium=client-web-site&utm_term=apploi-snippet&_=1753278510.291524,,,2025-07-23T13:49:38.154Z,,CT,"Licensed Practical Nurses, LPN,  3:30pm-11:30pm, Daily Pay, Weekends",
,,,,,https://jobs.apploi.com/view/633135?utm_campaign=jobs_snippet&utm_source=Atlas_Healthcare-career-page&utm_medium=client-web-site&utm_term=apploi-snippet&_=1753278510.2916148,,,2025-07-23T13:49:38.154Z,,CT,Certified Nursing Assistant (CNA). 11:30pm-7:30am fulltime $$Daily Pay$$,
,,,,,https://jobs.apploi.com/view/1477190?utm_campaign=jobs_snippet&utm_source=Atlas_Healthcare-career-page&utm_medium=client-web-site&utm_term=apploi-snippet&_=1753278510.2920103,,,2025-07-23T13:49:38.155Z,,CT,"Licensed Practical Nurse, LPN",
,,,,,https://jobs.apploi.com/view/1134768?utm_campaign=jobs_snippet&utm_source=Atlas_Healthcare-career-page&utm_medium=client-web-site&utm_term=apploi-snippet&_=1753278510.2921906,,,2025-07-23T13:49:38.155Z,,CT,Registered Nurse RN,
,,,,,https://jobs.apploi.com/view/1134282?utm_campaign=jobs_snippet&utm_source=Atlas_Healthcare-career-page&utm_medium=client-web-site&utm_term=apploi-snippet&_=1753278510.292316,,,2025-07-23T13:49:38.155Z,,CT,RN REGISTERED NURSE,
,,,,,https://jobs.apploi.com/view/960907?utm_campaign=jobs_snippet&utm_source=Atlas_Healthcare-career-page&utm_medium=client-web-site&utm_term=apploi-snippet&_=1753278510.2924933,,,2025-07-23T13:49:38.155Z,,CT,LPN Licensed Practical Nurse (LPN)/ Registered Nurse (RN) 2nd SHIFT 3-11PM,
,,,,,https://jobs.apploi.com/view/1490894?utm_campaign=jobs_snippet&utm_source=Atlas_Healthcare-career-page&utm_medium=client-web-site&utm_term=apploi-snippet&_=1753278510.292585,,,2025-07-23T13:49:38.155Z,,CT,Housekeeping Laundry,
,,,,,https://jobs.apploi.com/view/1318408?utm_campaign=jobs_snippet&utm_source=Atlas_Healthcare-career-page&utm_medium=client-web-site&utm_term=apploi-snippet&_=1753278510.2926688,,,2025-07-23T13:49:38.155Z,,CT,Maitenance Director,
,,,,,https://jobs.apploi.com/view/1487045?utm_campaign=jobs_snippet&utm_source=Atlas_Healthcare-career-page&utm_medium=client-web-site&utm_term=apploi-snippet&_=1753278510.292753,,,2025-07-23T13:49:38.155Z,,CT,OCCUPATIONAL THERAPIST FLEXIBLE SCHEDULE!,
,,,,,https://jobs.apploi.com/view/1485940?utm_campaign=jobs_snippet&utm_source=Atlas_Healthcare-career-page&utm_medium=client-web-site&utm_term=apploi-snippet&_=1753278510.2931376,,,2025-07-23T13:49:38.155Z,,CT,"RN Nurse Supervisor, 3-11pm",
,,,,,https://jobs.apploi.com/view/879940?utm_campaign=jobs_snippet&utm_source=Atlas_Healthcare-career-page&utm_medium=client-web-site&utm_term=apploi-snippet&_=1753278510.2936115,,,2025-07-23T13:49:38.155Z,,CT,Assisted Living- CHHA/CNA Perdiem,
,,,,,https://jobs.apploi.com/view/1479896?utm_campaign=jobs_snippet&utm_source=Atlas_Healthcare-career-page&utm_medium=client-web-site&utm_term=apploi-snippet&_=1753278510.293701,,,2025-07-23T13:49:38.155Z,,CT,Supervisor RN Evenings,
,,,,,https://jobs.apploi.com/view/1479364?utm_campaign=jobs_snippet&utm_source=Atlas_Healthcare-career-page&utm_medium=client-web-site&utm_term=apploi-snippet&_=1753278510.2937958,,,2025-07-23T13:49:38.155Z,,CT,"LPN, LICENSED PRACTICAL NURSE, FULL TIME",
,,,,,https://jobs.apploi.com/view/1479365?utm_campaign=jobs_snippet&utm_source=Atlas_Healthcare-career-page&utm_medium=client-web-site&utm_term=apploi-snippet&_=1753278510.2938893,,,2025-07-23T13:49:38.155Z,,CT,"RN, REGISTERED NURSE, FULL TIME",
,,,,,https://jobs.apploi.com/view/1373220?utm_campaign=jobs_snippet&utm_source=Atlas_Healthcare-career-page&utm_medium=client-web-site&utm_term=apploi-snippet&_=1753278510.2939763,,,2025-07-23T13:49:38.155Z,,CT,"WEEKEND COOK, LTC",
,,,,,https://jobs.apploi.com/view/1361022?utm_campaign=jobs_snippet&utm_source=Atlas_Healthcare-career-page&utm_medium=client-web-site&utm_term=apploi-snippet&_=1753278510.294061,,,2025-07-23T13:49:38.155Z,,CT,PD PHYSICAL THERAPY ASSISTANT WEEKENDS!,
,,,,,https://jobs.apploi.com/view/1323273?utm_campaign=jobs_snippet&utm_source=Atlas_Healthcare-career-page&utm_medium=client-web-site&utm_term=apploi-snippet&_=1753278510.2941484,,,2025-07-23T13:49:38.155Z,,CT,7-3 Certified Nursing Assistant- CNA FT,
,,,,,https://jobs.apploi.com/view/1134301?utm_campaign=jobs_snippet&utm_source=Atlas_Healthcare-career-page&utm_medium=client-web-site&utm_term=apploi-snippet&_=1753278510.2948537,,,2025-07-23T13:49:38.155Z,,CT,LPN/RN UNIT MANAGER,
,,,,,https://jobs.apploi.com/view/1473602?utm_campaign=jobs_snippet&utm_source=Atlas_Healthcare-career-page&utm_medium=client-web-site&utm_term=apploi-snippet&_=1753278510.2949393,,,2025-07-23T13:49:38.155Z,,CT,PHYSICAL THERAPIST PD--WEEKENDS & HOLIDAYS,
,,,,,https://jobs.apploi.com/view/1451159?utm_campaign=jobs_snippet&utm_source=Atlas_Healthcare-career-page&utm_medium=client-web-site&utm_term=apploi-snippet&_=1753278510.2950258,,,2025-07-23T13:49:38.155Z,,CT,11-7 Licensed Practical Nurse-LPN-NEW RATES!!,
,,,,,https://jobs.apploi.com/view/1398379?utm_campaign=jobs_snippet&utm_source=Atlas_Healthcare-career-page&utm_medium=client-web-site&utm_term=apploi-snippet&_=1753278510.2951143,,,2025-07-23T13:49:38.155Z,,CT,WEEKEND Licensed Practical Nurse SUPERVISOR 7AM/7PM LPN/RN,
,,,,,https://jobs.apploi.com/view/1390276?utm_campaign=jobs_snippet&utm_source=Atlas_Healthcare-career-page&utm_medium=client-web-site&utm_term=apploi-snippet&_=1753278510.295205,,,2025-07-23T13:49:38.155Z,,CT,LICENSED PRACTICAL NURSE- LPN $5000 SIGN ON BONUS 11-7!!,
,,,,,https://jobs.apploi.com/view/708008?utm_campaign=jobs_snippet&utm_source=Atlas_Healthcare-career-page&utm_medium=client-web-site&utm_term=apploi-snippet&_=1753278510.2952955,,,2025-07-23T13:49:38.155Z,,CT,Dietary Aide 3pm-7pm,
,,,,,https://jobs.apploi.com/view/739982?utm_campaign=jobs_snippet&utm_source=Atlas_Healthcare-career-page&utm_medium=client-web-site&utm_term=apploi-snippet&_=1753278510.2953818,,,2025-07-23T13:49:38.155Z,,CT,Dietary Aide / Dish Washer (Part Time 3pm-7pm),
,,,,,https://jobs.apploi.com/view/1134294?utm_campaign=jobs_snippet&utm_source=Atlas_Healthcare-career-page&utm_medium=client-web-site&utm_term=apploi-snippet&_=1753278510.2954786,,,2025-07-23T13:49:38.155Z,,CT,ADON Assistant Director of Nursing,
,,,,,https://jobs.apploi.com/view/1466414?utm_campaign=jobs_snippet&utm_source=Atlas_Healthcare-career-page&utm_medium=client-web-site&utm_term=apploi-snippet&_=1753278510.2956464,,,2025-07-23T13:49:38.156Z,,CT,Part Time Porter,
,,,,,https://jobs.apploi.com/view/763863?utm_campaign=jobs_snippet&utm_source=Atlas_Healthcare-career-page&utm_medium=client-web-site&utm_term=apploi-snippet&_=1753278510.2957325,,,2025-07-23T13:49:38.156Z,,CT,Cook- Part Time Weekends,
,,,,,https://jobs.apploi.com/view/724771?utm_campaign=jobs_snippet&utm_source=Atlas_Healthcare-career-page&utm_medium=client-web-site&utm_term=apploi-snippet&_=1753278510.2958188,,,2025-07-23T13:49:38.156Z,,CT,Part Time Cook,
,,,,,https://jobs.apploi.com/view/752945?utm_campaign=jobs_snippet&utm_source=Atlas_Healthcare-career-page&utm_medium=client-web-site&utm_term=apploi-snippet&_=1753278510.2959037,,,2025-07-23T13:49:38.156Z,,CT,Weekend Cook 11am-7:30pm,
,,,,,https://jobs.apploi.com/view/889387?utm_campaign=jobs_snippet&utm_source=Atlas_Healthcare-career-page&utm_medium=client-web-site&utm_term=apploi-snippet&_=1753278510.296053,,,2025-07-23T13:49:38.156Z,,CT,"Certified Nursing Assistant (CNA), All Shifts",
,,,,,https://jobs.apploi.com/view/1061248?utm_campaign=jobs_snippet&utm_source=Atlas_Healthcare-career-page&utm_medium=client-web-site&utm_term=apploi-snippet&_=1753278510.2961438,,,2025-07-23T13:49:38.156Z,,CT,Central Supply,
,,,,,https://jobs.apploi.com/view/1328246?utm_campaign=jobs_snippet&utm_source=Atlas_Healthcare-career-page&utm_medium=client-web-site&utm_term=apploi-snippet&_=1753278510.2962298,,,2025-07-23T13:49:38.156Z,,CT,CNA Certified Nurses Assistant,
,,,,,https://jobs.apploi.com/view/1323271?utm_campaign=jobs_snippet&utm_source=Atlas_Healthcare-career-page&utm_medium=client-web-site&utm_term=apploi-snippet&_=1753278510.2964756,,,2025-07-23T13:49:38.156Z,,CT,NEW GRAD'S WELCOME! Licensed Practical Nurse-LPN NEW PAY,
,,,,,https://jobs.apploi.com/view/1406282?utm_campaign=jobs_snippet&utm_source=Atlas_Healthcare-career-page&utm_medium=client-web-site&utm_term=apploi-snippet&_=1753278510.2966137,,,2025-07-23T13:49:38.156Z,,CT,Certified Home Health Aide ( CHHA),
,,,,,https://jobs.apploi.com/view/985082?utm_campaign=jobs_snippet&utm_source=Atlas_Healthcare-career-page&utm_medium=client-web-site&utm_term=apploi-snippet&_=1753278510.2967513,,,2025-07-23T13:49:38.156Z,,CT,LPN Full and Part Time-  3p-11p & 11p - 7aShift,
,,,,,https://jobs.apploi.com/view/1066910?utm_campaign=jobs_snippet&utm_source=Atlas_Healthcare-career-page&utm_medium=client-web-site&utm_term=apploi-snippet&_=1753278510.2968934,,,2025-07-23T13:49:38.156Z,,CT,"Unit Manager,  LPN/RN",
,,,,,https://jobs.apploi.com/view/1440471?utm_campaign=jobs_snippet&utm_source=Atlas_Healthcare-career-page&utm_medium=client-web-site&utm_term=apploi-snippet&_=1753278510.2970326,,,2025-07-23T13:49:38.156Z,,CT,Maintenance Tech,
,,,,,https://jobs.apploi.com/view/1191033?utm_campaign=jobs_snippet&utm_source=Atlas_Healthcare-career-page&utm_medium=client-web-site&utm_term=apploi-snippet&_=1753278510.2972972,,,2025-07-23T13:49:38.156Z,,CT,"LPN, LICENSED PRACTICAL NURSE, DAILY PAY, $5,000 SIGN ON BONUS",
,,,,,https://jobs.apploi.com/view/1425256?utm_campaign=jobs_snippet&utm_source=Atlas_Healthcare-career-page&utm_medium=client-web-site&utm_term=apploi-snippet&_=1753278510.297437,,,2025-07-23T13:49:38.156Z,,CT,LPN FT 7PM-7AM,
,,,,,https://jobs.apploi.com/view/1425016?utm_campaign=jobs_snippet&utm_source=Atlas_Healthcare-career-page&utm_medium=client-web-site&utm_term=apploi-snippet&_=1753278510.2975628,,,2025-07-23T13:49:38.156Z,,CT,Maintenance Tech Daily Pay,
,,,,,https://jobs.apploi.com/view/1214317?utm_campaign=jobs_snippet&utm_source=Atlas_Healthcare-career-page&utm_medium=client-web-site&utm_term=apploi-snippet&_=1753278510.2977,,,2025-07-23T13:49:38.156Z,,CT,Activity Aide Mon-Friday 12 PM to 8 PM Every Other Weekend,
,,,,,https://jobs.apploi.com/view/1203318?utm_campaign=jobs_snippet&utm_source=Atlas_Healthcare-career-page&utm_medium=client-web-site&utm_term=apploi-snippet&_=1753278510.2978354,,,2025-07-23T13:49:38.156Z,,CT,Housekeeping Aide (7a-3p & 10p-7p),
,,,,,https://jobs.apploi.com/view/1134297?utm_campaign=jobs_snippet&utm_source=Atlas_Healthcare-career-page&utm_medium=client-web-site&utm_term=apploi-snippet&_=1753278510.2979822,,,2025-07-23T13:49:38.156Z,,CT,RN/LPN Positions all shifts,
,,,,,https://jobs.apploi.com/view/1273073?utm_campaign=jobs_snippet&utm_source=Atlas_Healthcare-career-page&utm_medium=client-web-site&utm_term=apploi-snippet&_=1753278510.2981193,,,2025-07-23T13:49:38.156Z,,CT,Weekend Nursing Supervisor LPN/RN 7am - 3pm/ 3pm - 11pm *DAILYPAY*,
,,,,,https://jobs.apploi.com/view/1396914?utm_campaign=jobs_snippet&utm_source=Atlas_Healthcare-career-page&utm_medium=client-web-site&utm_term=apploi-snippet&_=1753278510.2982666,,,2025-07-23T13:49:38.156Z,,CT,Certified Nursing Aides (CNAs) DAILY PAY SIGN ON BONUS 7am - 3pm,
,,,,,https://jobs.apploi.com/view/970412?utm_campaign=jobs_snippet&utm_source=Atlas_Healthcare-career-page&utm_medium=client-web-site&utm_term=apploi-snippet&_=1753278510.2984326,,,2025-07-23T13:49:38.156Z,,CT,NURSING Supervisor-RN- Registered Nurse - 3-11 & 11-7- Full Time and Part Time,
,,,,,https://jobs.apploi.com/view/970358?utm_campaign=jobs_snippet&utm_source=Atlas_Healthcare-career-page&utm_medium=client-web-site&utm_term=apploi-snippet&_=1753278510.2985756,,,2025-07-23T13:49:38.156Z,,CT,"LPN, LICENSED PRACTICAL NURSE 3p-11p, and 11p-7a",
,,,,,https://jobs.apploi.com/view/936000?utm_campaign=jobs_snippet&utm_source=Atlas_Healthcare-career-page&utm_medium=client-web-site&utm_term=apploi-snippet&_=1753278510.2987094,,,2025-07-23T13:49:38.156Z,,CT,"Certified Nursing Assistant (CNA) SIGN ON BONUS, DAILY PAY",
,,,,,https://jobs.apploi.com/view/906029?utm_campaign=jobs_snippet&utm_source=Atlas_Healthcare-career-page&utm_medium=client-web-site&utm_term=apploi-snippet&_=1753278510.2989726,,,2025-07-23T13:49:38.156Z,,CT,Physical Therapy Assistant,
,,,,,https://jobs.apploi.com/view/942546?utm_campaign=jobs_snippet&utm_source=Atlas_Healthcare-career-page&utm_medium=client-web-site&utm_term=apploi-snippet&_=1753278510.299098,,,2025-07-23T13:49:38.156Z,,CT,Occupational Therapy Assistant,
,,,,,https://jobs.apploi.com/view/1343961?utm_campaign=jobs_snippet&utm_source=Atlas_Healthcare-career-page&utm_medium=client-web-site&utm_term=apploi-snippet&_=1753278510.299226,,,2025-07-23T13:49:38.156Z,,CT,"CERTIFIED NURSING ASSISTANT, CNA, SIGN ON BONUS, DAILY PAY, 11-7 SHIFT, weekends FREE MEDICAL INSURANCE",
,,,,,https://jobs.apploi.com/view/1343960?utm_campaign=jobs_snippet&utm_source=Atlas_Healthcare-career-page&utm_medium=client-web-site&utm_term=apploi-snippet&_=1753278510.2993712,,,2025-07-23T13:49:38.156Z,,CT,"CERTIFIED NURSING ASSISTANT, CNA, SIGN ON BONUS, DAILY PAY, 3-11 SHIFT, FREE MEDICAL INSURANCE",
,,,,,https://jobs.apploi.com/view/1393859?utm_campaign=jobs_snippet&utm_source=Atlas_Healthcare-career-page&utm_medium=client-web-site&utm_term=apploi-snippet&_=1753278510.2996335,,,2025-07-23T13:49:38.156Z,,CT,"CNA, CERTIFIED NURSING ASSISTANT, ALL SHIFTS, SIGN ON BONUS, DAILY PAY, TRANSPORTATION AND MEALS OFFERED",
,,,,,https://jobs.apploi.com/view/1069794?utm_campaign=jobs_snippet&utm_source=Atlas_Healthcare-career-page&utm_medium=client-web-site&utm_term=apploi-snippet&_=1753278510.2999117,,,2025-07-23T13:49:38.156Z,,CT,"Nurse Supervisor, 11 PM to 7 AM WEEKENDS, DAILY PAY, SIGN ON BONUS",
,,,,,https://jobs.apploi.com/view/1334101?utm_campaign=jobs_snippet&utm_source=Atlas_Healthcare-career-page&utm_medium=client-web-site&utm_term=apploi-snippet&_=1753278510.3000994,,,2025-07-23T13:49:38.156Z,,CT,"LPN, LICENSED PRACTICAL NURSE, 11-7 SHIFT, DAILY PAY, SIGN ON BONUS",
,,,,,https://jobs.apploi.com/view/1334099?utm_campaign=jobs_snippet&utm_source=Atlas_Healthcare-career-page&utm_medium=client-web-site&utm_term=apploi-snippet&_=1753278510.3002446,,,2025-07-23T13:49:38.156Z,,CT,"CNA, CERTIFIED NURSING ASSISTANT, 3-11 SHIFT, DAILY PAY, SIGN ON BONUS",
,,,,,https://jobs.apploi.com/view/1334100?utm_campaign=jobs_snippet&utm_source=Atlas_Healthcare-career-page&utm_medium=client-web-site&utm_term=apploi-snippet&_=1753278510.300384,,,2025-07-23T13:49:38.156Z,,CT,"CNA, CERTIFIED NURSING ASSISTANT, 11-7 SHIFT, DAILY PAY, SIGN ON BONUS",
,,,,,https://jobs.apploi.com/view/606859?utm_campaign=jobs_snippet&utm_source=Atlas_Healthcare-career-page&utm_medium=client-web-site&utm_term=apploi-snippet&_=1753278510.3005366,,,2025-07-23T13:49:38.156Z,,CT,"Certified Nursing Assistant, CNA, 7-3 SHIFT, SIGN ON BONUS AND DAILY PAY",
,,,,,https://jobs.apploi.com/view/1291413?utm_campaign=jobs_snippet&utm_source=Atlas_Healthcare-career-page&utm_medium=client-web-site&utm_term=apploi-snippet&_=1753278510.3007135,,,2025-07-23T13:49:38.156Z,,CT,"Unit Manager RN, Registered Nurse FOR LTC UNIT, $5,000 SIGN ON BONUS",
,,,,,https://jobs.apploi.com/view/1046118?utm_campaign=jobs_snippet&utm_source=Atlas_Healthcare-career-page&utm_medium=client-web-site&utm_term=apploi-snippet&_=1753278510.300875,,,2025-07-23T13:49:38.156Z,,CT,Certified Nursing Aides (CNAs) DAILY PAY,
,,,,,https://jobs.apploi.com/view/1016688?utm_campaign=jobs_snippet&utm_source=Atlas_Healthcare-career-page&utm_medium=client-web-site&utm_term=apploi-snippet&_=1753278510.3010042,,,2025-07-23T13:49:38.157Z,,CT,RN - Registered Nurse- 3-11p & 11p-7a,
,,,,,https://jobs.apploi.com/view/1343958?utm_campaign=jobs_snippet&utm_source=Atlas_Healthcare-career-page&utm_medium=client-web-site&utm_term=apploi-snippet&_=1753278510.301188,,,2025-07-23T13:49:38.157Z,,CT,"CERTIFIED NURSING ASSISTANT, CNA, $4,000 SIGN ON BONUS, DAILY PAY, 3-11 SHIFT",
,,,,,https://jobs.apploi.com/view/990156?utm_campaign=jobs_snippet&utm_source=Atlas_Healthcare-career-page&utm_medium=client-web-site&utm_term=apploi-snippet&_=1753278510.301391,,,2025-07-23T13:49:38.157Z,,CT,"CERTIFIED NURSING ASSISTANT, CNA, $4,000 SIGN ON BONUS, DAILY PAY, 7-3 SHIFT",
,,,,,https://jobs.apploi.com/view/834374?utm_campaign=jobs_snippet&utm_source=Atlas_Healthcare-career-page&utm_medium=client-web-site&utm_term=apploi-snippet&_=1753278510.3015606,,,2025-07-23T13:49:38.157Z,,CT,MDS Coordinator- RN,
,,,,,https://jobs.apploi.com/view/1273157?utm_campaign=jobs_snippet&utm_source=Atlas_Healthcare-career-page&utm_medium=client-web-site&utm_term=apploi-snippet&_=1753278510.3017483,,,2025-07-23T13:49:38.157Z,,CT,"RN $5,000 SIGN ON BONUS *DAILY PAY*",
,,,,,https://jobs.apploi.com/view/1306030?utm_campaign=jobs_snippet&utm_source=Atlas_Healthcare-career-page&utm_medium=client-web-site&utm_term=apploi-snippet&_=1753278510.301907,,,2025-07-23T13:49:38.157Z,,CT,LPN 7-3 Floor Nurse * Daily Pay * Weekends!,
,,,,,https://jobs.apploi.com/view/1299578?utm_campaign=jobs_snippet&utm_source=Atlas_Healthcare-career-page&utm_medium=client-web-site&utm_term=apploi-snippet&_=1753278510.3020515,,,2025-07-23T13:49:38.157Z,,CT,Activity aide *Daily Pay*,
,,,,,https://jobs.apploi.com/view/1049556?utm_campaign=jobs_snippet&utm_source=Atlas_Healthcare-career-page&utm_medium=client-web-site&utm_term=apploi-snippet&_=1753278510.3021872,,,2025-07-23T13:49:38.157Z,,CT,Weekend Nursing Supervisor (LPNs/RNs) 7-3 / 3-11 / 11-7,
,,,,,https://jobs.apploi.com/view/761998?utm_campaign=jobs_snippet&utm_source=Atlas_Healthcare-career-page&utm_medium=client-web-site&utm_term=apploi-snippet&_=1753278510.3023307,,,2025-07-23T13:49:38.157Z,,CT,"LPN, , 3:30pm- 11:30pm Weekends, Daily Pay $$",
,,,,,https://jobs.apploi.com/view/1318461?utm_campaign=jobs_snippet&utm_source=Atlas_Healthcare-career-page&utm_medium=client-web-site&utm_term=apploi-snippet&_=1753278510.3024967,,,2025-07-23T13:49:38.157Z,,CT,"LPN, LICENSED PRACTICAL NURSE, 4pm to 12pm FULL TIME, DAILY PAY, $3,500 SIGN ON BONUS",
,,,,,https://jobs.apploi.com/view/1361793?utm_campaign=jobs_snippet&utm_source=Atlas_Healthcare-career-page&utm_medium=client-web-site&utm_term=apploi-snippet&_=1753278510.302643,,,2025-07-23T13:49:38.157Z,,CT,FT ACTIVITY ASSISTANT,
,,,,,https://jobs.apploi.com/view/1096058?utm_campaign=jobs_snippet&utm_source=Atlas_Healthcare-career-page&utm_medium=client-web-site&utm_term=apploi-snippet&_=1753278510.3027768,,,2025-07-23T13:49:38.157Z,,CT,"LPN, RN, DAILY PAY SIGN ON BONUS",
,,,,,https://jobs.apploi.com/view/1322532?utm_campaign=jobs_snippet&utm_source=Atlas_Healthcare-career-page&utm_medium=client-web-site&utm_term=apploi-snippet&_=1753278510.302907,,,2025-07-23T13:49:38.157Z,,CT,"CNA, CERTIFIED NURSING ASSISTANT 7AM TO 3PM, DAILY PAY, $2,500 SIGN ON BONUS",
,,,,,https://jobs.apploi.com/view/1322534?utm_campaign=jobs_snippet&utm_source=Atlas_Healthcare-career-page&utm_medium=client-web-site&utm_term=apploi-snippet&_=1753278510.3030522,,,2025-07-23T13:49:38.157Z,,CT,"CNA, CERTIFIED NURSING ASSISTANT, 11 PM TO 7AM SHIFT, DAILY PAY, $2,500 SIGN ON BONUS",
,,,,,https://jobs.apploi.com/view/1322533?utm_campaign=jobs_snippet&utm_source=Atlas_Healthcare-career-page&utm_medium=client-web-site&utm_term=apploi-snippet&_=1753278510.3032029,,,2025-07-23T13:49:38.157Z,,CT,"CNA, CERTIFIED NURSING ASSISTANT, 3 TO 11 PM SHIFT, DAILY PAY, $2,500 SIGN ON BONUS",
,,,,,https://jobs.apploi.com/view/1044455?utm_campaign=jobs_snippet&utm_source=Atlas_Healthcare-career-page&utm_medium=client-web-site&utm_term=apploi-snippet&_=1753278510.3033502,,,2025-07-23T13:49:38.157Z,,CT,"CNA, CERTIFIED NURSING ASSISTANT 7-3, DAILY PAY, $4,000 SIGN ON BONUS",
,,,,,https://jobs.apploi.com/view/1304784?utm_campaign=jobs_snippet&utm_source=Atlas_Healthcare-career-page&utm_medium=client-web-site&utm_term=apploi-snippet&_=1753278510.3034976,,,2025-07-23T13:49:38.157Z,,CT,"CNA, CERTIFIED NURSING ASSISTANT 11-7, DAILY PAY, $4,000 SIGN ON BONUS",
,,,,,https://jobs.apploi.com/view/878585?utm_campaign=jobs_snippet&utm_source=Atlas_Healthcare-career-page&utm_medium=client-web-site&utm_term=apploi-snippet&_=1753278510.3037288,,,2025-07-23T13:49:38.157Z,,CT,"LPN, License Practical Nurse, $4,000 SIGN ON BONUS, DAILY PAY",
,,,,,https://jobs.apploi.com/view/1046182?utm_campaign=jobs_snippet&utm_source=Atlas_Healthcare-career-page&utm_medium=client-web-site&utm_term=apploi-snippet&_=1753278510.3038785,,,2025-07-23T13:49:38.157Z,,CT,Licensed Practical Nurse (LPN) DAILY PAY,
,,,,,https://jobs.apploi.com/view/1354941?utm_campaign=jobs_snippet&utm_source=Atlas_Healthcare-career-page&utm_medium=client-web-site&utm_term=apploi-snippet&_=1753278510.3040502,,,2025-07-23T13:49:38.157Z,,CT,"Social Worker LSW, CSW",
,,,,,https://jobs.apploi.com/view/1353466?utm_campaign=jobs_snippet&utm_source=Atlas_Healthcare-career-page&utm_medium=client-web-site&utm_term=apploi-snippet&_=1753278510.3041801,,,2025-07-23T13:49:38.157Z,,CT,"LPN, LICENSED PRACTICAL NURSE, 3-11 SHIFT, DAILY PAY, SIGN ON BONUS",
,,,,,https://jobs.apploi.com/view/1323208?utm_campaign=jobs_snippet&utm_source=Atlas_Healthcare-career-page&utm_medium=client-web-site&utm_term=apploi-snippet&_=1753278510.3043191,,,2025-07-23T13:49:38.157Z,,CT,"LPN, LICENSED PRACTICAL NURSE, 3-11 SHIFT, DAILY PAY, $3,500 SIGN ON BONUS",
,,,,,https://jobs.apploi.com/view/1343959?utm_campaign=jobs_snippet&utm_source=Atlas_Healthcare-career-page&utm_medium=client-web-site&utm_term=apploi-snippet&_=1753278510.304465,,,2025-07-23T13:49:38.157Z,,CT,"CERTIFIED NURSING ASSISTANT, CNA, $4,000 SIGN ON BONUS, DAILY PAY, 11-7 SHIFT",
,,,,,https://jobs.apploi.com/view/1341189?utm_campaign=jobs_snippet&utm_source=Atlas_Healthcare-career-page&utm_medium=client-web-site&utm_term=apploi-snippet&_=1753278510.3046193,,,2025-07-23T13:49:38.157Z,,CT,Smoke Aide,
,,,,,https://jobs.apploi.com/view/1309779?utm_campaign=jobs_snippet&utm_source=Atlas_Healthcare-career-page&utm_medium=client-web-site&utm_term=apploi-snippet&_=1753278510.3047497,,,2025-07-23T13:49:38.157Z,,CT,"RN, REGISTERED NURSE, SIGN ON BONUS AND DAILY PAY",
,,,,,https://jobs.apploi.com/view/590877?utm_campaign=jobs_snippet&utm_source=Atlas_Healthcare-career-page&utm_medium=client-web-site&utm_term=apploi-snippet&_=1753278510.304887,,,2025-07-23T13:49:38.157Z,,CT,"LPN, Licensed Practical Nurse, SIGN ON BONUS AND DAILY PAY, 12 HOUR SHIFTS",
,,,,,https://jobs.apploi.com/view/1123328?utm_campaign=jobs_snippet&utm_source=Atlas_Healthcare-career-page&utm_medium=client-web-site&utm_term=apploi-snippet&_=1753278510.3050296,,,2025-07-23T13:49:38.157Z,,CT,"LPN, LICENSED PRACTICAL NURSE, 3-11 EVENING SHIFT, SIGN ON BONUS, DAILY PAY",
,,,,,https://jobs.apploi.com/view/680371?utm_campaign=jobs_snippet&utm_source=Atlas_Healthcare-career-page&utm_medium=client-web-site&utm_term=apploi-snippet&_=1753278510.3051732,,,2025-07-23T13:49:38.157Z,,CT,"LPN/RN, DAILY PAY, FREE MEDICAL INSURANCE, SIGN ON BONUS",
,,,,,https://jobs.apploi.com/view/1323212?utm_campaign=jobs_snippet&utm_source=Atlas_Healthcare-career-page&utm_medium=client-web-site&utm_term=apploi-snippet&_=1753278510.305311,,,2025-07-23T13:49:38.157Z,,CT,"LPN, LICENSED PRACTICAL NURSE PART TIME",
,,,,,https://jobs.apploi.com/view/1316286?utm_campaign=jobs_snippet&utm_source=Atlas_Healthcare-career-page&utm_medium=client-web-site&utm_term=apploi-snippet&_=1753278510.3054442,,,2025-07-23T13:49:38.157Z,,CT,"RN 11-7 NURSING SUPERVISOR **5,000 SIGN ON BONUS & DAILY PAY**",
,,,,,https://jobs.apploi.com/view/633944?utm_campaign=jobs_snippet&utm_source=Atlas_Healthcare-career-page&utm_medium=client-web-site&utm_term=apploi-snippet&_=1753278510.3058956,,,2025-07-23T13:49:38.157Z,,CT,Registered Nurse Supervisor (RN) Weekends NEW HIGHER RATES!,
,,,,,,,,2025-07-23T13:49:38.220Z,,CT,"Competitive
Salary",
,,,,,,,,2025-07-23T13:49:38.220Z,,CT,"Atlas at Woodbury Country Club, NJ",
,,,,,,,,2025-07-23T13:49:38.232Z,,CT,Our mission,
,,,,,,,,2025-07-23T13:49:38.232Z,,CT,Good Times at Atlas,
,,,,,https://jobs.apploi.com/view/1566951?utm_campaign=jobs_snippet&utm_source=athena-health-care-associates-career-page&utm_medium=client-web-site&utm_term=apploi-snippet&_=1753278816.3330367,,,2025-07-23T13:53:45.561Z,,CT,Homemaker,
,,,,,https://jobs.apploi.com/view/1337184?utm_campaign=jobs_snippet&utm_source=athena-health-care-associates-career-page&utm_medium=client-web-site&utm_term=apploi-snippet&_=1753278816.3332975,,,2025-07-23T13:53:45.561Z,,CT,Resident Care Coordinator Assistant (RCCA),
,,,,,https://jobs.apploi.com/view/1338447?utm_campaign=jobs_snippet&utm_source=athena-health-care-associates-career-page&utm_medium=client-web-site&utm_term=apploi-snippet&_=1753278816.3333905,,,2025-07-23T13:53:45.561Z,,CT,Nursing Scheduler,
,,,,,https://jobs.apploi.com/view/1336586?utm_campaign=jobs_snippet&utm_source=athena-health-care-associates-career-page&utm_medium=client-web-site&utm_term=apploi-snippet&_=1753278816.3334777,,,2025-07-23T13:53:45.561Z,,CT,Nursing Home Cook,
,,,,,https://jobs.apploi.com/view/1566394?utm_campaign=jobs_snippet&utm_source=athena-health-care-associates-career-page&utm_medium=client-web-site&utm_term=apploi-snippet&_=1753278816.3335683,,,2025-07-23T13:53:45.561Z,,CT,Hospice CNA,
,,,,,https://jobs.apploi.com/view/1361395?utm_campaign=jobs_snippet&utm_source=athena-health-care-associates-career-page&utm_medium=client-web-site&utm_term=apploi-snippet&_=1753278816.333738,,,2025-07-23T13:53:45.561Z,,CT,Accounts Receivable Assistant,
,,,,,https://jobs.apploi.com/view/1563264?utm_campaign=jobs_snippet&utm_source=athena-health-care-associates-career-page&utm_medium=client-web-site&utm_term=apploi-snippet&_=1753278816.3344116,,,2025-07-23T13:53:45.561Z,,CT,Senior Regional Director of Nursing,
,,,,,https://jobs.apploi.com/view/1562868?utm_campaign=jobs_snippet&utm_source=athena-health-care-associates-career-page&utm_medium=client-web-site&utm_term=apploi-snippet&_=1753278816.3350606,,,2025-07-23T13:53:45.561Z,,CT,Regional Clinical Reimbursement Specialist,
,,,,,https://jobs.apploi.com/view/1337365?utm_campaign=jobs_snippet&utm_source=athena-health-care-associates-career-page&utm_medium=client-web-site&utm_term=apploi-snippet&_=1753278816.335313,,,2025-07-23T13:53:45.562Z,,CT,MDS Director,
,,,,,https://jobs.apploi.com/view/1338245?utm_campaign=jobs_snippet&utm_source=athena-health-care-associates-career-page&utm_medium=client-web-site&utm_term=apploi-snippet&_=1753278816.3353968,,,2025-07-23T13:53:45.562Z,,CT,Director of Nursing Services,
,,,,,https://jobs.apploi.com/view/1338131?utm_campaign=jobs_snippet&utm_source=athena-health-care-associates-career-page&utm_medium=client-web-site&utm_term=apploi-snippet&_=1753278816.33548,,,2025-07-23T13:53:45.562Z,,CT,Baylor RN Nursing Supervisor,
,,,,,https://jobs.apploi.com/view/1338246?utm_campaign=jobs_snippet&utm_source=athena-health-care-associates-career-page&utm_medium=client-web-site&utm_term=apploi-snippet&_=1753278816.3360267,,,2025-07-23T13:53:45.566Z,,CT,Director of Physical Plant,
,,,,,https://jobs.apploi.com/view/1557754?utm_campaign=jobs_snippet&utm_source=athena-health-care-associates-career-page&utm_medium=client-web-site&utm_term=apploi-snippet&_=1753278816.3361847,,,2025-07-23T13:53:45.566Z,,CT,Hospice Registered Nurse (RN),
,,,,,https://jobs.apploi.com/view/1336591?utm_campaign=jobs_snippet&utm_source=athena-health-care-associates-career-page&utm_medium=client-web-site&utm_term=apploi-snippet&_=1753278816.336538,,,2025-07-23T13:53:45.566Z,,CT,Housekeeping Director,
,,,,,https://jobs.apploi.com/view/1336771?utm_campaign=jobs_snippet&utm_source=athena-health-care-associates-career-page&utm_medium=client-web-site&utm_term=apploi-snippet&_=1753278816.3370426,,,2025-07-23T13:53:45.566Z,,CT,Assistant Director of Nursing (ADNS),
,,,,,https://jobs.apploi.com/view/1338152?utm_campaign=jobs_snippet&utm_source=athena-health-care-associates-career-page&utm_medium=client-web-site&utm_term=apploi-snippet&_=1753278816.3372943,,,2025-07-23T13:53:45.566Z,,CT,Therapeutic Recreation Director (TRD),
,,,,,https://jobs.apploi.com/view/1554140?utm_campaign=jobs_snippet&utm_source=athena-health-care-associates-career-page&utm_medium=client-web-site&utm_term=apploi-snippet&_=1753278816.3373783,,,2025-07-23T13:53:45.566Z,,CT,Weekend On Call Registered Nurse,
,,,,,https://jobs.apploi.com/view/1554135?utm_campaign=jobs_snippet&utm_source=athena-health-care-associates-career-page&utm_medium=client-web-site&utm_term=apploi-snippet&_=1753278816.3374634,,,2025-07-23T13:53:45.566Z,,CT,On Call Hospice Registered Nurse,
,,,,,https://jobs.apploi.com/view/1337085?utm_campaign=jobs_snippet&utm_source=athena-health-care-associates-career-page&utm_medium=client-web-site&utm_term=apploi-snippet&_=1753278816.337547,,,2025-07-23T13:53:45.566Z,,CT,Licensed Nursing Home Administrator,
,,,,,https://jobs.apploi.com/view/1337030?utm_campaign=jobs_snippet&utm_source=athena-health-care-associates-career-page&utm_medium=client-web-site&utm_term=apploi-snippet&_=1753278816.3376331,,,2025-07-23T13:53:45.566Z,,CT,Certified Occupational Therapy Assistant (COTA),
,,,,,https://jobs.apploi.com/view/1553055?utm_campaign=jobs_snippet&utm_source=athena-health-care-associates-career-page&utm_medium=client-web-site&utm_term=apploi-snippet&_=1753278816.3379672,,,2025-07-23T13:53:45.566Z,,CT,Director of Nursing Practices,
,,,,,https://jobs.apploi.com/view/1553042?utm_campaign=jobs_snippet&utm_source=athena-health-care-associates-career-page&utm_medium=client-web-site&utm_term=apploi-snippet&_=1753278816.3384297,,,2025-07-23T13:53:45.566Z,,CT,Director of Clinical Services,
,,,,,https://jobs.apploi.com/view/1552156?utm_campaign=jobs_snippet&utm_source=athena-health-care-associates-career-page&utm_medium=client-web-site&utm_term=apploi-snippet&_=1753278816.3388927,,,2025-07-23T13:53:45.566Z,,CT,Regional Director of Nursing,
,,,,,https://jobs.apploi.com/view/1551059?utm_campaign=jobs_snippet&utm_source=athena-health-care-associates-career-page&utm_medium=client-web-site&utm_term=apploi-snippet&_=1753278816.3389862,,,2025-07-23T13:53:45.566Z,,CT,Hospice Licensed Practical Nurse (LPN),
,,,,,https://jobs.apploi.com/view/1338593?utm_campaign=jobs_snippet&utm_source=athena-health-care-associates-career-page&utm_medium=client-web-site&utm_term=apploi-snippet&_=1753278816.3390746,,,2025-07-23T13:53:45.566Z,,CT,Smoking Attendant,
,,,,,https://jobs.apploi.com/view/1336644?utm_campaign=jobs_snippet&utm_source=athena-health-care-associates-career-page&utm_medium=client-web-site&utm_term=apploi-snippet&_=1753278816.339158,,,2025-07-23T13:53:45.566Z,,CT,Business Office Manager,
,,,,,https://jobs.apploi.com/view/1338581?utm_campaign=jobs_snippet&utm_source=athena-health-care-associates-career-page&utm_medium=client-web-site&utm_term=apploi-snippet&_=1753278816.3395014,,,2025-07-23T13:53:45.566Z,,CT,Floor Washer/Porter,
,,,,,https://jobs.apploi.com/view/1337296?utm_campaign=jobs_snippet&utm_source=athena-health-care-associates-career-page&utm_medium=client-web-site&utm_term=apploi-snippet&_=1753278816.3396955,,,2025-07-23T13:53:45.566Z,,CT,Laundry Assistant,
,,,,,https://jobs.apploi.com/view/1336878?utm_campaign=jobs_snippet&utm_source=athena-health-care-associates-career-page&utm_medium=client-web-site&utm_term=apploi-snippet&_=1753278816.3401847,,,2025-07-23T13:53:45.567Z,,CT,Speech Therapist,
,,,,,https://jobs.apploi.com/view/1336543?utm_campaign=jobs_snippet&utm_source=athena-health-care-associates-career-page&utm_medium=client-web-site&utm_term=apploi-snippet&_=1753278816.3402703,,,2025-07-23T13:53:45.567Z,,CT,Nursing Supervisor,
,,,,,https://jobs.apploi.com/view/1541658?utm_campaign=jobs_snippet&utm_source=athena-health-care-associates-career-page&utm_medium=client-web-site&utm_term=apploi-snippet&_=1753278816.3408532,,,2025-07-23T13:53:45.567Z,,CT,Regional Licensed Nursing Home Administrator,
,,,,,https://jobs.apploi.com/view/1338068?utm_campaign=jobs_snippet&utm_source=athena-health-care-associates-career-page&utm_medium=client-web-site&utm_term=apploi-snippet&_=1753278816.3410213,,,2025-07-23T13:53:45.567Z,,CT,RN Nursing Supervisor,
,,,,,https://jobs.apploi.com/view/1539600?utm_campaign=jobs_snippet&utm_source=athena-health-care-associates-career-page&utm_medium=client-web-site&utm_term=apploi-snippet&_=1753278816.3412697,,,2025-07-23T13:53:45.567Z,,CT,Hospice Chaplain,
,,,,,https://jobs.apploi.com/view/1338501?utm_campaign=jobs_snippet&utm_source=athena-health-care-associates-career-page&utm_medium=client-web-site&utm_term=apploi-snippet&_=1753278816.34156,,,2025-07-23T13:53:45.567Z,,CT,Nursing Staff Development Director,
,,,,,https://jobs.apploi.com/view/1337686?utm_campaign=jobs_snippet&utm_source=athena-health-care-associates-career-page&utm_medium=client-web-site&utm_term=apploi-snippet&_=1753278816.3430333,,,2025-07-23T13:53:45.567Z,,CT,Memory Care Program Coordinator,
,,,,,https://jobs.apploi.com/view/1534932?utm_campaign=jobs_snippet&utm_source=athena-health-care-associates-career-page&utm_medium=client-web-site&utm_term=apploi-snippet&_=1753278816.343242,,,2025-07-23T13:53:45.567Z,,CT,Float Registered Dietitian,
,,,,,https://jobs.apploi.com/view/1354872?utm_campaign=jobs_snippet&utm_source=athena-health-care-associates-career-page&utm_medium=client-web-site&utm_term=apploi-snippet&_=1753278816.343509,,,2025-07-23T13:53:45.567Z,,CT,Companion II,
,,,,,https://jobs.apploi.com/view/1533732?utm_campaign=jobs_snippet&utm_source=athena-health-care-associates-career-page&utm_medium=client-web-site&utm_term=apploi-snippet&_=1753278816.3437588,,,2025-07-23T13:53:45.567Z,,CT,Quality Improvement Nurse,
,,,,,https://jobs.apploi.com/view/1336610?utm_campaign=jobs_snippet&utm_source=athena-health-care-associates-career-page&utm_medium=client-web-site&utm_term=apploi-snippet&_=1753278816.3439238,,,2025-07-23T13:53:45.567Z,,CT,Physical Therapist Assistant (PTA),
,,,,,https://jobs.apploi.com/view/1525543?utm_campaign=jobs_snippet&utm_source=athena-health-care-associates-career-page&utm_medium=client-web-site&utm_term=apploi-snippet&_=1753278816.3442867,,,2025-07-23T13:53:45.567Z,,CT,Baylor Nursing Supervisor,
,,,,,https://jobs.apploi.com/view/1337518?utm_campaign=jobs_snippet&utm_source=athena-health-care-associates-career-page&utm_medium=client-web-site&utm_term=apploi-snippet&_=1753278816.344452,,,2025-07-23T13:53:45.567Z,,CT,Weekend Nursing Unit Manager,
,,,,,https://jobs.apploi.com/view/1473407?utm_campaign=jobs_snippet&utm_source=athena-health-care-associates-career-page&utm_medium=client-web-site&utm_term=apploi-snippet&_=1753278816.3479426,,,2025-07-23T13:53:45.571Z,,CT,Hospice Executive Director,
,,,,,https://jobs.apploi.com/view/1507344?utm_campaign=jobs_snippet&utm_source=athena-health-care-associates-career-page&utm_medium=client-web-site&utm_term=apploi-snippet&_=1753278816.3482683,,,2025-07-23T13:53:45.571Z,,CT,Graduate Nurse,
,,,,,https://jobs.apploi.com/view/1452978?utm_campaign=jobs_snippet&utm_source=athena-health-care-associates-career-page&utm_medium=client-web-site&utm_term=apploi-snippet&_=1753278816.3509285,,,2025-07-23T13:53:45.571Z,,CT,Student Nurse,
,,,,,https://jobs.apploi.com/view/1474637?utm_campaign=jobs_snippet&utm_source=athena-health-care-associates-career-page&utm_medium=client-web-site&utm_term=apploi-snippet&_=1753278816.354264,,,2025-07-23T13:53:45.572Z,,CT,Float Physical Therapist,
,,,,,https://jobs.apploi.com/view/1474631?utm_campaign=jobs_snippet&utm_source=athena-health-care-associates-career-page&utm_medium=client-web-site&utm_term=apploi-snippet&_=1753278816.3543463,,,2025-07-23T13:53:45.572Z,,CT,Float Speech Therapist,
,,,,,https://jobs.apploi.com/view/1474628?utm_campaign=jobs_snippet&utm_source=athena-health-care-associates-career-page&utm_medium=client-web-site&utm_term=apploi-snippet&_=1753278816.354452,,,2025-07-23T13:53:45.572Z,,CT,Float Occupational Therapist,
,,,,,https://jobs.apploi.com/view/1337497?utm_campaign=jobs_snippet&utm_source=athena-health-care-associates-career-page&utm_medium=client-web-site&utm_term=apploi-snippet&_=1753278816.354535,,,2025-07-23T13:53:45.572Z,,CT,Weekend Nursing Supervisor,
,,,,,,,,2025-07-23T13:53:45.619Z,,CT,Benefits & Perks,
,,,,,https://athenahealthcare.com/careers/,,,2025-07-23T13:53:45.628Z,,CT,Athena Corporate Compliance Statement,
,,,,,,,,2025-07-23T13:53:45.648Z,,CT,Athena's Culture,
,,,,,,,,2025-07-23T13:53:45.648Z,,CT,Growing Your Career,
,,,,,,,,2025-07-23T13:53:45.648Z,,CT,New Employee Orientation,
,,,,,,,,2025-07-23T13:53:45.648Z,,CT,Diversity,
